summary,start,end,categories,description,zones
Début d'une nouvelle décennie,2000-01-01,,Dates spéciales,Le 1er janvier 2000 ouvre la décennie 2000–2009.,
Jour de l'an,2000-01-01,,Jours fériés,Premier jour de l'année civile grégorienne. La tradition des vœux existe depuis l'Antiquité romaine. Le gui porte-bonheur vient d'une coutume druidique bien antérieure au christianisme.,
Nouvelle Lune,2000-01-06,,Astronomie|Lunaire,La face de la Lune tournée vers la Terre n'est pas éclairée — elle est invisible dans le ciel.,
Épiphanie,2000-01-06,,Christianisme|Culture|Gastronomie,"Célèbre la visite des Rois Mages à Jésus, 12 jours après Noël.",
Premier Quartier,2000-01-14,,Astronomie|Lunaire,La moitié droite de la Lune est éclairée. Mi-chemin entre la Nouvelle Lune et la Pleine Lune.,
Pleine Lune,2000-01-21,,Astronomie|Lunaire,La face de la Lune est entièrement éclairée par le Soleil.,
Journée internationale de l'Éducation,2000-01-24,,Éducation|Société,Proclamée par l'ONU en 2019.,
Journée nationale de la Mémoire de la Shoah,2000-01-27,,Mémoire|Société,Commémore la libération du camp d'Auschwitz le 27 janvier 1945.,
Dernier Quartier,2000-01-28,,Astronomie|Lunaire,Phase lunaire : Dernier Quartier.,
Chandeleur,2000-02-02,,Culture|Christianisme|Gastronomie,"Fête de la Présentation de Jésus au Temple, 40 jours après Noël.",
Journée mondiale des zones humides,2000-02-02,,Environnement,Commémore la Convention de Ramsar signée le 2 février 1971.,
Journée mondiale contre le cancer,2000-02-04,,Santé,Initiée par l'Union Internationale Contre le Cancer depuis 2000.,
Nouvelle Lune,2000-02-05,,Astronomie|Lunaire,La face de la Lune tournée vers la Terre n'est pas éclairée — elle est invisible dans le ciel.,
Premier Quartier,2000-02-13,,Astronomie|Lunaire,La moitié droite de la Lune est éclairée. Mi-chemin entre la Nouvelle Lune et la Pleine Lune.,
Saint-Valentin,2000-02-14,,Fêtes|Culture,Fête des amoureux le 14 février.,
Pleine Lune,2000-02-19,,Astronomie|Lunaire,La face de la Lune est entièrement éclairée par le Soleil.,
Salon de l'Agriculture — Ouverture,2000-02-26,,Gastronomie|Agriculture|Culture,Le Salon International de l'Agriculture se tient chaque fin février à Paris.,
Dernier Quartier,2000-02-27,,Astronomie|Lunaire,Phase lunaire : Dernier Quartier.,
Jour supplémentaire (année bissextile),2000-02-29,,Dates spéciales,"Une année solaire dure 365,2422 jours. 2000 est l'une des années rares à 366 jours.",
Fête des Grands-Mères,2000-03-05,,Fêtes|Culture,Créée en 1987 par la marque de café Grand'Mère.,
Nouvelle Lune,2000-03-06,,Astronomie|Lunaire,La face de la Lune tournée vers la Terre n'est pas éclairée — elle est invisible dans le ciel.,
Mardi Gras,2000-03-07,,Christianisme|Culture|Fêtes,"Dernier jour avant le Carême, où la tradition voulait qu'on fasse bombance avant l'abstinence.",
Début du Carême,2000-03-08,,Christianisme,"Le Carême commence le Mercredi des Cendres, 46 jours avant Pâques.",
Journée internationale des femmes,2000-03-08,,Société,Issue des luttes ouvrières du début du XXe siècle en Europe et aux États-Unis.,
Premier Quartier,2000-03-13,,Astronomie|Lunaire,La moitié droite de la Lune est éclairée. Mi-chemin entre la Nouvelle Lune et la Pleine Lune.,
Saint-Patrick,2000-03-17,,Culture|Fêtes,"Fête nationale irlandaise le 17 mars, commémorant la mort de saint Patrick (461).",
Début du Printemps — Équinoxe de printemps,2000-03-20,,Saisons|Astronomie,L'équinoxe de printemps marque le début astronomique du printemps.,
Pleine Lune,2000-03-20,,Astronomie|Lunaire,La face de la Lune est entièrement éclairée par le Soleil.,
Journée nationale de lutte contre les discriminations,2000-03-21,,Société,Créée par l'ONU en 1966 en mémoire du massacre de Sharpeville.,
Journée mondiale de l'eau,2000-03-22,,Environnement|Société,Proclamée par l'ONU en 1993.,
Passage à l'heure d'été,2000-03-26,,Changement d'heure,"Dans la nuit du samedi au dimanche, les montres avancent d'une heure (2h → 3h).",
Dernier Quartier,2000-03-28,,Astronomie|Lunaire,Phase lunaire : Dernier Quartier.,
Poisson d'avril,2000-04-01,,Culture,Journée des farces et des canulars.,
Nouvelle Lune,2000-04-04,,Astronomie|Lunaire,La face de la Lune tournée vers la Terre n'est pas éclairée — elle est invisible dans le ciel.,
Journée mondiale de la Santé,2000-04-07,,Santé,Commémore la fondation de l'OMS le 7 avril 1948.,
Premier Quartier,2000-04-11,,Astronomie|Lunaire,La moitié droite de la Lune est éclairée. Mi-chemin entre la Nouvelle Lune et la Pleine Lune.,
Dimanche des Rameaux,2000-04-16,,Christianisme,Ouvre la Semaine Sainte en rappelant l'entrée triomphale de Jésus à Jérusalem.,
Pleine Lune,2000-04-18,,Astronomie|Lunaire,La face de la Lune est entièrement éclairée par le Soleil.,
Vendredi Saint,2000-04-21,,Jours fériés|Christianisme,"Commémore la crucifixion du Christ. Jour férié uniquement en Alsace-Moselle (départements 57, 67, 68) en vertu du régime concordataire.",AM
Vendredi Saint,2000-04-21,,Christianisme,Commémore la crucifixion du Christ. Non férié en France depuis la loi de 1905 — sauf en Alsace-Moselle.,
Jour de la Terre,2000-04-22,,Environnement|Société,Né le 22 avril 1970 après une marée noire en Californie.,
Pâques,2000-04-23,,Christianisme,Fête chrétienne célébrant la résurrection du Christ. Sa date varie chaque année car elle suit le calendrier lunaire.,
Lundi de Pâques,2000-04-24,,Jours fériés|Christianisme,"Jour férié qui prolonge le dimanche de Pâques. La tradition des œufs vient du Carême : l'Église interdisait d'en manger pendant 40 jours, on offrait donc à Pâques ceux accumulés.",
Dernier Quartier,2000-04-26,,Astronomie|Lunaire,Phase lunaire : Dernier Quartier.,
Fête du Travail,2000-05-01,,Jours fériés|Société,"Commémore la grève de Chicago du 1er mai 1886 pour les 8 heures de travail, réprimée dans le sang. Férié et chômé en France depuis 1947. La tradition d'offrir du muguet vient d'une coutume de Charles IX datant de 1561.",
Nouvelle Lune,2000-05-04,,Astronomie|Lunaire,La face de la Lune tournée vers la Terre n'est pas éclairée — elle est invisible dans le ciel.,
Fête de la Victoire 1945,2000-05-08,,Jours fériés,"Le 8 mai 1945, l'Allemagne nazie signe sa capitulation sans condition, mettant fin à la guerre en Europe. Férié depuis 1953, supprimé par Giscard en 1975, puis rétabli par Mitterrand en 1981.",
Abolition de l'esclavage en France — Commémoration,2000-05-10,,Mémoire|Société,Journée nationale instaurée par la loi Taubira de 2001.,
Premier Quartier,2000-05-10,,Astronomie|Lunaire,La moitié droite de la Lune est éclairée. Mi-chemin entre la Nouvelle Lune et la Pleine Lune.,
Festival de Cannes — Ouverture,2000-05-14,,Culture|Cinéma,"Le Festival International du Film de Cannes, créé en 1946.",
Pleine Lune,2000-05-18,,Astronomie|Lunaire,La face de la Lune est entièrement éclairée par le Soleil.,
Nuit des Musées,2000-05-20,,Culture,Créée en France en 2005 et étendue à toute l'Europe.,
Journée mondiale de la biodiversité,2000-05-22,,Environnement,Commémore l'adoption de la Convention sur la Diversité Biologique à Rio.,
Dernier Quartier,2000-05-26,,Astronomie|Lunaire,Phase lunaire : Dernier Quartier.,
Fête des Voisins,2000-05-26,,Société,Créée en 2000 pour lutter contre l'isolement urbain.,
Journée nationale de la Résistance,2000-05-27,,Mémoire|Société,"Le 27 mai 1943, Jean Moulin préside la première réunion secrète du CNR.",
Fête des Mères,2000-05-28,,Fêtes|Culture,"Célébrée le dernier dimanche de mai, sauf si c'est la Pentecôte.",
Journée mondiale sans tabac,2000-05-31,,Santé,Lancée par l'OMS en 1987.,
Ascension,2000-06-01,,Jours fériés|Christianisme,"Fête chrétienne commémorant la montée du Christ au ciel, 40 jours après Pâques. Toujours un jeudi, ce qui en fait naturellement un pont avec le vendredi.",
Nouvelle Lune,2000-06-02,,Astronomie|Lunaire,La face de la Lune tournée vers la Terre n'est pas éclairée — elle est invisible dans le ciel.,
Pont possible — Ascension,2000-06-02,,Ponts / Congés,Ascension tombe un jeudi le 01/06/2000. Le vendredi 02/06/2000 est un pont potentiel — vérifiez auprès de votre employeur.,
Débarquement en Normandie — Commémoration du Jour J,2000-06-06,,Mémoire|Dates spéciales,"Le 6 juin 1944, 156 000 soldats alliés débarquent sur les plages de Normandie.",
Journée mondiale de l'océan,2000-06-08,,Environnement,Proposée lors du Sommet de la Terre de Rio en 1992.,
Premier Quartier,2000-06-09,,Astronomie|Lunaire,La moitié droite de la Lune est éclairée. Mi-chemin entre la Nouvelle Lune et la Pleine Lune.,
Pentecôte,2000-06-11,,Christianisme,"Célèbre la descente de l'Esprit Saint sur les apôtres, 50 jours après Pâques.",
Lundi de Pentecôte,2000-06-12,,Jours fériés|Christianisme,"Jour férié désigné depuis 2004 Journée de solidarité envers les personnes âgées. Les salariés travaillent ce jour sans rémunération supplémentaire, finançant ainsi la prise en charge de la dépendance — instauré après la canicule de 2003 qui fit 15 000 morts en France.",
Pleine Lune,2000-06-17,,Astronomie|Lunaire,La face de la Lune est entièrement éclairée par le Soleil.,
Appel du 18 juin 1940 — Anniversaire,2000-06-18,,Mémoire|Dates spéciales,"Le 18 juin 1940, de Gaulle lance depuis Londres un appel à la Résistance sur la BBC.",
Fête des Pères,2000-06-18,,Fêtes|Culture,"Née aux États-Unis en 1910, introduite en France dans les années 1950.",
Début de l'Été — Solstice d'été,2000-06-21,,Saisons|Astronomie,Le solstice d'été est le jour le plus long de l'année.,
Fête de la Musique,2000-06-21,,Culture|Fêtes,Créée en 1982 par le ministre Jack Lang.,
Jour le plus long de l'année,2000-06-21,,Saisons|Astronomie,Le 21 June est le jour le plus long de l'année 2000.,
Dernier Quartier,2000-06-25,,Astronomie|Lunaire,Phase lunaire : Dernier Quartier.,
Fête du Cinéma,2000-06-25,,Culture|Cinéma,"Créée en 1985, elle propose chaque fin juin des places à tarif réduit.",
Milieu de l'année,2000-07-01,,Dates spéciales,Ce jour marque le point médian exact de l'année 2000.,
Nouvelle Lune,2000-07-01,,Astronomie|Lunaire,La face de la Lune tournée vers la Terre n'est pas éclairée — elle est invisible dans le ciel.,
Festival d'Avignon — Ouverture,2000-07-05,,Culture|Théâtre,Créé par Jean Vilar en 1947 dans la cour du Palais des Papes.,
Premier Quartier,2000-07-08,,Astronomie|Lunaire,La moitié droite de la Lune est éclairée. Mi-chemin entre la Nouvelle Lune et la Pleine Lune.,
Commémoration de la Rafle du Vél d'Hiv,2000-07-09,,Mémoire|Société,"Les 16-17 juillet 1942, la police française arrêta 13 152 Juifs à Paris.",
Fête Nationale,2000-07-14,,Jours fériés|Société|Dates spéciales,Commémore la prise de la Bastille le 14 juillet 1789.,
Fête nationale,2000-07-14,,Jours fériés,"Commémore la prise de la Bastille le 14 juillet 1789, symbole de la Révolution française. Jour férié depuis 1880. Défilé militaire sur les Champs-Élysées, bals des pompiers et feux d'artifice dans toute la France.",
Pleine Lune,2000-07-16,,Astronomie|Lunaire,La face de la Lune est entièrement éclairée par le Soleil.,
Dernier Quartier,2000-07-24,,Astronomie|Lunaire,Phase lunaire : Dernier Quartier.,
Nouvelle Lune,2000-07-31,,Astronomie|Lunaire,La face de la Lune tournée vers la Terre n'est pas éclairée — elle est invisible dans le ciel.,
Nuit des Étoiles,2000-08-05,,Astronomie|Éducation|Culture,Organisée chaque premier week-end d'août par l'Association Française d'Astronomie depuis 1991.,
Premier Quartier,2000-08-07,,Astronomie|Lunaire,La moitié droite de la Lune est éclairée. Mi-chemin entre la Nouvelle Lune et la Pleine Lune.,
Pont possible — Assomption,2000-08-14,,Ponts / Congés,Assomption tombe un mardi le 15/08/2000. Le lundi 14/08/2000 est un pont potentiel — vérifiez auprès de votre employeur.,
Assomption,2000-08-15,,Jours fériés,"Célèbre l'élévation de la Vierge Marie au ciel. Fête chrétienne ancienne, jour férié en France depuis le Concordat de 1802. Elle tombe en plein cœur de l'été, au milieu des grandes vacances.",
Assomption de Marie,2000-08-15,,Christianisme|Jours fériés,Célèbre l'élévation de la Vierge Marie au ciel.,
Pleine Lune,2000-08-15,,Astronomie|Lunaire,La face de la Lune est entièrement éclairée par le Soleil.,
Dernier Quartier,2000-08-22,,Astronomie|Lunaire,Phase lunaire : Dernier Quartier.,
Nouvelle Lune,2000-08-29,,Astronomie|Lunaire,La face de la Lune tournée vers la Terre n'est pas éclairée — elle est invisible dans le ciel.,
Braderie de Lille,2000-09-02,,Culture|Commerce,"Plus grande braderie d'Europe, organisée le premier week-end de septembre à Lille.",
Rentrée des classes,2000-09-02,,Éducation|Société,La rentrée de septembre mobilise 12 millions d'élèves et 870 000 enseignants en France.,
Premier Quartier,2000-09-05,,Astronomie|Lunaire,La moitié droite de la Lune est éclairée. Mi-chemin entre la Nouvelle Lune et la Pleine Lune.,
Pleine Lune,2000-09-13,,Astronomie|Lunaire,La face de la Lune est entièrement éclairée par le Soleil.,
Journées du Patrimoine,2000-09-16,,Culture|Société,"Créées en France en 1984 par Jack Lang, étendues à toute l'Europe en 1991.",
Dernier Quartier,2000-09-21,,Astronomie|Lunaire,Phase lunaire : Dernier Quartier.,
Début de l'Automne — Équinoxe d'automne,2000-09-22,,Saisons|Astronomie,L'équinoxe d'automne marque le début de l'automne.,
Journée mondiale sans voiture,2000-09-22,,Environnement|Société,Lancée en France en 1998 par La Rochelle.,
Nouvelle Lune,2000-09-27,,Astronomie|Lunaire,La face de la Lune tournée vers la Terre n'est pas éclairée — elle est invisible dans le ciel.,
Fête des Grands-Pères,2000-10-01,,Fêtes|Culture,"Créée en 2008, elle a lieu chaque premier dimanche d'octobre.",
Journée mondiale du cacao et du chocolat,2000-10-01,,Gastronomie|Culture,Célébrée le 1er octobre et associée à l'Organisation internationale du cacao (ICCO).,
Lancement d'Octobre Rose,2000-10-01,,Santé,Tout octobre est dédié à la sensibilisation au cancer du sein.,
Premier Quartier,2000-10-05,,Astronomie|Lunaire,La moitié droite de la Lune est éclairée. Mi-chemin entre la Nouvelle Lune et la Pleine Lune.,
Nuit Blanche,2000-10-07,,Culture,Initiée à Paris en 2002 par le maire Bertrand Delanoë.,
Semaine du Goût,2000-10-09,,Gastronomie|Culture,Créée en 1990 par le chef Joël Robuchon.,
Journée mondiale de la santé mentale,2000-10-10,,Santé|Société,Créée par la Fédération Mondiale pour la Santé Mentale en 1992.,
Pleine Lune,2000-10-13,,Astronomie|Lunaire,La face de la Lune est entièrement éclairée par le Soleil.,
Journée mondiale de l'alimentation,2000-10-16,,Gastronomie|Société|Santé,Commémore la fondation de la FAO le 16 octobre 1945.,
Dernier Quartier,2000-10-20,,Astronomie|Lunaire,Phase lunaire : Dernier Quartier.,
Nouvelle Lune,2000-10-27,,Astronomie|Lunaire,La face de la Lune tournée vers la Terre n'est pas éclairée — elle est invisible dans le ciel.,
Passage à l'heure d'hiver,2000-10-29,,Changement d'heure,"Dans la nuit du samedi au dimanche, les montres reculent d'une heure (3h → 2h).",
Halloween,2000-10-31,,Culture|Fêtes,Fête d'origine celtique (la nuit de Samain) christianisée puis popularisée par la diaspora irlandaise.,
Lancement du Mois sans Tabac,2000-11-01,,Santé,Lancé en France en 2016 par Santé Publique France.,
Toussaint,2000-11-01,,Jours fériés|Christianisme,"Fête de tous les saints, instituée par le pape Grégoire IV en 835. En France, la tradition de fleurir les tombes avec des chrysanthèmes s'est greffée dessus — ces fleurs sont désormais intimement liées à ce jour.",
Journée nationale de l'arbre,2000-11-02,,Environnement,Célébrée chaque premier jeudi de novembre.,
Premier Quartier,2000-11-04,,Astronomie|Lunaire,La moitié droite de la Lune est éclairée. Mi-chemin entre la Nouvelle Lune et la Pleine Lune.,
Armistice 1918,2000-11-11,,Jours fériés,"Le 11 novembre 1918 à 11h, l'armistice met fin à la Première Guerre mondiale après quatre ans de combats. Jour férié depuis 1922. Chaque commune française a son monument aux morts — 36 000 érigés entre 1920 et 1925.",
Armistice de 1918 — Journée du Souvenir,2000-11-11,,Jours fériés|Mémoire|Dates spéciales,"Le 11 novembre 1918 à 11h, l'armistice met fin à la Première Guerre mondiale.",
Pleine Lune,2000-11-11,,Astronomie|Lunaire,La face de la Lune est entièrement éclairée par le Soleil.,
Beaujolais Nouveau,2000-11-16,,Gastronomie|Culture|Commercial,"Chaque troisième jeudi de novembre, le Beaujolais Nouveau est mis en vente.",
Dernier Quartier,2000-11-18,,Astronomie|Lunaire,Phase lunaire : Dernier Quartier.,
Journée internationale des droits de l'enfant,2000-11-20,,Société,Commémore l'adoption de la Convention des Nations Unies relative aux droits de l'enfant.,
Nouvelle Lune,2000-11-26,,Astronomie|Lunaire,La face de la Lune tournée vers la Terre n'est pas éclairée — elle est invisible dans le ciel.,
Fête de la Bretagne,2000-11-30,,Culture|Société,Célébrée le 30 novembre (Saint-André) depuis les années 1990.,
Journée mondiale des personnes handicapées,2000-12-03,,Société,Instaurée par l'ONU en 1992.,
Premier Quartier,2000-12-04,,Astronomie|Lunaire,La moitié droite de la Lune est éclairée. Mi-chemin entre la Nouvelle Lune et la Pleine Lune.,
Journée mondiale du Bénévolat,2000-12-05,,Société,Créée par l'ONU en 1985.,
Saint-Nicolas,2000-12-06,,Christianisme|Culture|Fêtes,"Fête de Nicolas de Myre, évêque du IVe siècle devenu patron des enfants.",
Journée de la Laïcité,2000-12-09,,Société|Dates spéciales,Commémore la loi du 9 décembre 1905 séparant les Églises de l'État.,
Pleine Lune,2000-12-11,,Astronomie|Lunaire,La face de la Lune est entièrement éclairée par le Soleil.,
Dernier Quartier,2000-12-18,,Astronomie|Lunaire,Phase lunaire : Dernier Quartier.,
Début de l'Hiver — Solstice d'hiver,2000-12-21,,Saisons|Astronomie,Le solstice d'hiver est le jour le plus court de l'année.,
Jour le plus court de l'année,2000-12-21,,Saisons|Astronomie,Le 21 December est le jour le plus court de l'année 2000.,
Nouvelle Lune,2000-12-25,,Astronomie|Lunaire,La face de la Lune tournée vers la Terre n'est pas éclairée — elle est invisible dans le ciel.,
Noël,2000-12-25,,Jours fériés|Christianisme|Fêtes,"Célèbre la naissance du Christ. La date du 25 décembre a été fixée au IVe siècle sur une fête solaire romaine préexistante. Le sapin, la bûche et les cadeaux sont des traditions popularisées bien plus tard, au XIXe siècle.",
Saint-Étienne,2000-12-26,,Jours fériés|Christianisme,"Le 26 décembre est férié uniquement en Alsace-Moselle (depts 57, 67, 68). Fête de saint Étienne, premier martyr chrétien.",AM
Dernier jour de l'année,2000-12-31,,Dates spéciales,Clôture de l'année civile 2000.,
Fin d'un siècle,2000-12-31,,Dates spéciales,Le 31 décembre 2000 clôture le XXe siècle.,
Saint-Sylvestre / Réveillon du Nouvel An,2000-12-31,,Fêtes|Culture,"Dernier jour de l'année, nommé d'après le pape Sylvestre Ier mort ce jour en 335.",
Début d'un nouveau siècle,2001-01-01,,Dates spéciales,Le 1er janvier 2001 ouvre le XXIe siècle.,
Jour de l'an,2001-01-01,,Jours fériés,Premier jour de l'année civile grégorienne. La tradition des vœux existe depuis l'Antiquité romaine. Le gui porte-bonheur vient d'une coutume druidique bien antérieure au christianisme.,
Premier Quartier,2001-01-02,,Astronomie|Lunaire,La moitié droite de la Lune est éclairée. Mi-chemin entre la Nouvelle Lune et la Pleine Lune.,
Épiphanie,2001-01-06,,Christianisme|Culture|Gastronomie,"Célèbre la visite des Rois Mages à Jésus, 12 jours après Noël.",
Pleine Lune,2001-01-09,,Astronomie|Lunaire,La face de la Lune est entièrement éclairée par le Soleil.,
Dernier Quartier,2001-01-16,,Astronomie|Lunaire,Phase lunaire : Dernier Quartier.,
Journée internationale de l'Éducation,2001-01-24,,Éducation|Société,Proclamée par l'ONU en 2019.,
Nouvelle Lune,2001-01-24,,Astronomie|Lunaire,La face de la Lune tournée vers la Terre n'est pas éclairée — elle est invisible dans le ciel.,
Journée nationale de la Mémoire de la Shoah,2001-01-27,,Mémoire|Société,Commémore la libération du camp d'Auschwitz le 27 janvier 1945.,
Premier Quartier,2001-02-01,,Astronomie|Lunaire,La moitié droite de la Lune est éclairée. Mi-chemin entre la Nouvelle Lune et la Pleine Lune.,
Chandeleur,2001-02-02,,Culture|Christianisme|Gastronomie,"Fête de la Présentation de Jésus au Temple, 40 jours après Noël.",
Journée mondiale des zones humides,2001-02-02,,Environnement,Commémore la Convention de Ramsar signée le 2 février 1971.,
Journée mondiale contre le cancer,2001-02-04,,Santé,Initiée par l'Union Internationale Contre le Cancer depuis 2000.,
Pleine Lune,2001-02-08,,Astronomie|Lunaire,La face de la Lune est entièrement éclairée par le Soleil.,
Date palindrome,2001-02-10,,Dates spéciales,La date du 10/02/2001 se lit de la même façon dans les deux sens (10022001).,
Saint-Valentin,2001-02-14,,Fêtes|Culture,Fête des amoureux le 14 février.,
Dernier Quartier,2001-02-15,,Astronomie|Lunaire,Phase lunaire : Dernier Quartier.,
Nouvelle Lune,2001-02-23,,Astronomie|Lunaire,La face de la Lune tournée vers la Terre n'est pas éclairée — elle est invisible dans le ciel.,
Salon de l'Agriculture — Ouverture,2001-02-24,,Gastronomie|Agriculture|Culture,Le Salon International de l'Agriculture se tient chaque fin février à Paris.,
Mardi Gras,2001-02-27,,Christianisme|Culture|Fêtes,"Dernier jour avant le Carême, où la tradition voulait qu'on fasse bombance avant l'abstinence.",
Début du Carême,2001-02-28,,Christianisme,"Le Carême commence le Mercredi des Cendres, 46 jours avant Pâques.",
Premier Quartier,2001-03-03,,Astronomie|Lunaire,La moitié droite de la Lune est éclairée. Mi-chemin entre la Nouvelle Lune et la Pleine Lune.,
Fête des Grands-Mères,2001-03-04,,Fêtes|Culture,Créée en 1987 par la marque de café Grand'Mère.,
Journée internationale des femmes,2001-03-08,,Société,Issue des luttes ouvrières du début du XXe siècle en Europe et aux États-Unis.,
Pleine Lune,2001-03-09,,Astronomie|Lunaire,La face de la Lune est entièrement éclairée par le Soleil.,
Dernier Quartier,2001-03-16,,Astronomie|Lunaire,Phase lunaire : Dernier Quartier.,
Saint-Patrick,2001-03-17,,Culture|Fêtes,"Fête nationale irlandaise le 17 mars, commémorant la mort de saint Patrick (461).",
Début du Printemps — Équinoxe de printemps,2001-03-20,,Saisons|Astronomie,L'équinoxe de printemps marque le début astronomique du printemps.,
Journée nationale de lutte contre les discriminations,2001-03-21,,Société,Créée par l'ONU en 1966 en mémoire du massacre de Sharpeville.,
Journée mondiale de l'eau,2001-03-22,,Environnement|Société,Proclamée par l'ONU en 1993.,
Nouvelle Lune,2001-03-25,,Astronomie|Lunaire,La face de la Lune tournée vers la Terre n'est pas éclairée — elle est invisible dans le ciel.,
Passage à l'heure d'été,2001-03-25,,Changement d'heure,"Dans la nuit du samedi au dimanche, les montres avancent d'une heure (2h → 3h).",
Poisson d'avril,2001-04-01,,Culture,Journée des farces et des canulars.,
Premier Quartier,2001-04-01,,Astronomie|Lunaire,La moitié droite de la Lune est éclairée. Mi-chemin entre la Nouvelle Lune et la Pleine Lune.,
Journée mondiale de la Santé,2001-04-07,,Santé,Commémore la fondation de l'OMS le 7 avril 1948.,
Dimanche des Rameaux,2001-04-08,,Christianisme,Ouvre la Semaine Sainte en rappelant l'entrée triomphale de Jésus à Jérusalem.,
Pleine Lune,2001-04-08,,Astronomie|Lunaire,La face de la Lune est entièrement éclairée par le Soleil.,
Vendredi Saint,2001-04-13,,Jours fériés|Christianisme,"Commémore la crucifixion du Christ. Jour férié uniquement en Alsace-Moselle (départements 57, 67, 68) en vertu du régime concordataire.",AM
Vendredi Saint,2001-04-13,,Christianisme,Commémore la crucifixion du Christ. Non férié en France depuis la loi de 1905 — sauf en Alsace-Moselle.,
Dernier Quartier,2001-04-15,,Astronomie|Lunaire,Phase lunaire : Dernier Quartier.,
Pâques,2001-04-15,,Christianisme,Fête chrétienne célébrant la résurrection du Christ. Sa date varie chaque année car elle suit le calendrier lunaire.,
Lundi de Pâques,2001-04-16,,Jours fériés|Christianisme,"Jour férié qui prolonge le dimanche de Pâques. La tradition des œufs vient du Carême : l'Église interdisait d'en manger pendant 40 jours, on offrait donc à Pâques ceux accumulés.",
Jour de la Terre,2001-04-22,,Environnement|Société,Né le 22 avril 1970 après une marée noire en Californie.,
Nouvelle Lune,2001-04-23,,Astronomie|Lunaire,La face de la Lune tournée vers la Terre n'est pas éclairée — elle est invisible dans le ciel.,
Pont possible — Fête du Travail,2001-04-30,,Ponts / Congés,Fête du Travail tombe un mardi le 01/05/2001. Le lundi 30/04/2001 est un pont potentiel — vérifiez auprès de votre employeur.,
Premier Quartier,2001-04-30,,Astronomie|Lunaire,La moitié droite de la Lune est éclairée. Mi-chemin entre la Nouvelle Lune et la Pleine Lune.,
Fête du Travail,2001-05-01,,Jours fériés|Société,"Commémore la grève de Chicago du 1er mai 1886 pour les 8 heures de travail, réprimée dans le sang. Férié et chômé en France depuis 1947. La tradition d'offrir du muguet vient d'une coutume de Charles IX datant de 1561.",
Pleine Lune,2001-05-07,,Astronomie|Lunaire,La face de la Lune est entièrement éclairée par le Soleil.,
Pont possible — Fête de la Victoire,2001-05-07,,Ponts / Congés,Fête de la Victoire tombe un mardi le 08/05/2001. Le lundi 07/05/2001 est un pont potentiel — vérifiez auprès de votre employeur.,
Fête de la Victoire 1945,2001-05-08,,Jours fériés,"Le 8 mai 1945, l'Allemagne nazie signe sa capitulation sans condition, mettant fin à la guerre en Europe. Férié depuis 1953, supprimé par Giscard en 1975, puis rétabli par Mitterrand en 1981.",
Abolition de l'esclavage en France — Commémoration,2001-05-10,,Mémoire|Société,Journée nationale instaurée par la loi Taubira de 2001.,
Festival de Cannes — Ouverture,2001-05-14,,Culture|Cinéma,"Le Festival International du Film de Cannes, créé en 1946.",
Dernier Quartier,2001-05-15,,Astronomie|Lunaire,Phase lunaire : Dernier Quartier.,
Nuit des Musées,2001-05-19,,Culture,Créée en France en 2005 et étendue à toute l'Europe.,
Journée mondiale de la biodiversité,2001-05-22,,Environnement,Commémore l'adoption de la Convention sur la Diversité Biologique à Rio.,
Nouvelle Lune,2001-05-23,,Astronomie|Lunaire,La face de la Lune tournée vers la Terre n'est pas éclairée — elle est invisible dans le ciel.,
Ascension,2001-05-24,,Jours fériés|Christianisme,"Fête chrétienne commémorant la montée du Christ au ciel, 40 jours après Pâques. Toujours un jeudi, ce qui en fait naturellement un pont avec le vendredi.",
Fête des Voisins,2001-05-25,,Société,Créée en 2000 pour lutter contre l'isolement urbain.,
Pont possible — Ascension,2001-05-25,,Ponts / Congés,Ascension tombe un jeudi le 24/05/2001. Le vendredi 25/05/2001 est un pont potentiel — vérifiez auprès de votre employeur.,
Fête des Mères,2001-05-27,,Fêtes|Culture,"Célébrée le dernier dimanche de mai, sauf si c'est la Pentecôte.",
Journée nationale de la Résistance,2001-05-27,,Mémoire|Société,"Le 27 mai 1943, Jean Moulin préside la première réunion secrète du CNR.",
Premier Quartier,2001-05-30,,Astronomie|Lunaire,La moitié droite de la Lune est éclairée. Mi-chemin entre la Nouvelle Lune et la Pleine Lune.,
Journée mondiale sans tabac,2001-05-31,,Santé,Lancée par l'OMS en 1987.,
Pentecôte,2001-06-03,,Christianisme,"Célèbre la descente de l'Esprit Saint sur les apôtres, 50 jours après Pâques.",
Lundi de Pentecôte,2001-06-04,,Jours fériés|Christianisme,"Jour férié désigné depuis 2004 Journée de solidarité envers les personnes âgées. Les salariés travaillent ce jour sans rémunération supplémentaire, finançant ainsi la prise en charge de la dépendance — instauré après la canicule de 2003 qui fit 15 000 morts en France.",
Débarquement en Normandie — Commémoration du Jour J,2001-06-06,,Mémoire|Dates spéciales,"Le 6 juin 1944, 156 000 soldats alliés débarquent sur les plages de Normandie.",
Pleine Lune,2001-06-06,,Astronomie|Lunaire,La face de la Lune est entièrement éclairée par le Soleil.,
Journée mondiale de l'océan,2001-06-08,,Environnement,Proposée lors du Sommet de la Terre de Rio en 1992.,
Dernier Quartier,2001-06-14,,Astronomie|Lunaire,Phase lunaire : Dernier Quartier.,
Fête des Pères,2001-06-17,,Fêtes|Culture,"Née aux États-Unis en 1910, introduite en France dans les années 1950.",
Appel du 18 juin 1940 — Anniversaire,2001-06-18,,Mémoire|Dates spéciales,"Le 18 juin 1940, de Gaulle lance depuis Londres un appel à la Résistance sur la BBC.",
Début de l'Été — Solstice d'été,2001-06-21,,Saisons|Astronomie,Le solstice d'été est le jour le plus long de l'année.,
Fête de la Musique,2001-06-21,,Culture|Fêtes,Créée en 1982 par le ministre Jack Lang.,
Jour le plus long de l'année,2001-06-21,,Saisons|Astronomie,Le 21 June est le jour le plus long de l'année 2001.,
Nouvelle Lune,2001-06-21,,Astronomie|Lunaire,La face de la Lune tournée vers la Terre n'est pas éclairée — elle est invisible dans le ciel.,
Fête du Cinéma,2001-06-24,,Culture|Cinéma,"Créée en 1985, elle propose chaque fin juin des places à tarif réduit.",
Premier Quartier,2001-06-28,,Astronomie|Lunaire,La moitié droite de la Lune est éclairée. Mi-chemin entre la Nouvelle Lune et la Pleine Lune.,
Milieu de l'année,2001-07-02,,Dates spéciales,Ce jour marque le point médian exact de l'année 2001.,
Festival d'Avignon — Ouverture,2001-07-05,,Culture|Théâtre,Créé par Jean Vilar en 1947 dans la cour du Palais des Papes.,
Pleine Lune,2001-07-05,,Astronomie|Lunaire,La face de la Lune est entièrement éclairée par le Soleil.,
Commémoration de la Rafle du Vél d'Hiv,2001-07-08,,Mémoire|Société,"Les 16-17 juillet 1942, la police française arrêta 13 152 Juifs à Paris.",
Dernier Quartier,2001-07-13,,Astronomie|Lunaire,Phase lunaire : Dernier Quartier.,
Fête Nationale,2001-07-14,,Jours fériés|Société|Dates spéciales,Commémore la prise de la Bastille le 14 juillet 1789.,
Fête nationale,2001-07-14,,Jours fériés,"Commémore la prise de la Bastille le 14 juillet 1789, symbole de la Révolution française. Jour férié depuis 1880. Défilé militaire sur les Champs-Élysées, bals des pompiers et feux d'artifice dans toute la France.",
Nouvelle Lune,2001-07-20,,Astronomie|Lunaire,La face de la Lune tournée vers la Terre n'est pas éclairée — elle est invisible dans le ciel.,
Premier Quartier,2001-07-27,,Astronomie|Lunaire,La moitié droite de la Lune est éclairée. Mi-chemin entre la Nouvelle Lune et la Pleine Lune.,
Nuit des Étoiles,2001-08-04,,Astronomie|Éducation|Culture,Organisée chaque premier week-end d'août par l'Association Française d'Astronomie depuis 1991.,
Pleine Lune,2001-08-04,,Astronomie|Lunaire,La face de la Lune est entièrement éclairée par le Soleil.,
Dernier Quartier,2001-08-12,,Astronomie|Lunaire,Phase lunaire : Dernier Quartier.,
Assomption,2001-08-15,,Jours fériés,"Célèbre l'élévation de la Vierge Marie au ciel. Fête chrétienne ancienne, jour férié en France depuis le Concordat de 1802. Elle tombe en plein cœur de l'été, au milieu des grandes vacances.",
Assomption de Marie,2001-08-15,,Christianisme|Jours fériés,Célèbre l'élévation de la Vierge Marie au ciel.,
Nouvelle Lune,2001-08-19,,Astronomie|Lunaire,La face de la Lune tournée vers la Terre n'est pas éclairée — elle est invisible dans le ciel.,
Premier Quartier,2001-08-25,,Astronomie|Lunaire,La moitié droite de la Lune est éclairée. Mi-chemin entre la Nouvelle Lune et la Pleine Lune.,
Braderie de Lille,2001-09-01,,Culture|Commerce,"Plus grande braderie d'Europe, organisée le premier week-end de septembre à Lille.",
Pleine Lune,2001-09-02,,Astronomie|Lunaire,La face de la Lune est entièrement éclairée par le Soleil.,
Rentrée des classes,2001-09-02,,Éducation|Société,La rentrée de septembre mobilise 12 millions d'élèves et 870 000 enseignants en France.,
Dernier Quartier,2001-09-10,,Astronomie|Lunaire,Phase lunaire : Dernier Quartier.,
Journées du Patrimoine,2001-09-15,,Culture|Société,"Créées en France en 1984 par Jack Lang, étendues à toute l'Europe en 1991.",
Nouvelle Lune,2001-09-17,,Astronomie|Lunaire,La face de la Lune tournée vers la Terre n'est pas éclairée — elle est invisible dans le ciel.,
Début de l'Automne — Équinoxe d'automne,2001-09-22,,Saisons|Astronomie,L'équinoxe d'automne marque le début de l'automne.,
Journée mondiale sans voiture,2001-09-22,,Environnement|Société,Lancée en France en 1998 par La Rochelle.,
Premier Quartier,2001-09-24,,Astronomie|Lunaire,La moitié droite de la Lune est éclairée. Mi-chemin entre la Nouvelle Lune et la Pleine Lune.,
Journée mondiale du cacao et du chocolat,2001-10-01,,Gastronomie|Culture,Célébrée le 1er octobre et associée à l'Organisation internationale du cacao (ICCO).,
Lancement d'Octobre Rose,2001-10-01,,Santé,Tout octobre est dédié à la sensibilisation au cancer du sein.,
Pleine Lune,2001-10-02,,Astronomie|Lunaire,La face de la Lune est entièrement éclairée par le Soleil.,
Nuit Blanche,2001-10-06,,Culture,Initiée à Paris en 2002 par le maire Bertrand Delanoë.,
Fête des Grands-Pères,2001-10-07,,Fêtes|Culture,"Créée en 2008, elle a lieu chaque premier dimanche d'octobre.",
Semaine du Goût,2001-10-08,,Gastronomie|Culture,Créée en 1990 par le chef Joël Robuchon.,
Dernier Quartier,2001-10-10,,Astronomie|Lunaire,Phase lunaire : Dernier Quartier.,
Journée mondiale de la santé mentale,2001-10-10,,Santé|Société,Créée par la Fédération Mondiale pour la Santé Mentale en 1992.,
Journée mondiale de l'alimentation,2001-10-16,,Gastronomie|Société|Santé,Commémore la fondation de la FAO le 16 octobre 1945.,
Nouvelle Lune,2001-10-16,,Astronomie|Lunaire,La face de la Lune tournée vers la Terre n'est pas éclairée — elle est invisible dans le ciel.,
Premier Quartier,2001-10-24,,Astronomie|Lunaire,La moitié droite de la Lune est éclairée. Mi-chemin entre la Nouvelle Lune et la Pleine Lune.,
Passage à l'heure d'hiver,2001-10-28,,Changement d'heure,"Dans la nuit du samedi au dimanche, les montres reculent d'une heure (3h → 2h).",
Halloween,2001-10-31,,Culture|Fêtes,Fête d'origine celtique (la nuit de Samain) christianisée puis popularisée par la diaspora irlandaise.,
Journée nationale de l'arbre,2001-11-01,,Environnement,Célébrée chaque premier jeudi de novembre.,
Lancement du Mois sans Tabac,2001-11-01,,Santé,Lancé en France en 2016 par Santé Publique France.,
Pleine Lune,2001-11-01,,Astronomie|Lunaire,La face de la Lune est entièrement éclairée par le Soleil.,
Toussaint,2001-11-01,,Jours fériés|Christianisme,"Fête de tous les saints, instituée par le pape Grégoire IV en 835. En France, la tradition de fleurir les tombes avec des chrysanthèmes s'est greffée dessus — ces fleurs sont désormais intimement liées à ce jour.",
Pont possible — Toussaint,2001-11-02,,Ponts / Congés,Toussaint tombe un jeudi le 01/11/2001. Le vendredi 02/11/2001 est un pont potentiel — vérifiez auprès de votre employeur.,
Dernier Quartier,2001-11-08,,Astronomie|Lunaire,Phase lunaire : Dernier Quartier.,
Armistice 1918,2001-11-11,,Jours fériés,"Le 11 novembre 1918 à 11h, l'armistice met fin à la Première Guerre mondiale après quatre ans de combats. Jour férié depuis 1922. Chaque commune française a son monument aux morts — 36 000 érigés entre 1920 et 1925.",
Armistice de 1918 — Journée du Souvenir,2001-11-11,,Jours fériés|Mémoire|Dates spéciales,"Le 11 novembre 1918 à 11h, l'armistice met fin à la Première Guerre mondiale.",
Beaujolais Nouveau,2001-11-15,,Gastronomie|Culture|Commercial,"Chaque troisième jeudi de novembre, le Beaujolais Nouveau est mis en vente.",
Nouvelle Lune,2001-11-15,,Astronomie|Lunaire,La face de la Lune tournée vers la Terre n'est pas éclairée — elle est invisible dans le ciel.,
Journée internationale des droits de l'enfant,2001-11-20,,Société,Commémore l'adoption de la Convention des Nations Unies relative aux droits de l'enfant.,
Premier Quartier,2001-11-23,,Astronomie|Lunaire,La moitié droite de la Lune est éclairée. Mi-chemin entre la Nouvelle Lune et la Pleine Lune.,
Fête de la Bretagne,2001-11-30,,Culture|Société,Célébrée le 30 novembre (Saint-André) depuis les années 1990.,
Pleine Lune,2001-11-30,,Astronomie|Lunaire,La face de la Lune est entièrement éclairée par le Soleil.,
Journée mondiale des personnes handicapées,2001-12-03,,Société,Instaurée par l'ONU en 1992.,
Journée mondiale du Bénévolat,2001-12-05,,Société,Créée par l'ONU en 1985.,
Saint-Nicolas,2001-12-06,,Christianisme|Culture|Fêtes,"Fête de Nicolas de Myre, évêque du IVe siècle devenu patron des enfants.",
Dernier Quartier,2001-12-07,,Astronomie|Lunaire,Phase lunaire : Dernier Quartier.,
Journée de la Laïcité,2001-12-09,,Société|Dates spéciales,Commémore la loi du 9 décembre 1905 séparant les Églises de l'État.,
Nouvelle Lune,2001-12-14,,Astronomie|Lunaire,La face de la Lune tournée vers la Terre n'est pas éclairée — elle est invisible dans le ciel.,
Début de l'Hiver — Solstice d'hiver,2001-12-21,,Saisons|Astronomie,Le solstice d'hiver est le jour le plus court de l'année.,
Jour le plus court de l'année,2001-12-21,,Saisons|Astronomie,Le 21 December est le jour le plus court de l'année 2001.,
Premier Quartier,2001-12-22,,Astronomie|Lunaire,La moitié droite de la Lune est éclairée. Mi-chemin entre la Nouvelle Lune et la Pleine Lune.,
Pont possible — Noël,2001-12-24,,Ponts / Congés,Noël tombe un mardi le 25/12/2001. Le lundi 24/12/2001 est un pont potentiel — vérifiez auprès de votre employeur.,
Noël,2001-12-25,,Jours fériés|Christianisme|Fêtes,"Célèbre la naissance du Christ. La date du 25 décembre a été fixée au IVe siècle sur une fête solaire romaine préexistante. Le sapin, la bûche et les cadeaux sont des traditions popularisées bien plus tard, au XIXe siècle.",
Saint-Étienne,2001-12-26,,Jours fériés|Christianisme,"Le 26 décembre est férié uniquement en Alsace-Moselle (depts 57, 67, 68). Fête de saint Étienne, premier martyr chrétien.",AM
Pleine Lune,2001-12-30,,Astronomie|Lunaire,La face de la Lune est entièrement éclairée par le Soleil.,
Dernier jour de l'année,2001-12-31,,Dates spéciales,Clôture de l'année civile 2001.,
Pont possible — Jour de l'an,2001-12-31,,Ponts / Congés,Jour de l'an tombe un mardi le 01/01/2002. Le lundi 31/12/2001 est un pont potentiel — vérifiez auprès de votre employeur.,
Saint-Sylvestre / Réveillon du Nouvel An,2001-12-31,,Fêtes|Culture,"Dernier jour de l'année, nommé d'après le pape Sylvestre Ier mort ce jour en 335.",
Jour de l'an,2002-01-01,,Jours fériés,Premier jour de l'année civile grégorienne. La tradition des vœux existe depuis l'Antiquité romaine. Le gui porte-bonheur vient d'une coutume druidique bien antérieure au christianisme.,
Dernier Quartier,2002-01-06,,Astronomie|Lunaire,Phase lunaire : Dernier Quartier.,
Épiphanie,2002-01-06,,Christianisme|Culture|Gastronomie,"Célèbre la visite des Rois Mages à Jésus, 12 jours après Noël.",
Nouvelle Lune,2002-01-13,,Astronomie|Lunaire,La face de la Lune tournée vers la Terre n'est pas éclairée — elle est invisible dans le ciel.,
Premier Quartier,2002-01-21,,Astronomie|Lunaire,La moitié droite de la Lune est éclairée. Mi-chemin entre la Nouvelle Lune et la Pleine Lune.,
Journée internationale de l'Éducation,2002-01-24,,Éducation|Société,Proclamée par l'ONU en 2019.,
Journée nationale de la Mémoire de la Shoah,2002-01-27,,Mémoire|Société,Commémore la libération du camp d'Auschwitz le 27 janvier 1945.,
Pleine Lune,2002-01-28,,Astronomie|Lunaire,La face de la Lune est entièrement éclairée par le Soleil.,
Chandeleur,2002-02-02,,Culture|Christianisme|Gastronomie,"Fête de la Présentation de Jésus au Temple, 40 jours après Noël.",
Journée mondiale des zones humides,2002-02-02,,Environnement,Commémore la Convention de Ramsar signée le 2 février 1971.,
Dernier Quartier,2002-02-04,,Astronomie|Lunaire,Phase lunaire : Dernier Quartier.,
Journée mondiale contre le cancer,2002-02-04,,Santé,Initiée par l'Union Internationale Contre le Cancer depuis 2000.,
Mardi Gras,2002-02-12,,Christianisme|Culture|Fêtes,"Dernier jour avant le Carême, où la tradition voulait qu'on fasse bombance avant l'abstinence.",
Nouvelle Lune,2002-02-12,,Astronomie|Lunaire,La face de la Lune tournée vers la Terre n'est pas éclairée — elle est invisible dans le ciel.,
Début du Carême,2002-02-13,,Christianisme,"Le Carême commence le Mercredi des Cendres, 46 jours avant Pâques.",
Saint-Valentin,2002-02-14,,Fêtes|Culture,Fête des amoureux le 14 février.,
Date palindrome,2002-02-20,,Dates spéciales,La date du 20/02/2002 se lit de la même façon dans les deux sens (20022002).,
Premier Quartier,2002-02-20,,Astronomie|Lunaire,La moitié droite de la Lune est éclairée. Mi-chemin entre la Nouvelle Lune et la Pleine Lune.,
Salon de l'Agriculture — Ouverture,2002-02-23,,Gastronomie|Agriculture|Culture,Le Salon International de l'Agriculture se tient chaque fin février à Paris.,
Pleine Lune,2002-02-27,,Astronomie|Lunaire,La face de la Lune est entièrement éclairée par le Soleil.,
Fête des Grands-Mères,2002-03-03,,Fêtes|Culture,Créée en 1987 par la marque de café Grand'Mère.,
Dernier Quartier,2002-03-06,,Astronomie|Lunaire,Phase lunaire : Dernier Quartier.,
Journée internationale des femmes,2002-03-08,,Société,Issue des luttes ouvrières du début du XXe siècle en Europe et aux États-Unis.,
Nouvelle Lune,2002-03-14,,Astronomie|Lunaire,La face de la Lune tournée vers la Terre n'est pas éclairée — elle est invisible dans le ciel.,
Saint-Patrick,2002-03-17,,Culture|Fêtes,"Fête nationale irlandaise le 17 mars, commémorant la mort de saint Patrick (461).",
Début du Printemps — Équinoxe de printemps,2002-03-20,,Saisons|Astronomie,L'équinoxe de printemps marque le début astronomique du printemps.,
Journée nationale de lutte contre les discriminations,2002-03-21,,Société,Créée par l'ONU en 1966 en mémoire du massacre de Sharpeville.,
Journée mondiale de l'eau,2002-03-22,,Environnement|Société,Proclamée par l'ONU en 1993.,
Premier Quartier,2002-03-22,,Astronomie|Lunaire,La moitié droite de la Lune est éclairée. Mi-chemin entre la Nouvelle Lune et la Pleine Lune.,
Dimanche des Rameaux,2002-03-24,,Christianisme,Ouvre la Semaine Sainte en rappelant l'entrée triomphale de Jésus à Jérusalem.,
Pleine Lune,2002-03-28,,Astronomie|Lunaire,La face de la Lune est entièrement éclairée par le Soleil.,
Vendredi Saint,2002-03-29,,Jours fériés|Christianisme,"Commémore la crucifixion du Christ. Jour férié uniquement en Alsace-Moselle (départements 57, 67, 68) en vertu du régime concordataire.",AM
Vendredi Saint,2002-03-29,,Christianisme,Commémore la crucifixion du Christ. Non férié en France depuis la loi de 1905 — sauf en Alsace-Moselle.,
Passage à l'heure d'été,2002-03-31,,Changement d'heure,"Dans la nuit du samedi au dimanche, les montres avancent d'une heure (2h → 3h).",
Pâques,2002-03-31,,Christianisme,Fête chrétienne célébrant la résurrection du Christ. Sa date varie chaque année car elle suit le calendrier lunaire.,
Lundi de Pâques,2002-04-01,,Jours fériés|Christianisme,"Jour férié qui prolonge le dimanche de Pâques. La tradition des œufs vient du Carême : l'Église interdisait d'en manger pendant 40 jours, on offrait donc à Pâques ceux accumulés.",
Poisson d'avril,2002-04-01,,Culture,Journée des farces et des canulars.,
Dernier Quartier,2002-04-04,,Astronomie|Lunaire,Phase lunaire : Dernier Quartier.,
Journée mondiale de la Santé,2002-04-07,,Santé,Commémore la fondation de l'OMS le 7 avril 1948.,
Nouvelle Lune,2002-04-12,,Astronomie|Lunaire,La face de la Lune tournée vers la Terre n'est pas éclairée — elle est invisible dans le ciel.,
Premier Quartier,2002-04-20,,Astronomie|Lunaire,La moitié droite de la Lune est éclairée. Mi-chemin entre la Nouvelle Lune et la Pleine Lune.,
Jour de la Terre,2002-04-22,,Environnement|Société,Né le 22 avril 1970 après une marée noire en Californie.,
Pleine Lune,2002-04-27,,Astronomie|Lunaire,La face de la Lune est entièrement éclairée par le Soleil.,
Fête du Travail,2002-05-01,,Jours fériés|Société,"Commémore la grève de Chicago du 1er mai 1886 pour les 8 heures de travail, réprimée dans le sang. Férié et chômé en France depuis 1947. La tradition d'offrir du muguet vient d'une coutume de Charles IX datant de 1561.",
Dernier Quartier,2002-05-04,,Astronomie|Lunaire,Phase lunaire : Dernier Quartier.,
Fête de la Victoire 1945,2002-05-08,,Jours fériés,"Le 8 mai 1945, l'Allemagne nazie signe sa capitulation sans condition, mettant fin à la guerre en Europe. Férié depuis 1953, supprimé par Giscard en 1975, puis rétabli par Mitterrand en 1981.",
Ascension,2002-05-09,,Jours fériés|Christianisme,"Fête chrétienne commémorant la montée du Christ au ciel, 40 jours après Pâques. Toujours un jeudi, ce qui en fait naturellement un pont avec le vendredi.",
Abolition de l'esclavage en France — Commémoration,2002-05-10,,Mémoire|Société,Journée nationale instaurée par la loi Taubira de 2001.,
Pont possible — Ascension,2002-05-10,,Ponts / Congés,Ascension tombe un jeudi le 09/05/2002. Le vendredi 10/05/2002 est un pont potentiel — vérifiez auprès de votre employeur.,
Nouvelle Lune,2002-05-12,,Astronomie|Lunaire,La face de la Lune tournée vers la Terre n'est pas éclairée — elle est invisible dans le ciel.,
Festival de Cannes — Ouverture,2002-05-14,,Culture|Cinéma,"Le Festival International du Film de Cannes, créé en 1946.",
Nuit des Musées,2002-05-18,,Culture,Créée en France en 2005 et étendue à toute l'Europe.,
Pentecôte,2002-05-19,,Christianisme,"Célèbre la descente de l'Esprit Saint sur les apôtres, 50 jours après Pâques.",
Premier Quartier,2002-05-19,,Astronomie|Lunaire,La moitié droite de la Lune est éclairée. Mi-chemin entre la Nouvelle Lune et la Pleine Lune.,
Lundi de Pentecôte,2002-05-20,,Jours fériés|Christianisme,"Jour férié désigné depuis 2004 Journée de solidarité envers les personnes âgées. Les salariés travaillent ce jour sans rémunération supplémentaire, finançant ainsi la prise en charge de la dépendance — instauré après la canicule de 2003 qui fit 15 000 morts en France.",
Journée mondiale de la biodiversité,2002-05-22,,Environnement,Commémore l'adoption de la Convention sur la Diversité Biologique à Rio.,
Fête des Mères,2002-05-26,,Fêtes|Culture,"Célébrée le dernier dimanche de mai, sauf si c'est la Pentecôte.",
Pleine Lune,2002-05-26,,Astronomie|Lunaire,La face de la Lune est entièrement éclairée par le Soleil.,
Journée nationale de la Résistance,2002-05-27,,Mémoire|Société,"Le 27 mai 1943, Jean Moulin préside la première réunion secrète du CNR.",
Fête des Voisins,2002-05-31,,Société,Créée en 2000 pour lutter contre l'isolement urbain.,
Journée mondiale sans tabac,2002-05-31,,Santé,Lancée par l'OMS en 1987.,
Dernier Quartier,2002-06-03,,Astronomie|Lunaire,Phase lunaire : Dernier Quartier.,
Débarquement en Normandie — Commémoration du Jour J,2002-06-06,,Mémoire|Dates spéciales,"Le 6 juin 1944, 156 000 soldats alliés débarquent sur les plages de Normandie.",
Journée mondiale de l'océan,2002-06-08,,Environnement,Proposée lors du Sommet de la Terre de Rio en 1992.,
Nouvelle Lune,2002-06-11,,Astronomie|Lunaire,La face de la Lune tournée vers la Terre n'est pas éclairée — elle est invisible dans le ciel.,
Fête des Pères,2002-06-16,,Fêtes|Culture,"Née aux États-Unis en 1910, introduite en France dans les années 1950.",
Appel du 18 juin 1940 — Anniversaire,2002-06-18,,Mémoire|Dates spéciales,"Le 18 juin 1940, de Gaulle lance depuis Londres un appel à la Résistance sur la BBC.",
Premier Quartier,2002-06-18,,Astronomie|Lunaire,La moitié droite de la Lune est éclairée. Mi-chemin entre la Nouvelle Lune et la Pleine Lune.,
Début de l'Été — Solstice d'été,2002-06-21,,Saisons|Astronomie,Le solstice d'été est le jour le plus long de l'année.,
Fête de la Musique,2002-06-21,,Culture|Fêtes,Créée en 1982 par le ministre Jack Lang.,
Jour le plus long de l'année,2002-06-21,,Saisons|Astronomie,Le 21 June est le jour le plus long de l'année 2002.,
Fête du Cinéma,2002-06-23,,Culture|Cinéma,"Créée en 1985, elle propose chaque fin juin des places à tarif réduit.",
Pleine Lune,2002-06-24,,Astronomie|Lunaire,La face de la Lune est entièrement éclairée par le Soleil.,
Dernier Quartier,2002-07-02,,Astronomie|Lunaire,Phase lunaire : Dernier Quartier.,
Milieu de l'année,2002-07-02,,Dates spéciales,Ce jour marque le point médian exact de l'année 2002.,
Festival d'Avignon — Ouverture,2002-07-05,,Culture|Théâtre,Créé par Jean Vilar en 1947 dans la cour du Palais des Papes.,
Nouvelle Lune,2002-07-10,,Astronomie|Lunaire,La face de la Lune tournée vers la Terre n'est pas éclairée — elle est invisible dans le ciel.,
Commémoration de la Rafle du Vél d'Hiv,2002-07-14,,Mémoire|Société,"Les 16-17 juillet 1942, la police française arrêta 13 152 Juifs à Paris.",
Fête Nationale,2002-07-14,,Jours fériés|Société|Dates spéciales,Commémore la prise de la Bastille le 14 juillet 1789.,
Fête nationale,2002-07-14,,Jours fériés,"Commémore la prise de la Bastille le 14 juillet 1789, symbole de la Révolution française. Jour férié depuis 1880. Défilé militaire sur les Champs-Élysées, bals des pompiers et feux d'artifice dans toute la France.",
Premier Quartier,2002-07-17,,Astronomie|Lunaire,La moitié droite de la Lune est éclairée. Mi-chemin entre la Nouvelle Lune et la Pleine Lune.,
Pleine Lune,2002-07-24,,Astronomie|Lunaire,La face de la Lune est entièrement éclairée par le Soleil.,
Dernier Quartier,2002-08-01,,Astronomie|Lunaire,Phase lunaire : Dernier Quartier.,
Nuit des Étoiles,2002-08-03,,Astronomie|Éducation|Culture,Organisée chaque premier week-end d'août par l'Association Française d'Astronomie depuis 1991.,
Nouvelle Lune,2002-08-08,,Astronomie|Lunaire,La face de la Lune tournée vers la Terre n'est pas éclairée — elle est invisible dans le ciel.,
Assomption,2002-08-15,,Jours fériés,"Célèbre l'élévation de la Vierge Marie au ciel. Fête chrétienne ancienne, jour férié en France depuis le Concordat de 1802. Elle tombe en plein cœur de l'été, au milieu des grandes vacances.",
Assomption de Marie,2002-08-15,,Christianisme|Jours fériés,Célèbre l'élévation de la Vierge Marie au ciel.,
Premier Quartier,2002-08-15,,Astronomie|Lunaire,La moitié droite de la Lune est éclairée. Mi-chemin entre la Nouvelle Lune et la Pleine Lune.,
Pont possible — Assomption,2002-08-16,,Ponts / Congés,Assomption tombe un jeudi le 15/08/2002. Le vendredi 16/08/2002 est un pont potentiel — vérifiez auprès de votre employeur.,
Pleine Lune,2002-08-23,,Astronomie|Lunaire,La face de la Lune est entièrement éclairée par le Soleil.,
Dernier Quartier,2002-08-31,,Astronomie|Lunaire,Phase lunaire : Dernier Quartier.,
Rentrée des classes,2002-09-02,,Éducation|Société,La rentrée de septembre mobilise 12 millions d'élèves et 870 000 enseignants en France.,
Braderie de Lille,2002-09-07,,Culture|Commerce,"Plus grande braderie d'Europe, organisée le premier week-end de septembre à Lille.",
Nouvelle Lune,2002-09-07,,Astronomie|Lunaire,La face de la Lune tournée vers la Terre n'est pas éclairée — elle est invisible dans le ciel.,
Premier Quartier,2002-09-13,,Astronomie|Lunaire,La moitié droite de la Lune est éclairée. Mi-chemin entre la Nouvelle Lune et la Pleine Lune.,
Journées du Patrimoine,2002-09-21,,Culture|Société,"Créées en France en 1984 par Jack Lang, étendues à toute l'Europe en 1991.",
Pleine Lune,2002-09-21,,Astronomie|Lunaire,La face de la Lune est entièrement éclairée par le Soleil.,
Journée mondiale sans voiture,2002-09-22,,Environnement|Société,Lancée en France en 1998 par La Rochelle.,
Début de l'Automne — Équinoxe d'automne,2002-09-23,,Saisons|Astronomie,L'équinoxe d'automne marque le début de l'automne.,
Dernier Quartier,2002-09-29,,Astronomie|Lunaire,Phase lunaire : Dernier Quartier.,
Journée mondiale du cacao et du chocolat,2002-10-01,,Gastronomie|Culture,Célébrée le 1er octobre et associée à l'Organisation internationale du cacao (ICCO).,
Lancement d'Octobre Rose,2002-10-01,,Santé,Tout octobre est dédié à la sensibilisation au cancer du sein.,
Nuit Blanche,2002-10-05,,Culture,Initiée à Paris en 2002 par le maire Bertrand Delanoë.,
Fête des Grands-Pères,2002-10-06,,Fêtes|Culture,"Créée en 2008, elle a lieu chaque premier dimanche d'octobre.",
Nouvelle Lune,2002-10-06,,Astronomie|Lunaire,La face de la Lune tournée vers la Terre n'est pas éclairée — elle est invisible dans le ciel.,
Journée mondiale de la santé mentale,2002-10-10,,Santé|Société,Créée par la Fédération Mondiale pour la Santé Mentale en 1992.,
Premier Quartier,2002-10-13,,Astronomie|Lunaire,La moitié droite de la Lune est éclairée. Mi-chemin entre la Nouvelle Lune et la Pleine Lune.,
Semaine du Goût,2002-10-14,,Gastronomie|Culture,Créée en 1990 par le chef Joël Robuchon.,
Journée mondiale de l'alimentation,2002-10-16,,Gastronomie|Société|Santé,Commémore la fondation de la FAO le 16 octobre 1945.,
Pleine Lune,2002-10-21,,Astronomie|Lunaire,La face de la Lune est entièrement éclairée par le Soleil.,
Passage à l'heure d'hiver,2002-10-27,,Changement d'heure,"Dans la nuit du samedi au dimanche, les montres reculent d'une heure (3h → 2h).",
Dernier Quartier,2002-10-29,,Astronomie|Lunaire,Phase lunaire : Dernier Quartier.,
Halloween,2002-10-31,,Culture|Fêtes,Fête d'origine celtique (la nuit de Samain) christianisée puis popularisée par la diaspora irlandaise.,
Lancement du Mois sans Tabac,2002-11-01,,Santé,Lancé en France en 2016 par Santé Publique France.,
Toussaint,2002-11-01,,Jours fériés|Christianisme,"Fête de tous les saints, instituée par le pape Grégoire IV en 835. En France, la tradition de fleurir les tombes avec des chrysanthèmes s'est greffée dessus — ces fleurs sont désormais intimement liées à ce jour.",
Nouvelle Lune,2002-11-04,,Astronomie|Lunaire,La face de la Lune tournée vers la Terre n'est pas éclairée — elle est invisible dans le ciel.,
Journée nationale de l'arbre,2002-11-07,,Environnement,Célébrée chaque premier jeudi de novembre.,
Armistice 1918,2002-11-11,,Jours fériés,"Le 11 novembre 1918 à 11h, l'armistice met fin à la Première Guerre mondiale après quatre ans de combats. Jour férié depuis 1922. Chaque commune française a son monument aux morts — 36 000 érigés entre 1920 et 1925.",
Armistice de 1918 — Journée du Souvenir,2002-11-11,,Jours fériés|Mémoire|Dates spéciales,"Le 11 novembre 1918 à 11h, l'armistice met fin à la Première Guerre mondiale.",
Premier Quartier,2002-11-11,,Astronomie|Lunaire,La moitié droite de la Lune est éclairée. Mi-chemin entre la Nouvelle Lune et la Pleine Lune.,
Journée internationale des droits de l'enfant,2002-11-20,,Société,Commémore l'adoption de la Convention des Nations Unies relative aux droits de l'enfant.,
Pleine Lune,2002-11-20,,Astronomie|Lunaire,La face de la Lune est entièrement éclairée par le Soleil.,
Beaujolais Nouveau,2002-11-21,,Gastronomie|Culture|Commercial,"Chaque troisième jeudi de novembre, le Beaujolais Nouveau est mis en vente.",
Dernier Quartier,2002-11-27,,Astronomie|Lunaire,Phase lunaire : Dernier Quartier.,
Fête de la Bretagne,2002-11-30,,Culture|Société,Célébrée le 30 novembre (Saint-André) depuis les années 1990.,
Journée mondiale des personnes handicapées,2002-12-03,,Société,Instaurée par l'ONU en 1992.,
Nouvelle Lune,2002-12-04,,Astronomie|Lunaire,La face de la Lune tournée vers la Terre n'est pas éclairée — elle est invisible dans le ciel.,
Journée mondiale du Bénévolat,2002-12-05,,Société,Créée par l'ONU en 1985.,
Saint-Nicolas,2002-12-06,,Christianisme|Culture|Fêtes,"Fête de Nicolas de Myre, évêque du IVe siècle devenu patron des enfants.",
Journée de la Laïcité,2002-12-09,,Société|Dates spéciales,Commémore la loi du 9 décembre 1905 séparant les Églises de l'État.,
Premier Quartier,2002-12-11,,Astronomie|Lunaire,La moitié droite de la Lune est éclairée. Mi-chemin entre la Nouvelle Lune et la Pleine Lune.,
Pleine Lune,2002-12-19,,Astronomie|Lunaire,La face de la Lune est entièrement éclairée par le Soleil.,
Début de l'Hiver — Solstice d'hiver,2002-12-22,,Saisons|Astronomie,Le solstice d'hiver est le jour le plus court de l'année.,
Jour le plus court de l'année,2002-12-22,,Saisons|Astronomie,Le 22 December est le jour le plus court de l'année 2002.,
Noël,2002-12-25,,Jours fériés|Christianisme|Fêtes,"Célèbre la naissance du Christ. La date du 25 décembre a été fixée au IVe siècle sur une fête solaire romaine préexistante. Le sapin, la bûche et les cadeaux sont des traditions popularisées bien plus tard, au XIXe siècle.",
Saint-Étienne,2002-12-26,,Jours fériés|Christianisme,"Le 26 décembre est férié uniquement en Alsace-Moselle (depts 57, 67, 68). Fête de saint Étienne, premier martyr chrétien.",AM
Dernier Quartier,2002-12-27,,Astronomie|Lunaire,Phase lunaire : Dernier Quartier.,
Dernier jour de l'année,2002-12-31,,Dates spéciales,Clôture de l'année civile 2002.,
Saint-Sylvestre / Réveillon du Nouvel An,2002-12-31,,Fêtes|Culture,"Dernier jour de l'année, nommé d'après le pape Sylvestre Ier mort ce jour en 335.",
Jour de l'an,2003-01-01,,Jours fériés,Premier jour de l'année civile grégorienne. La tradition des vœux existe depuis l'Antiquité romaine. Le gui porte-bonheur vient d'une coutume druidique bien antérieure au christianisme.,
Nouvelle Lune,2003-01-02,,Astronomie|Lunaire,La face de la Lune tournée vers la Terre n'est pas éclairée — elle est invisible dans le ciel.,
Épiphanie,2003-01-06,,Christianisme|Culture|Gastronomie,"Célèbre la visite des Rois Mages à Jésus, 12 jours après Noël.",
Premier Quartier,2003-01-10,,Astronomie|Lunaire,La moitié droite de la Lune est éclairée. Mi-chemin entre la Nouvelle Lune et la Pleine Lune.,
Pleine Lune,2003-01-18,,Astronomie|Lunaire,La face de la Lune est entièrement éclairée par le Soleil.,
Journée internationale de l'Éducation,2003-01-24,,Éducation|Société,Proclamée par l'ONU en 2019.,
Dernier Quartier,2003-01-25,,Astronomie|Lunaire,Phase lunaire : Dernier Quartier.,
Journée nationale de la Mémoire de la Shoah,2003-01-27,,Mémoire|Société,Commémore la libération du camp d'Auschwitz le 27 janvier 1945.,
Nouvelle Lune,2003-02-01,,Astronomie|Lunaire,La face de la Lune tournée vers la Terre n'est pas éclairée — elle est invisible dans le ciel.,
Chandeleur,2003-02-02,,Culture|Christianisme|Gastronomie,"Fête de la Présentation de Jésus au Temple, 40 jours après Noël.",
Journée mondiale des zones humides,2003-02-02,,Environnement,Commémore la Convention de Ramsar signée le 2 février 1971.,
Journée mondiale contre le cancer,2003-02-04,,Santé,Initiée par l'Union Internationale Contre le Cancer depuis 2000.,
Premier Quartier,2003-02-09,,Astronomie|Lunaire,La moitié droite de la Lune est éclairée. Mi-chemin entre la Nouvelle Lune et la Pleine Lune.,
Saint-Valentin,2003-02-14,,Fêtes|Culture,Fête des amoureux le 14 février.,
Pleine Lune,2003-02-17,,Astronomie|Lunaire,La face de la Lune est entièrement éclairée par le Soleil.,
Salon de l'Agriculture — Ouverture,2003-02-22,,Gastronomie|Agriculture|Culture,Le Salon International de l'Agriculture se tient chaque fin février à Paris.,
Dernier Quartier,2003-02-23,,Astronomie|Lunaire,Phase lunaire : Dernier Quartier.,
Fête des Grands-Mères,2003-03-02,,Fêtes|Culture,Créée en 1987 par la marque de café Grand'Mère.,
Nouvelle Lune,2003-03-03,,Astronomie|Lunaire,La face de la Lune tournée vers la Terre n'est pas éclairée — elle est invisible dans le ciel.,
Mardi Gras,2003-03-04,,Christianisme|Culture|Fêtes,"Dernier jour avant le Carême, où la tradition voulait qu'on fasse bombance avant l'abstinence.",
Début du Carême,2003-03-05,,Christianisme,"Le Carême commence le Mercredi des Cendres, 46 jours avant Pâques.",
Journée internationale des femmes,2003-03-08,,Société,Issue des luttes ouvrières du début du XXe siècle en Europe et aux États-Unis.,
Premier Quartier,2003-03-11,,Astronomie|Lunaire,La moitié droite de la Lune est éclairée. Mi-chemin entre la Nouvelle Lune et la Pleine Lune.,
Saint-Patrick,2003-03-17,,Culture|Fêtes,"Fête nationale irlandaise le 17 mars, commémorant la mort de saint Patrick (461).",
Pleine Lune,2003-03-18,,Astronomie|Lunaire,La face de la Lune est entièrement éclairée par le Soleil.,
Début du Printemps — Équinoxe de printemps,2003-03-21,,Saisons|Astronomie,L'équinoxe de printemps marque le début astronomique du printemps.,
Journée nationale de lutte contre les discriminations,2003-03-21,,Société,Créée par l'ONU en 1966 en mémoire du massacre de Sharpeville.,
Journée mondiale de l'eau,2003-03-22,,Environnement|Société,Proclamée par l'ONU en 1993.,
Dernier Quartier,2003-03-25,,Astronomie|Lunaire,Phase lunaire : Dernier Quartier.,
Passage à l'heure d'été,2003-03-30,,Changement d'heure,"Dans la nuit du samedi au dimanche, les montres avancent d'une heure (2h → 3h).",
Nouvelle Lune,2003-04-01,,Astronomie|Lunaire,La face de la Lune tournée vers la Terre n'est pas éclairée — elle est invisible dans le ciel.,
Poisson d'avril,2003-04-01,,Culture,Journée des farces et des canulars.,
Journée mondiale de la Santé,2003-04-07,,Santé,Commémore la fondation de l'OMS le 7 avril 1948.,
Premier Quartier,2003-04-10,,Astronomie|Lunaire,La moitié droite de la Lune est éclairée. Mi-chemin entre la Nouvelle Lune et la Pleine Lune.,
Dimanche des Rameaux,2003-04-13,,Christianisme,Ouvre la Semaine Sainte en rappelant l'entrée triomphale de Jésus à Jérusalem.,
Pleine Lune,2003-04-16,,Astronomie|Lunaire,La face de la Lune est entièrement éclairée par le Soleil.,
Vendredi Saint,2003-04-18,,Jours fériés|Christianisme,"Commémore la crucifixion du Christ. Jour férié uniquement en Alsace-Moselle (départements 57, 67, 68) en vertu du régime concordataire.",AM
Vendredi Saint,2003-04-18,,Christianisme,Commémore la crucifixion du Christ. Non férié en France depuis la loi de 1905 — sauf en Alsace-Moselle.,
Pâques,2003-04-20,,Christianisme,Fête chrétienne célébrant la résurrection du Christ. Sa date varie chaque année car elle suit le calendrier lunaire.,
Lundi de Pâques,2003-04-21,,Jours fériés|Christianisme,"Jour férié qui prolonge le dimanche de Pâques. La tradition des œufs vient du Carême : l'Église interdisait d'en manger pendant 40 jours, on offrait donc à Pâques ceux accumulés.",
Jour de la Terre,2003-04-22,,Environnement|Société,Né le 22 avril 1970 après une marée noire en Californie.,
Dernier Quartier,2003-04-23,,Astronomie|Lunaire,Phase lunaire : Dernier Quartier.,
Fête du Travail,2003-05-01,,Jours fériés|Société,"Commémore la grève de Chicago du 1er mai 1886 pour les 8 heures de travail, réprimée dans le sang. Férié et chômé en France depuis 1947. La tradition d'offrir du muguet vient d'une coutume de Charles IX datant de 1561.",
Nouvelle Lune,2003-05-01,,Astronomie|Lunaire,La face de la Lune tournée vers la Terre n'est pas éclairée — elle est invisible dans le ciel.,
Pont possible — Fête du Travail,2003-05-02,,Ponts / Congés,Fête du Travail tombe un jeudi le 01/05/2003. Le vendredi 02/05/2003 est un pont potentiel — vérifiez auprès de votre employeur.,
Fête de la Victoire 1945,2003-05-08,,Jours fériés,"Le 8 mai 1945, l'Allemagne nazie signe sa capitulation sans condition, mettant fin à la guerre en Europe. Férié depuis 1953, supprimé par Giscard en 1975, puis rétabli par Mitterrand en 1981.",
Pont possible — Fête de la Victoire,2003-05-09,,Ponts / Congés,Fête de la Victoire tombe un jeudi le 08/05/2003. Le vendredi 09/05/2003 est un pont potentiel — vérifiez auprès de votre employeur.,
Premier Quartier,2003-05-09,,Astronomie|Lunaire,La moitié droite de la Lune est éclairée. Mi-chemin entre la Nouvelle Lune et la Pleine Lune.,
Abolition de l'esclavage en France — Commémoration,2003-05-10,,Mémoire|Société,Journée nationale instaurée par la loi Taubira de 2001.,
Festival de Cannes — Ouverture,2003-05-14,,Culture|Cinéma,"Le Festival International du Film de Cannes, créé en 1946.",
Pleine Lune,2003-05-16,,Astronomie|Lunaire,La face de la Lune est entièrement éclairée par le Soleil.,
Nuit des Musées,2003-05-17,,Culture,Créée en France en 2005 et étendue à toute l'Europe.,
Journée mondiale de la biodiversité,2003-05-22,,Environnement,Commémore l'adoption de la Convention sur la Diversité Biologique à Rio.,
Dernier Quartier,2003-05-23,,Astronomie|Lunaire,Phase lunaire : Dernier Quartier.,
Fête des Mères,2003-05-25,,Fêtes|Culture,"Célébrée le dernier dimanche de mai, sauf si c'est la Pentecôte.",
Journée nationale de la Résistance,2003-05-27,,Mémoire|Société,"Le 27 mai 1943, Jean Moulin préside la première réunion secrète du CNR.",
Ascension,2003-05-29,,Jours fériés|Christianisme,"Fête chrétienne commémorant la montée du Christ au ciel, 40 jours après Pâques. Toujours un jeudi, ce qui en fait naturellement un pont avec le vendredi.",
Fête des Voisins,2003-05-30,,Société,Créée en 2000 pour lutter contre l'isolement urbain.,
Pont possible — Ascension,2003-05-30,,Ponts / Congés,Ascension tombe un jeudi le 29/05/2003. Le vendredi 30/05/2003 est un pont potentiel — vérifiez auprès de votre employeur.,
Journée mondiale sans tabac,2003-05-31,,Santé,Lancée par l'OMS en 1987.,
Nouvelle Lune,2003-05-31,,Astronomie|Lunaire,La face de la Lune tournée vers la Terre n'est pas éclairée — elle est invisible dans le ciel.,
Débarquement en Normandie — Commémoration du Jour J,2003-06-06,,Mémoire|Dates spéciales,"Le 6 juin 1944, 156 000 soldats alliés débarquent sur les plages de Normandie.",
Premier Quartier,2003-06-07,,Astronomie|Lunaire,La moitié droite de la Lune est éclairée. Mi-chemin entre la Nouvelle Lune et la Pleine Lune.,
Journée mondiale de l'océan,2003-06-08,,Environnement,Proposée lors du Sommet de la Terre de Rio en 1992.,
Pentecôte,2003-06-08,,Christianisme,"Célèbre la descente de l'Esprit Saint sur les apôtres, 50 jours après Pâques.",
Lundi de Pentecôte,2003-06-09,,Jours fériés|Christianisme,"Jour férié désigné depuis 2004 Journée de solidarité envers les personnes âgées. Les salariés travaillent ce jour sans rémunération supplémentaire, finançant ainsi la prise en charge de la dépendance — instauré après la canicule de 2003 qui fit 15 000 morts en France.",
Pleine Lune,2003-06-14,,Astronomie|Lunaire,La face de la Lune est entièrement éclairée par le Soleil.,
Fête des Pères,2003-06-15,,Fêtes|Culture,"Née aux États-Unis en 1910, introduite en France dans les années 1950.",
Appel du 18 juin 1940 — Anniversaire,2003-06-18,,Mémoire|Dates spéciales,"Le 18 juin 1940, de Gaulle lance depuis Londres un appel à la Résistance sur la BBC.",
Dernier Quartier,2003-06-21,,Astronomie|Lunaire,Phase lunaire : Dernier Quartier.,
Début de l'Été — Solstice d'été,2003-06-21,,Saisons|Astronomie,Le solstice d'été est le jour le plus long de l'année.,
Fête de la Musique,2003-06-21,,Culture|Fêtes,Créée en 1982 par le ministre Jack Lang.,
Jour le plus long de l'année,2003-06-21,,Saisons|Astronomie,Le 21 June est le jour le plus long de l'année 2003.,
Fête du Cinéma,2003-06-22,,Culture|Cinéma,"Créée en 1985, elle propose chaque fin juin des places à tarif réduit.",
Nouvelle Lune,2003-06-29,,Astronomie|Lunaire,La face de la Lune tournée vers la Terre n'est pas éclairée — elle est invisible dans le ciel.,
Milieu de l'année,2003-07-02,,Dates spéciales,Ce jour marque le point médian exact de l'année 2003.,
Festival d'Avignon — Ouverture,2003-07-05,,Culture|Théâtre,Créé par Jean Vilar en 1947 dans la cour du Palais des Papes.,
Premier Quartier,2003-07-07,,Astronomie|Lunaire,La moitié droite de la Lune est éclairée. Mi-chemin entre la Nouvelle Lune et la Pleine Lune.,
Commémoration de la Rafle du Vél d'Hiv,2003-07-13,,Mémoire|Société,"Les 16-17 juillet 1942, la police française arrêta 13 152 Juifs à Paris.",
Pleine Lune,2003-07-13,,Astronomie|Lunaire,La face de la Lune est entièrement éclairée par le Soleil.,
Fête Nationale,2003-07-14,,Jours fériés|Société|Dates spéciales,Commémore la prise de la Bastille le 14 juillet 1789.,
Fête nationale,2003-07-14,,Jours fériés,"Commémore la prise de la Bastille le 14 juillet 1789, symbole de la Révolution française. Jour férié depuis 1880. Défilé militaire sur les Champs-Élysées, bals des pompiers et feux d'artifice dans toute la France.",
Dernier Quartier,2003-07-21,,Astronomie|Lunaire,Phase lunaire : Dernier Quartier.,
Nouvelle Lune,2003-07-29,,Astronomie|Lunaire,La face de la Lune tournée vers la Terre n'est pas éclairée — elle est invisible dans le ciel.,
Nuit des Étoiles,2003-08-02,,Astronomie|Éducation|Culture,Organisée chaque premier week-end d'août par l'Association Française d'Astronomie depuis 1991.,
Premier Quartier,2003-08-05,,Astronomie|Lunaire,La moitié droite de la Lune est éclairée. Mi-chemin entre la Nouvelle Lune et la Pleine Lune.,
Pleine Lune,2003-08-12,,Astronomie|Lunaire,La face de la Lune est entièrement éclairée par le Soleil.,
Assomption,2003-08-15,,Jours fériés,"Célèbre l'élévation de la Vierge Marie au ciel. Fête chrétienne ancienne, jour férié en France depuis le Concordat de 1802. Elle tombe en plein cœur de l'été, au milieu des grandes vacances.",
Assomption de Marie,2003-08-15,,Christianisme|Jours fériés,Célèbre l'élévation de la Vierge Marie au ciel.,
Dernier Quartier,2003-08-20,,Astronomie|Lunaire,Phase lunaire : Dernier Quartier.,
Nouvelle Lune,2003-08-27,,Astronomie|Lunaire,La face de la Lune tournée vers la Terre n'est pas éclairée — elle est invisible dans le ciel.,
Rentrée des classes,2003-09-02,,Éducation|Société,La rentrée de septembre mobilise 12 millions d'élèves et 870 000 enseignants en France.,
Premier Quartier,2003-09-03,,Astronomie|Lunaire,La moitié droite de la Lune est éclairée. Mi-chemin entre la Nouvelle Lune et la Pleine Lune.,
Braderie de Lille,2003-09-06,,Culture|Commerce,"Plus grande braderie d'Europe, organisée le premier week-end de septembre à Lille.",
Pleine Lune,2003-09-10,,Astronomie|Lunaire,La face de la Lune est entièrement éclairée par le Soleil.,
Dernier Quartier,2003-09-18,,Astronomie|Lunaire,Phase lunaire : Dernier Quartier.,
Journées du Patrimoine,2003-09-20,,Culture|Société,"Créées en France en 1984 par Jack Lang, étendues à toute l'Europe en 1991.",
Journée mondiale sans voiture,2003-09-22,,Environnement|Société,Lancée en France en 1998 par La Rochelle.,
Début de l'Automne — Équinoxe d'automne,2003-09-23,,Saisons|Astronomie,L'équinoxe d'automne marque le début de l'automne.,
Nouvelle Lune,2003-09-26,,Astronomie|Lunaire,La face de la Lune tournée vers la Terre n'est pas éclairée — elle est invisible dans le ciel.,
Journée mondiale du cacao et du chocolat,2003-10-01,,Gastronomie|Culture,Célébrée le 1er octobre et associée à l'Organisation internationale du cacao (ICCO).,
Lancement d'Octobre Rose,2003-10-01,,Santé,Tout octobre est dédié à la sensibilisation au cancer du sein.,
Premier Quartier,2003-10-02,,Astronomie|Lunaire,La moitié droite de la Lune est éclairée. Mi-chemin entre la Nouvelle Lune et la Pleine Lune.,
Nuit Blanche,2003-10-04,,Culture,Initiée à Paris en 2002 par le maire Bertrand Delanoë.,
Fête des Grands-Pères,2003-10-05,,Fêtes|Culture,"Créée en 2008, elle a lieu chaque premier dimanche d'octobre.",
Journée mondiale de la santé mentale,2003-10-10,,Santé|Société,Créée par la Fédération Mondiale pour la Santé Mentale en 1992.,
Pleine Lune,2003-10-10,,Astronomie|Lunaire,La face de la Lune est entièrement éclairée par le Soleil.,
Semaine du Goût,2003-10-13,,Gastronomie|Culture,Créée en 1990 par le chef Joël Robuchon.,
Journée mondiale de l'alimentation,2003-10-16,,Gastronomie|Société|Santé,Commémore la fondation de la FAO le 16 octobre 1945.,
Dernier Quartier,2003-10-18,,Astronomie|Lunaire,Phase lunaire : Dernier Quartier.,
Nouvelle Lune,2003-10-25,,Astronomie|Lunaire,La face de la Lune tournée vers la Terre n'est pas éclairée — elle est invisible dans le ciel.,
Passage à l'heure d'hiver,2003-10-26,,Changement d'heure,"Dans la nuit du samedi au dimanche, les montres reculent d'une heure (3h → 2h).",
Halloween,2003-10-31,,Culture|Fêtes,Fête d'origine celtique (la nuit de Samain) christianisée puis popularisée par la diaspora irlandaise.,
Lancement du Mois sans Tabac,2003-11-01,,Santé,Lancé en France en 2016 par Santé Publique France.,
Premier Quartier,2003-11-01,,Astronomie|Lunaire,La moitié droite de la Lune est éclairée. Mi-chemin entre la Nouvelle Lune et la Pleine Lune.,
Toussaint,2003-11-01,,Jours fériés|Christianisme,"Fête de tous les saints, instituée par le pape Grégoire IV en 835. En France, la tradition de fleurir les tombes avec des chrysanthèmes s'est greffée dessus — ces fleurs sont désormais intimement liées à ce jour.",
Journée nationale de l'arbre,2003-11-06,,Environnement,Célébrée chaque premier jeudi de novembre.,
Pleine Lune,2003-11-09,,Astronomie|Lunaire,La face de la Lune est entièrement éclairée par le Soleil.,
Pont possible — Armistice 1918,2003-11-10,,Ponts / Congés,Armistice 1918 tombe un mardi le 11/11/2003. Le lundi 10/11/2003 est un pont potentiel — vérifiez auprès de votre employeur.,
Armistice 1918,2003-11-11,,Jours fériés,"Le 11 novembre 1918 à 11h, l'armistice met fin à la Première Guerre mondiale après quatre ans de combats. Jour férié depuis 1922. Chaque commune française a son monument aux morts — 36 000 érigés entre 1920 et 1925.",
Armistice de 1918 — Journée du Souvenir,2003-11-11,,Jours fériés|Mémoire|Dates spéciales,"Le 11 novembre 1918 à 11h, l'armistice met fin à la Première Guerre mondiale.",
Dernier Quartier,2003-11-17,,Astronomie|Lunaire,Phase lunaire : Dernier Quartier.,
Beaujolais Nouveau,2003-11-20,,Gastronomie|Culture|Commercial,"Chaque troisième jeudi de novembre, le Beaujolais Nouveau est mis en vente.",
Journée internationale des droits de l'enfant,2003-11-20,,Société,Commémore l'adoption de la Convention des Nations Unies relative aux droits de l'enfant.,
Nouvelle Lune,2003-11-23,,Astronomie|Lunaire,La face de la Lune tournée vers la Terre n'est pas éclairée — elle est invisible dans le ciel.,
Fête de la Bretagne,2003-11-30,,Culture|Société,Célébrée le 30 novembre (Saint-André) depuis les années 1990.,
Premier Quartier,2003-11-30,,Astronomie|Lunaire,La moitié droite de la Lune est éclairée. Mi-chemin entre la Nouvelle Lune et la Pleine Lune.,
Journée mondiale des personnes handicapées,2003-12-03,,Société,Instaurée par l'ONU en 1992.,
Journée mondiale du Bénévolat,2003-12-05,,Société,Créée par l'ONU en 1985.,
Saint-Nicolas,2003-12-06,,Christianisme|Culture|Fêtes,"Fête de Nicolas de Myre, évêque du IVe siècle devenu patron des enfants.",
Pleine Lune,2003-12-08,,Astronomie|Lunaire,La face de la Lune est entièrement éclairée par le Soleil.,
Journée de la Laïcité,2003-12-09,,Société|Dates spéciales,Commémore la loi du 9 décembre 1905 séparant les Églises de l'État.,
Dernier Quartier,2003-12-16,,Astronomie|Lunaire,Phase lunaire : Dernier Quartier.,
Début de l'Hiver — Solstice d'hiver,2003-12-22,,Saisons|Astronomie,Le solstice d'hiver est le jour le plus court de l'année.,
Jour le plus court de l'année,2003-12-22,,Saisons|Astronomie,Le 22 December est le jour le plus court de l'année 2003.,
Nouvelle Lune,2003-12-23,,Astronomie|Lunaire,La face de la Lune tournée vers la Terre n'est pas éclairée — elle est invisible dans le ciel.,
Noël,2003-12-25,,Jours fériés|Christianisme|Fêtes,"Célèbre la naissance du Christ. La date du 25 décembre a été fixée au IVe siècle sur une fête solaire romaine préexistante. Le sapin, la bûche et les cadeaux sont des traditions popularisées bien plus tard, au XIXe siècle.",
Pont possible — Noël,2003-12-26,,Ponts / Congés,Noël tombe un jeudi le 25/12/2003. Le vendredi 26/12/2003 est un pont potentiel — vérifiez auprès de votre employeur.,
Saint-Étienne,2003-12-26,,Jours fériés|Christianisme,"Le 26 décembre est férié uniquement en Alsace-Moselle (depts 57, 67, 68). Fête de saint Étienne, premier martyr chrétien.",AM
Premier Quartier,2003-12-30,,Astronomie|Lunaire,La moitié droite de la Lune est éclairée. Mi-chemin entre la Nouvelle Lune et la Pleine Lune.,
Dernier jour de l'année,2003-12-31,,Dates spéciales,Clôture de l'année civile 2003.,
Saint-Sylvestre / Réveillon du Nouvel An,2003-12-31,,Fêtes|Culture,"Dernier jour de l'année, nommé d'après le pape Sylvestre Ier mort ce jour en 335.",
Jour de l'an,2004-01-01,,Jours fériés,Premier jour de l'année civile grégorienne. La tradition des vœux existe depuis l'Antiquité romaine. Le gui porte-bonheur vient d'une coutume druidique bien antérieure au christianisme.,
Pont possible — Jour de l'an,2004-01-02,,Ponts / Congés,Jour de l'an tombe un jeudi le 01/01/2004. Le vendredi 02/01/2004 est un pont potentiel — vérifiez auprès de votre employeur.,
Épiphanie,2004-01-06,,Christianisme|Culture|Gastronomie,"Célèbre la visite des Rois Mages à Jésus, 12 jours après Noël.",
Pleine Lune,2004-01-07,,Astronomie|Lunaire,La face de la Lune est entièrement éclairée par le Soleil.,
Dernier Quartier,2004-01-15,,Astronomie|Lunaire,Phase lunaire : Dernier Quartier.,
Nouvelle Lune,2004-01-21,,Astronomie|Lunaire,La face de la Lune tournée vers la Terre n'est pas éclairée — elle est invisible dans le ciel.,
Journée internationale de l'Éducation,2004-01-24,,Éducation|Société,Proclamée par l'ONU en 2019.,
Journée nationale de la Mémoire de la Shoah,2004-01-27,,Mémoire|Société,Commémore la libération du camp d'Auschwitz le 27 janvier 1945.,
Premier Quartier,2004-01-29,,Astronomie|Lunaire,La moitié droite de la Lune est éclairée. Mi-chemin entre la Nouvelle Lune et la Pleine Lune.,
Chandeleur,2004-02-02,,Culture|Christianisme|Gastronomie,"Fête de la Présentation de Jésus au Temple, 40 jours après Noël.",
Journée mondiale des zones humides,2004-02-02,,Environnement,Commémore la Convention de Ramsar signée le 2 février 1971.,
Journée mondiale contre le cancer,2004-02-04,,Santé,Initiée par l'Union Internationale Contre le Cancer depuis 2000.,
Pleine Lune,2004-02-06,,Astronomie|Lunaire,La face de la Lune est entièrement éclairée par le Soleil.,
Dernier Quartier,2004-02-13,,Astronomie|Lunaire,Phase lunaire : Dernier Quartier.,
Saint-Valentin,2004-02-14,,Fêtes|Culture,Fête des amoureux le 14 février.,
Nouvelle Lune,2004-02-20,,Astronomie|Lunaire,La face de la Lune tournée vers la Terre n'est pas éclairée — elle est invisible dans le ciel.,
Mardi Gras,2004-02-24,,Christianisme|Culture|Fêtes,"Dernier jour avant le Carême, où la tradition voulait qu'on fasse bombance avant l'abstinence.",
Début du Carême,2004-02-25,,Christianisme,"Le Carême commence le Mercredi des Cendres, 46 jours avant Pâques.",
Premier Quartier,2004-02-28,,Astronomie|Lunaire,La moitié droite de la Lune est éclairée. Mi-chemin entre la Nouvelle Lune et la Pleine Lune.,
Salon de l'Agriculture — Ouverture,2004-02-28,,Gastronomie|Agriculture|Culture,Le Salon International de l'Agriculture se tient chaque fin février à Paris.,
Jour supplémentaire (année bissextile),2004-02-29,,Dates spéciales,"Une année solaire dure 365,2422 jours. 2004 est l'une des années rares à 366 jours.",
Fête des Grands-Mères,2004-03-07,,Fêtes|Culture,Créée en 1987 par la marque de café Grand'Mère.,
Pleine Lune,2004-03-07,,Astronomie|Lunaire,La face de la Lune est entièrement éclairée par le Soleil.,
Journée internationale des femmes,2004-03-08,,Société,Issue des luttes ouvrières du début du XXe siècle en Europe et aux États-Unis.,
Dernier Quartier,2004-03-13,,Astronomie|Lunaire,Phase lunaire : Dernier Quartier.,
Saint-Patrick,2004-03-17,,Culture|Fêtes,"Fête nationale irlandaise le 17 mars, commémorant la mort de saint Patrick (461).",
Début du Printemps — Équinoxe de printemps,2004-03-20,,Saisons|Astronomie,L'équinoxe de printemps marque le début astronomique du printemps.,
Nouvelle Lune,2004-03-20,,Astronomie|Lunaire,La face de la Lune tournée vers la Terre n'est pas éclairée — elle est invisible dans le ciel.,
Journée nationale de lutte contre les discriminations,2004-03-21,,Société,Créée par l'ONU en 1966 en mémoire du massacre de Sharpeville.,
Journée mondiale de l'eau,2004-03-22,,Environnement|Société,Proclamée par l'ONU en 1993.,
Passage à l'heure d'été,2004-03-28,,Changement d'heure,"Dans la nuit du samedi au dimanche, les montres avancent d'une heure (2h → 3h).",
Premier Quartier,2004-03-29,,Astronomie|Lunaire,La moitié droite de la Lune est éclairée. Mi-chemin entre la Nouvelle Lune et la Pleine Lune.,
Poisson d'avril,2004-04-01,,Culture,Journée des farces et des canulars.,
Dimanche des Rameaux,2004-04-04,,Christianisme,Ouvre la Semaine Sainte en rappelant l'entrée triomphale de Jésus à Jérusalem.,
Pleine Lune,2004-04-05,,Astronomie|Lunaire,La face de la Lune est entièrement éclairée par le Soleil.,
Journée mondiale de la Santé,2004-04-07,,Santé,Commémore la fondation de l'OMS le 7 avril 1948.,
Vendredi Saint,2004-04-09,,Jours fériés|Christianisme,"Commémore la crucifixion du Christ. Jour férié uniquement en Alsace-Moselle (départements 57, 67, 68) en vertu du régime concordataire.",AM
Vendredi Saint,2004-04-09,,Christianisme,Commémore la crucifixion du Christ. Non férié en France depuis la loi de 1905 — sauf en Alsace-Moselle.,
Pâques,2004-04-11,,Christianisme,Fête chrétienne célébrant la résurrection du Christ. Sa date varie chaque année car elle suit le calendrier lunaire.,
Dernier Quartier,2004-04-12,,Astronomie|Lunaire,Phase lunaire : Dernier Quartier.,
Lundi de Pâques,2004-04-12,,Jours fériés|Christianisme,"Jour férié qui prolonge le dimanche de Pâques. La tradition des œufs vient du Carême : l'Église interdisait d'en manger pendant 40 jours, on offrait donc à Pâques ceux accumulés.",
Nouvelle Lune,2004-04-19,,Astronomie|Lunaire,La face de la Lune tournée vers la Terre n'est pas éclairée — elle est invisible dans le ciel.,
Jour de la Terre,2004-04-22,,Environnement|Société,Né le 22 avril 1970 après une marée noire en Californie.,
Premier Quartier,2004-04-27,,Astronomie|Lunaire,La moitié droite de la Lune est éclairée. Mi-chemin entre la Nouvelle Lune et la Pleine Lune.,
Fête du Travail,2004-05-01,,Jours fériés|Société,"Commémore la grève de Chicago du 1er mai 1886 pour les 8 heures de travail, réprimée dans le sang. Férié et chômé en France depuis 1947. La tradition d'offrir du muguet vient d'une coutume de Charles IX datant de 1561.",
Pleine Lune,2004-05-04,,Astronomie|Lunaire,La face de la Lune est entièrement éclairée par le Soleil.,
Fête de la Victoire 1945,2004-05-08,,Jours fériés,"Le 8 mai 1945, l'Allemagne nazie signe sa capitulation sans condition, mettant fin à la guerre en Europe. Férié depuis 1953, supprimé par Giscard en 1975, puis rétabli par Mitterrand en 1981.",
Abolition de l'esclavage en France — Commémoration,2004-05-10,,Mémoire|Société,Journée nationale instaurée par la loi Taubira de 2001.,
Dernier Quartier,2004-05-11,,Astronomie|Lunaire,Phase lunaire : Dernier Quartier.,
Festival de Cannes — Ouverture,2004-05-14,,Culture|Cinéma,"Le Festival International du Film de Cannes, créé en 1946.",
Nuit des Musées,2004-05-15,,Culture,Créée en France en 2005 et étendue à toute l'Europe.,
Nouvelle Lune,2004-05-19,,Astronomie|Lunaire,La face de la Lune tournée vers la Terre n'est pas éclairée — elle est invisible dans le ciel.,
Ascension,2004-05-20,,Jours fériés|Christianisme,"Fête chrétienne commémorant la montée du Christ au ciel, 40 jours après Pâques. Toujours un jeudi, ce qui en fait naturellement un pont avec le vendredi.",
Pont possible — Ascension,2004-05-21,,Ponts / Congés,Ascension tombe un jeudi le 20/05/2004. Le vendredi 21/05/2004 est un pont potentiel — vérifiez auprès de votre employeur.,
Journée mondiale de la biodiversité,2004-05-22,,Environnement,Commémore l'adoption de la Convention sur la Diversité Biologique à Rio.,
Journée nationale de la Résistance,2004-05-27,,Mémoire|Société,"Le 27 mai 1943, Jean Moulin préside la première réunion secrète du CNR.",
Premier Quartier,2004-05-27,,Astronomie|Lunaire,La moitié droite de la Lune est éclairée. Mi-chemin entre la Nouvelle Lune et la Pleine Lune.,
Fête des Voisins,2004-05-28,,Société,Créée en 2000 pour lutter contre l'isolement urbain.,
Pentecôte,2004-05-30,,Christianisme,"Célèbre la descente de l'Esprit Saint sur les apôtres, 50 jours après Pâques.",
Journée mondiale sans tabac,2004-05-31,,Santé,Lancée par l'OMS en 1987.,
Lundi de Pentecôte,2004-05-31,,Jours fériés|Christianisme,"Jour férié désigné depuis 2004 Journée de solidarité envers les personnes âgées. Les salariés travaillent ce jour sans rémunération supplémentaire, finançant ainsi la prise en charge de la dépendance — instauré après la canicule de 2003 qui fit 15 000 morts en France.",
Pleine Lune,2004-06-03,,Astronomie|Lunaire,La face de la Lune est entièrement éclairée par le Soleil.,
Débarquement en Normandie — Commémoration du Jour J,2004-06-06,,Mémoire|Dates spéciales,"Le 6 juin 1944, 156 000 soldats alliés débarquent sur les plages de Normandie.",
Fête des Mères,2004-06-06,,Fêtes|Culture,"Célébrée le dernier dimanche de mai, sauf si c'est la Pentecôte.",
Journée mondiale de l'océan,2004-06-08,,Environnement,Proposée lors du Sommet de la Terre de Rio en 1992.,
Dernier Quartier,2004-06-09,,Astronomie|Lunaire,Phase lunaire : Dernier Quartier.,
Nouvelle Lune,2004-06-17,,Astronomie|Lunaire,La face de la Lune tournée vers la Terre n'est pas éclairée — elle est invisible dans le ciel.,
Appel du 18 juin 1940 — Anniversaire,2004-06-18,,Mémoire|Dates spéciales,"Le 18 juin 1940, de Gaulle lance depuis Londres un appel à la Résistance sur la BBC.",
Fête des Pères,2004-06-20,,Fêtes|Culture,"Née aux États-Unis en 1910, introduite en France dans les années 1950.",
Début de l'Été — Solstice d'été,2004-06-21,,Saisons|Astronomie,Le solstice d'été est le jour le plus long de l'année.,
Fête de la Musique,2004-06-21,,Culture|Fêtes,Créée en 1982 par le ministre Jack Lang.,
Jour le plus long de l'année,2004-06-21,,Saisons|Astronomie,Le 21 June est le jour le plus long de l'année 2004.,
Premier Quartier,2004-06-25,,Astronomie|Lunaire,La moitié droite de la Lune est éclairée. Mi-chemin entre la Nouvelle Lune et la Pleine Lune.,
Fête du Cinéma,2004-06-27,,Culture|Cinéma,"Créée en 1985, elle propose chaque fin juin des places à tarif réduit.",
Milieu de l'année,2004-07-01,,Dates spéciales,Ce jour marque le point médian exact de l'année 2004.,
Pleine Lune,2004-07-02,,Astronomie|Lunaire,La face de la Lune est entièrement éclairée par le Soleil.,
Festival d'Avignon — Ouverture,2004-07-05,,Culture|Théâtre,Créé par Jean Vilar en 1947 dans la cour du Palais des Papes.,
Dernier Quartier,2004-07-09,,Astronomie|Lunaire,Phase lunaire : Dernier Quartier.,
Commémoration de la Rafle du Vél d'Hiv,2004-07-11,,Mémoire|Société,"Les 16-17 juillet 1942, la police française arrêta 13 152 Juifs à Paris.",
Fête Nationale,2004-07-14,,Jours fériés|Société|Dates spéciales,Commémore la prise de la Bastille le 14 juillet 1789.,
Fête nationale,2004-07-14,,Jours fériés,"Commémore la prise de la Bastille le 14 juillet 1789, symbole de la Révolution française. Jour férié depuis 1880. Défilé militaire sur les Champs-Élysées, bals des pompiers et feux d'artifice dans toute la France.",
Nouvelle Lune,2004-07-17,,Astronomie|Lunaire,La face de la Lune tournée vers la Terre n'est pas éclairée — elle est invisible dans le ciel.,
Premier Quartier,2004-07-25,,Astronomie|Lunaire,La moitié droite de la Lune est éclairée. Mi-chemin entre la Nouvelle Lune et la Pleine Lune.,
Pleine Lune,2004-07-31,,Astronomie|Lunaire,La face de la Lune est entièrement éclairée par le Soleil.,
Nuit des Étoiles,2004-08-07,,Astronomie|Éducation|Culture,Organisée chaque premier week-end d'août par l'Association Française d'Astronomie depuis 1991.,
Dernier Quartier,2004-08-08,,Astronomie|Lunaire,Phase lunaire : Dernier Quartier.,
Assomption,2004-08-15,,Jours fériés,"Célèbre l'élévation de la Vierge Marie au ciel. Fête chrétienne ancienne, jour férié en France depuis le Concordat de 1802. Elle tombe en plein cœur de l'été, au milieu des grandes vacances.",
Assomption de Marie,2004-08-15,,Christianisme|Jours fériés,Célèbre l'élévation de la Vierge Marie au ciel.,
Nouvelle Lune,2004-08-16,,Astronomie|Lunaire,La face de la Lune tournée vers la Terre n'est pas éclairée — elle est invisible dans le ciel.,
Premier Quartier,2004-08-23,,Astronomie|Lunaire,La moitié droite de la Lune est éclairée. Mi-chemin entre la Nouvelle Lune et la Pleine Lune.,
Pleine Lune,2004-08-30,,Astronomie|Lunaire,La face de la Lune est entièrement éclairée par le Soleil.,
Rentrée des classes,2004-09-02,,Éducation|Société,La rentrée de septembre mobilise 12 millions d'élèves et 870 000 enseignants en France.,
Braderie de Lille,2004-09-04,,Culture|Commerce,"Plus grande braderie d'Europe, organisée le premier week-end de septembre à Lille.",
Dernier Quartier,2004-09-06,,Astronomie|Lunaire,Phase lunaire : Dernier Quartier.,
Nouvelle Lune,2004-09-14,,Astronomie|Lunaire,La face de la Lune tournée vers la Terre n'est pas éclairée — elle est invisible dans le ciel.,
Journées du Patrimoine,2004-09-18,,Culture|Société,"Créées en France en 1984 par Jack Lang, étendues à toute l'Europe en 1991.",
Premier Quartier,2004-09-21,,Astronomie|Lunaire,La moitié droite de la Lune est éclairée. Mi-chemin entre la Nouvelle Lune et la Pleine Lune.,
Début de l'Automne — Équinoxe d'automne,2004-09-22,,Saisons|Astronomie,L'équinoxe d'automne marque le début de l'automne.,
Journée mondiale sans voiture,2004-09-22,,Environnement|Société,Lancée en France en 1998 par La Rochelle.,
Pleine Lune,2004-09-28,,Astronomie|Lunaire,La face de la Lune est entièrement éclairée par le Soleil.,
Journée mondiale du cacao et du chocolat,2004-10-01,,Gastronomie|Culture,Célébrée le 1er octobre et associée à l'Organisation internationale du cacao (ICCO).,
Lancement d'Octobre Rose,2004-10-01,,Santé,Tout octobre est dédié à la sensibilisation au cancer du sein.,
Nuit Blanche,2004-10-02,,Culture,Initiée à Paris en 2002 par le maire Bertrand Delanoë.,
Fête des Grands-Pères,2004-10-03,,Fêtes|Culture,"Créée en 2008, elle a lieu chaque premier dimanche d'octobre.",
Dernier Quartier,2004-10-06,,Astronomie|Lunaire,Phase lunaire : Dernier Quartier.,
Journée mondiale de la santé mentale,2004-10-10,,Santé|Société,Créée par la Fédération Mondiale pour la Santé Mentale en 1992.,
Semaine du Goût,2004-10-11,,Gastronomie|Culture,Créée en 1990 par le chef Joël Robuchon.,
Nouvelle Lune,2004-10-14,,Astronomie|Lunaire,La face de la Lune tournée vers la Terre n'est pas éclairée — elle est invisible dans le ciel.,
Journée mondiale de l'alimentation,2004-10-16,,Gastronomie|Société|Santé,Commémore la fondation de la FAO le 16 octobre 1945.,
Premier Quartier,2004-10-20,,Astronomie|Lunaire,La moitié droite de la Lune est éclairée. Mi-chemin entre la Nouvelle Lune et la Pleine Lune.,
Pleine Lune,2004-10-28,,Astronomie|Lunaire,La face de la Lune est entièrement éclairée par le Soleil.,
Halloween,2004-10-31,,Culture|Fêtes,Fête d'origine celtique (la nuit de Samain) christianisée puis popularisée par la diaspora irlandaise.,
Passage à l'heure d'hiver,2004-10-31,,Changement d'heure,"Dans la nuit du samedi au dimanche, les montres reculent d'une heure (3h → 2h).",
Lancement du Mois sans Tabac,2004-11-01,,Santé,Lancé en France en 2016 par Santé Publique France.,
Toussaint,2004-11-01,,Jours fériés|Christianisme,"Fête de tous les saints, instituée par le pape Grégoire IV en 835. En France, la tradition de fleurir les tombes avec des chrysanthèmes s'est greffée dessus — ces fleurs sont désormais intimement liées à ce jour.",
Journée nationale de l'arbre,2004-11-04,,Environnement,Célébrée chaque premier jeudi de novembre.,
Dernier Quartier,2004-11-05,,Astronomie|Lunaire,Phase lunaire : Dernier Quartier.,
Armistice 1918,2004-11-11,,Jours fériés,"Le 11 novembre 1918 à 11h, l'armistice met fin à la Première Guerre mondiale après quatre ans de combats. Jour férié depuis 1922. Chaque commune française a son monument aux morts — 36 000 érigés entre 1920 et 1925.",
Armistice de 1918 — Journée du Souvenir,2004-11-11,,Jours fériés|Mémoire|Dates spéciales,"Le 11 novembre 1918 à 11h, l'armistice met fin à la Première Guerre mondiale.",
Nouvelle Lune,2004-11-12,,Astronomie|Lunaire,La face de la Lune tournée vers la Terre n'est pas éclairée — elle est invisible dans le ciel.,
Pont possible — Armistice 1918,2004-11-12,,Ponts / Congés,Armistice 1918 tombe un jeudi le 11/11/2004. Le vendredi 12/11/2004 est un pont potentiel — vérifiez auprès de votre employeur.,
Beaujolais Nouveau,2004-11-18,,Gastronomie|Culture|Commercial,"Chaque troisième jeudi de novembre, le Beaujolais Nouveau est mis en vente.",
Premier Quartier,2004-11-19,,Astronomie|Lunaire,La moitié droite de la Lune est éclairée. Mi-chemin entre la Nouvelle Lune et la Pleine Lune.,
Journée internationale des droits de l'enfant,2004-11-20,,Société,Commémore l'adoption de la Convention des Nations Unies relative aux droits de l'enfant.,
Pleine Lune,2004-11-26,,Astronomie|Lunaire,La face de la Lune est entièrement éclairée par le Soleil.,
Fête de la Bretagne,2004-11-30,,Culture|Société,Célébrée le 30 novembre (Saint-André) depuis les années 1990.,
Journée mondiale des personnes handicapées,2004-12-03,,Société,Instaurée par l'ONU en 1992.,
Dernier Quartier,2004-12-05,,Astronomie|Lunaire,Phase lunaire : Dernier Quartier.,
Journée mondiale du Bénévolat,2004-12-05,,Société,Créée par l'ONU en 1985.,
Saint-Nicolas,2004-12-06,,Christianisme|Culture|Fêtes,"Fête de Nicolas de Myre, évêque du IVe siècle devenu patron des enfants.",
Journée de la Laïcité,2004-12-09,,Société|Dates spéciales,Commémore la loi du 9 décembre 1905 séparant les Églises de l'État.,
Nouvelle Lune,2004-12-12,,Astronomie|Lunaire,La face de la Lune tournée vers la Terre n'est pas éclairée — elle est invisible dans le ciel.,
Premier Quartier,2004-12-18,,Astronomie|Lunaire,La moitié droite de la Lune est éclairée. Mi-chemin entre la Nouvelle Lune et la Pleine Lune.,
Début de l'Hiver — Solstice d'hiver,2004-12-21,,Saisons|Astronomie,Le solstice d'hiver est le jour le plus court de l'année.,
Jour le plus court de l'année,2004-12-21,,Saisons|Astronomie,Le 21 December est le jour le plus court de l'année 2004.,
Noël,2004-12-25,,Jours fériés|Christianisme|Fêtes,"Célèbre la naissance du Christ. La date du 25 décembre a été fixée au IVe siècle sur une fête solaire romaine préexistante. Le sapin, la bûche et les cadeaux sont des traditions popularisées bien plus tard, au XIXe siècle.",
Pleine Lune,2004-12-26,,Astronomie|Lunaire,La face de la Lune est entièrement éclairée par le Soleil.,
Saint-Étienne,2004-12-26,,Jours fériés|Christianisme,"Le 26 décembre est férié uniquement en Alsace-Moselle (depts 57, 67, 68). Fête de saint Étienne, premier martyr chrétien.",AM
Année avec 53e semaine ISO,2004-12-28,,Dates spéciales,L'année 2004 comporte une semaine 53 dans le calendrier ISO.,
Dernier jour de l'année,2004-12-31,,Dates spéciales,Clôture de l'année civile 2004.,
Saint-Sylvestre / Réveillon du Nouvel An,2004-12-31,,Fêtes|Culture,"Dernier jour de l'année, nommé d'après le pape Sylvestre Ier mort ce jour en 335.",
Jour de l'an,2005-01-01,,Jours fériés,Premier jour de l'année civile grégorienne. La tradition des vœux existe depuis l'Antiquité romaine. Le gui porte-bonheur vient d'une coutume druidique bien antérieure au christianisme.,
Dernier Quartier,2005-01-03,,Astronomie|Lunaire,Phase lunaire : Dernier Quartier.,
Épiphanie,2005-01-06,,Christianisme|Culture|Gastronomie,"Célèbre la visite des Rois Mages à Jésus, 12 jours après Noël.",
Nouvelle Lune,2005-01-10,,Astronomie|Lunaire,La face de la Lune tournée vers la Terre n'est pas éclairée — elle est invisible dans le ciel.,
Premier Quartier,2005-01-17,,Astronomie|Lunaire,La moitié droite de la Lune est éclairée. Mi-chemin entre la Nouvelle Lune et la Pleine Lune.,
Journée internationale de l'Éducation,2005-01-24,,Éducation|Société,Proclamée par l'ONU en 2019.,
Pleine Lune,2005-01-25,,Astronomie|Lunaire,La face de la Lune est entièrement éclairée par le Soleil.,
Journée nationale de la Mémoire de la Shoah,2005-01-27,,Mémoire|Société,Commémore la libération du camp d'Auschwitz le 27 janvier 1945.,
Chandeleur,2005-02-02,,Culture|Christianisme|Gastronomie,"Fête de la Présentation de Jésus au Temple, 40 jours après Noël.",
Dernier Quartier,2005-02-02,,Astronomie|Lunaire,Phase lunaire : Dernier Quartier.,
Journée mondiale des zones humides,2005-02-02,,Environnement,Commémore la Convention de Ramsar signée le 2 février 1971.,
Journée mondiale contre le cancer,2005-02-04,,Santé,Initiée par l'Union Internationale Contre le Cancer depuis 2000.,
Mardi Gras,2005-02-08,,Christianisme|Culture|Fêtes,"Dernier jour avant le Carême, où la tradition voulait qu'on fasse bombance avant l'abstinence.",
Nouvelle Lune,2005-02-08,,Astronomie|Lunaire,La face de la Lune tournée vers la Terre n'est pas éclairée — elle est invisible dans le ciel.,
Début du Carême,2005-02-09,,Christianisme,"Le Carême commence le Mercredi des Cendres, 46 jours avant Pâques.",
Saint-Valentin,2005-02-14,,Fêtes|Culture,Fête des amoureux le 14 février.,
Premier Quartier,2005-02-16,,Astronomie|Lunaire,La moitié droite de la Lune est éclairée. Mi-chemin entre la Nouvelle Lune et la Pleine Lune.,
Pleine Lune,2005-02-24,,Astronomie|Lunaire,La face de la Lune est entièrement éclairée par le Soleil.,
Salon de l'Agriculture — Ouverture,2005-02-26,,Gastronomie|Agriculture|Culture,Le Salon International de l'Agriculture se tient chaque fin février à Paris.,
Dernier Quartier,2005-03-03,,Astronomie|Lunaire,Phase lunaire : Dernier Quartier.,
Fête des Grands-Mères,2005-03-06,,Fêtes|Culture,Créée en 1987 par la marque de café Grand'Mère.,
Journée internationale des femmes,2005-03-08,,Société,Issue des luttes ouvrières du début du XXe siècle en Europe et aux États-Unis.,
Nouvelle Lune,2005-03-10,,Astronomie|Lunaire,La face de la Lune tournée vers la Terre n'est pas éclairée — elle est invisible dans le ciel.,
Premier Quartier,2005-03-17,,Astronomie|Lunaire,La moitié droite de la Lune est éclairée. Mi-chemin entre la Nouvelle Lune et la Pleine Lune.,
Saint-Patrick,2005-03-17,,Culture|Fêtes,"Fête nationale irlandaise le 17 mars, commémorant la mort de saint Patrick (461).",
Dimanche des Rameaux,2005-03-20,,Christianisme,Ouvre la Semaine Sainte en rappelant l'entrée triomphale de Jésus à Jérusalem.,
Début du Printemps — Équinoxe de printemps,2005-03-20,,Saisons|Astronomie,L'équinoxe de printemps marque le début astronomique du printemps.,
Journée nationale de lutte contre les discriminations,2005-03-21,,Société,Créée par l'ONU en 1966 en mémoire du massacre de Sharpeville.,
Journée mondiale de l'eau,2005-03-22,,Environnement|Société,Proclamée par l'ONU en 1993.,
Pleine Lune,2005-03-25,,Astronomie|Lunaire,La face de la Lune est entièrement éclairée par le Soleil.,
Vendredi Saint,2005-03-25,,Jours fériés|Christianisme,"Commémore la crucifixion du Christ. Jour férié uniquement en Alsace-Moselle (départements 57, 67, 68) en vertu du régime concordataire.",AM
Vendredi Saint,2005-03-25,,Christianisme,Commémore la crucifixion du Christ. Non férié en France depuis la loi de 1905 — sauf en Alsace-Moselle.,
Passage à l'heure d'été,2005-03-27,,Changement d'heure,"Dans la nuit du samedi au dimanche, les montres avancent d'une heure (2h → 3h).",
Pâques,2005-03-27,,Christianisme,Fête chrétienne célébrant la résurrection du Christ. Sa date varie chaque année car elle suit le calendrier lunaire.,
Lundi de Pâques,2005-03-28,,Jours fériés|Christianisme,"Jour férié qui prolonge le dimanche de Pâques. La tradition des œufs vient du Carême : l'Église interdisait d'en manger pendant 40 jours, on offrait donc à Pâques ceux accumulés.",
Poisson d'avril,2005-04-01,,Culture,Journée des farces et des canulars.,
Dernier Quartier,2005-04-02,,Astronomie|Lunaire,Phase lunaire : Dernier Quartier.,
Journée mondiale de la Santé,2005-04-07,,Santé,Commémore la fondation de l'OMS le 7 avril 1948.,
Nouvelle Lune,2005-04-08,,Astronomie|Lunaire,La face de la Lune tournée vers la Terre n'est pas éclairée — elle est invisible dans le ciel.,
Premier Quartier,2005-04-16,,Astronomie|Lunaire,La moitié droite de la Lune est éclairée. Mi-chemin entre la Nouvelle Lune et la Pleine Lune.,
Jour de la Terre,2005-04-22,,Environnement|Société,Né le 22 avril 1970 après une marée noire en Californie.,
Pleine Lune,2005-04-24,,Astronomie|Lunaire,La face de la Lune est entièrement éclairée par le Soleil.,
Dernier Quartier,2005-05-01,,Astronomie|Lunaire,Phase lunaire : Dernier Quartier.,
Fête du Travail,2005-05-01,,Jours fériés|Société,"Commémore la grève de Chicago du 1er mai 1886 pour les 8 heures de travail, réprimée dans le sang. Férié et chômé en France depuis 1947. La tradition d'offrir du muguet vient d'une coutume de Charles IX datant de 1561.",
Ascension,2005-05-05,,Jours fériés|Christianisme,"Fête chrétienne commémorant la montée du Christ au ciel, 40 jours après Pâques. Toujours un jeudi, ce qui en fait naturellement un pont avec le vendredi.",
Pont possible — Ascension,2005-05-06,,Ponts / Congés,Ascension tombe un jeudi le 05/05/2005. Le vendredi 06/05/2005 est un pont potentiel — vérifiez auprès de votre employeur.,
Fête de la Victoire 1945,2005-05-08,,Jours fériés,"Le 8 mai 1945, l'Allemagne nazie signe sa capitulation sans condition, mettant fin à la guerre en Europe. Férié depuis 1953, supprimé par Giscard en 1975, puis rétabli par Mitterrand en 1981.",
Nouvelle Lune,2005-05-08,,Astronomie|Lunaire,La face de la Lune tournée vers la Terre n'est pas éclairée — elle est invisible dans le ciel.,
Abolition de l'esclavage en France — Commémoration,2005-05-10,,Mémoire|Société,Journée nationale instaurée par la loi Taubira de 2001.,
Festival de Cannes — Ouverture,2005-05-14,,Culture|Cinéma,"Le Festival International du Film de Cannes, créé en 1946.",
Pentecôte,2005-05-15,,Christianisme,"Célèbre la descente de l'Esprit Saint sur les apôtres, 50 jours après Pâques.",
Lundi de Pentecôte,2005-05-16,,Christianisme|Jours fériés,Jour férié désigné depuis 2004 Journée de solidarité envers les personnes âgées.,
Premier Quartier,2005-05-16,,Astronomie|Lunaire,La moitié droite de la Lune est éclairée. Mi-chemin entre la Nouvelle Lune et la Pleine Lune.,
Nuit des Musées,2005-05-21,,Culture,Créée en France en 2005 et étendue à toute l'Europe.,
Journée mondiale de la biodiversité,2005-05-22,,Environnement,Commémore l'adoption de la Convention sur la Diversité Biologique à Rio.,
Pleine Lune,2005-05-23,,Astronomie|Lunaire,La face de la Lune est entièrement éclairée par le Soleil.,
Fête des Voisins,2005-05-27,,Société,Créée en 2000 pour lutter contre l'isolement urbain.,
Journée nationale de la Résistance,2005-05-27,,Mémoire|Société,"Le 27 mai 1943, Jean Moulin préside la première réunion secrète du CNR.",
Fête des Mères,2005-05-29,,Fêtes|Culture,"Célébrée le dernier dimanche de mai, sauf si c'est la Pentecôte.",
Dernier Quartier,2005-05-30,,Astronomie|Lunaire,Phase lunaire : Dernier Quartier.,
Journée mondiale sans tabac,2005-05-31,,Santé,Lancée par l'OMS en 1987.,
Débarquement en Normandie — Commémoration du Jour J,2005-06-06,,Mémoire|Dates spéciales,"Le 6 juin 1944, 156 000 soldats alliés débarquent sur les plages de Normandie.",
Nouvelle Lune,2005-06-06,,Astronomie|Lunaire,La face de la Lune tournée vers la Terre n'est pas éclairée — elle est invisible dans le ciel.,
Journée mondiale de l'océan,2005-06-08,,Environnement,Proposée lors du Sommet de la Terre de Rio en 1992.,
Premier Quartier,2005-06-15,,Astronomie|Lunaire,La moitié droite de la Lune est éclairée. Mi-chemin entre la Nouvelle Lune et la Pleine Lune.,
Appel du 18 juin 1940 — Anniversaire,2005-06-18,,Mémoire|Dates spéciales,"Le 18 juin 1940, de Gaulle lance depuis Londres un appel à la Résistance sur la BBC.",
Fête des Pères,2005-06-19,,Fêtes|Culture,"Née aux États-Unis en 1910, introduite en France dans les années 1950.",
Début de l'Été — Solstice d'été,2005-06-21,,Saisons|Astronomie,Le solstice d'été est le jour le plus long de l'année.,
Fête de la Musique,2005-06-21,,Culture|Fêtes,Créée en 1982 par le ministre Jack Lang.,
Jour le plus long de l'année,2005-06-21,,Saisons|Astronomie,Le 21 June est le jour le plus long de l'année 2005.,
Pleine Lune,2005-06-22,,Astronomie|Lunaire,La face de la Lune est entièrement éclairée par le Soleil.,
Fête du Cinéma,2005-06-26,,Culture|Cinéma,"Créée en 1985, elle propose chaque fin juin des places à tarif réduit.",
Dernier Quartier,2005-06-28,,Astronomie|Lunaire,Phase lunaire : Dernier Quartier.,
Milieu de l'année,2005-07-02,,Dates spéciales,Ce jour marque le point médian exact de l'année 2005.,
Festival d'Avignon — Ouverture,2005-07-05,,Culture|Théâtre,Créé par Jean Vilar en 1947 dans la cour du Palais des Papes.,
Nouvelle Lune,2005-07-06,,Astronomie|Lunaire,La face de la Lune tournée vers la Terre n'est pas éclairée — elle est invisible dans le ciel.,
Commémoration de la Rafle du Vél d'Hiv,2005-07-10,,Mémoire|Société,"Les 16-17 juillet 1942, la police française arrêta 13 152 Juifs à Paris.",
Fête Nationale,2005-07-14,,Jours fériés|Société|Dates spéciales,Commémore la prise de la Bastille le 14 juillet 1789.,
Fête nationale,2005-07-14,,Jours fériés,"Commémore la prise de la Bastille le 14 juillet 1789, symbole de la Révolution française. Jour férié depuis 1880. Défilé militaire sur les Champs-Élysées, bals des pompiers et feux d'artifice dans toute la France.",
Premier Quartier,2005-07-14,,Astronomie|Lunaire,La moitié droite de la Lune est éclairée. Mi-chemin entre la Nouvelle Lune et la Pleine Lune.,
Pont possible — Fête nationale,2005-07-15,,Ponts / Congés,Fête nationale tombe un jeudi le 14/07/2005. Le vendredi 15/07/2005 est un pont potentiel — vérifiez auprès de votre employeur.,
Pleine Lune,2005-07-21,,Astronomie|Lunaire,La face de la Lune est entièrement éclairée par le Soleil.,
Dernier Quartier,2005-07-28,,Astronomie|Lunaire,Phase lunaire : Dernier Quartier.,
Nouvelle Lune,2005-08-05,,Astronomie|Lunaire,La face de la Lune tournée vers la Terre n'est pas éclairée — elle est invisible dans le ciel.,
Nuit des Étoiles,2005-08-06,,Astronomie|Éducation|Culture,Organisée chaque premier week-end d'août par l'Association Française d'Astronomie depuis 1991.,
Premier Quartier,2005-08-13,,Astronomie|Lunaire,La moitié droite de la Lune est éclairée. Mi-chemin entre la Nouvelle Lune et la Pleine Lune.,
Assomption,2005-08-15,,Jours fériés,"Célèbre l'élévation de la Vierge Marie au ciel. Fête chrétienne ancienne, jour férié en France depuis le Concordat de 1802. Elle tombe en plein cœur de l'été, au milieu des grandes vacances.",
Assomption de Marie,2005-08-15,,Christianisme|Jours fériés,Célèbre l'élévation de la Vierge Marie au ciel.,
Pleine Lune,2005-08-19,,Astronomie|Lunaire,La face de la Lune est entièrement éclairée par le Soleil.,
Dernier Quartier,2005-08-26,,Astronomie|Lunaire,Phase lunaire : Dernier Quartier.,
Rentrée des classes,2005-09-02,,Éducation|Société,La rentrée de septembre mobilise 12 millions d'élèves et 870 000 enseignants en France.,
Braderie de Lille,2005-09-03,,Culture|Commerce,"Plus grande braderie d'Europe, organisée le premier week-end de septembre à Lille.",
Nouvelle Lune,2005-09-03,,Astronomie|Lunaire,La face de la Lune tournée vers la Terre n'est pas éclairée — elle est invisible dans le ciel.,
Premier Quartier,2005-09-11,,Astronomie|Lunaire,La moitié droite de la Lune est éclairée. Mi-chemin entre la Nouvelle Lune et la Pleine Lune.,
Journées du Patrimoine,2005-09-17,,Culture|Société,"Créées en France en 1984 par Jack Lang, étendues à toute l'Europe en 1991.",
Pleine Lune,2005-09-18,,Astronomie|Lunaire,La face de la Lune est entièrement éclairée par le Soleil.,
Début de l'Automne — Équinoxe d'automne,2005-09-22,,Saisons|Astronomie,L'équinoxe d'automne marque le début de l'automne.,
Journée mondiale sans voiture,2005-09-22,,Environnement|Société,Lancée en France en 1998 par La Rochelle.,
Dernier Quartier,2005-09-25,,Astronomie|Lunaire,Phase lunaire : Dernier Quartier.,
Journée mondiale du cacao et du chocolat,2005-10-01,,Gastronomie|Culture,Célébrée le 1er octobre et associée à l'Organisation internationale du cacao (ICCO).,
Lancement d'Octobre Rose,2005-10-01,,Santé,Tout octobre est dédié à la sensibilisation au cancer du sein.,
Nuit Blanche,2005-10-01,,Culture,Initiée à Paris en 2002 par le maire Bertrand Delanoë.,
Fête des Grands-Pères,2005-10-02,,Fêtes|Culture,"Créée en 2008, elle a lieu chaque premier dimanche d'octobre.",
Nouvelle Lune,2005-10-03,,Astronomie|Lunaire,La face de la Lune tournée vers la Terre n'est pas éclairée — elle est invisible dans le ciel.,
Journée mondiale de la santé mentale,2005-10-10,,Santé|Société,Créée par la Fédération Mondiale pour la Santé Mentale en 1992.,
Premier Quartier,2005-10-10,,Astronomie|Lunaire,La moitié droite de la Lune est éclairée. Mi-chemin entre la Nouvelle Lune et la Pleine Lune.,
Semaine du Goût,2005-10-10,,Gastronomie|Culture,Créée en 1990 par le chef Joël Robuchon.,
Journée mondiale de l'alimentation,2005-10-16,,Gastronomie|Société|Santé,Commémore la fondation de la FAO le 16 octobre 1945.,
Pleine Lune,2005-10-17,,Astronomie|Lunaire,La face de la Lune est entièrement éclairée par le Soleil.,
Dernier Quartier,2005-10-25,,Astronomie|Lunaire,Phase lunaire : Dernier Quartier.,
Passage à l'heure d'hiver,2005-10-30,,Changement d'heure,"Dans la nuit du samedi au dimanche, les montres reculent d'une heure (3h → 2h).",
Halloween,2005-10-31,,Culture|Fêtes,Fête d'origine celtique (la nuit de Samain) christianisée puis popularisée par la diaspora irlandaise.,
Pont possible — Toussaint,2005-10-31,,Ponts / Congés,Toussaint tombe un mardi le 01/11/2005. Le lundi 31/10/2005 est un pont potentiel — vérifiez auprès de votre employeur.,
Lancement du Mois sans Tabac,2005-11-01,,Santé,Lancé en France en 2016 par Santé Publique France.,
Toussaint,2005-11-01,,Jours fériés|Christianisme,"Fête de tous les saints, instituée par le pape Grégoire IV en 835. En France, la tradition de fleurir les tombes avec des chrysanthèmes s'est greffée dessus — ces fleurs sont désormais intimement liées à ce jour.",
Nouvelle Lune,2005-11-02,,Astronomie|Lunaire,La face de la Lune tournée vers la Terre n'est pas éclairée — elle est invisible dans le ciel.,
Journée nationale de l'arbre,2005-11-03,,Environnement,Célébrée chaque premier jeudi de novembre.,
Premier Quartier,2005-11-09,,Astronomie|Lunaire,La moitié droite de la Lune est éclairée. Mi-chemin entre la Nouvelle Lune et la Pleine Lune.,
Armistice 1918,2005-11-11,,Jours fériés,"Le 11 novembre 1918 à 11h, l'armistice met fin à la Première Guerre mondiale après quatre ans de combats. Jour férié depuis 1922. Chaque commune française a son monument aux morts — 36 000 érigés entre 1920 et 1925.",
Armistice de 1918 — Journée du Souvenir,2005-11-11,,Jours fériés|Mémoire|Dates spéciales,"Le 11 novembre 1918 à 11h, l'armistice met fin à la Première Guerre mondiale.",
Pleine Lune,2005-11-16,,Astronomie|Lunaire,La face de la Lune est entièrement éclairée par le Soleil.,
Beaujolais Nouveau,2005-11-17,,Gastronomie|Culture|Commercial,"Chaque troisième jeudi de novembre, le Beaujolais Nouveau est mis en vente.",
Journée internationale des droits de l'enfant,2005-11-20,,Société,Commémore l'adoption de la Convention des Nations Unies relative aux droits de l'enfant.,
Dernier Quartier,2005-11-23,,Astronomie|Lunaire,Phase lunaire : Dernier Quartier.,
Fête de la Bretagne,2005-11-30,,Culture|Société,Célébrée le 30 novembre (Saint-André) depuis les années 1990.,
Nouvelle Lune,2005-12-01,,Astronomie|Lunaire,La face de la Lune tournée vers la Terre n'est pas éclairée — elle est invisible dans le ciel.,
Journée mondiale des personnes handicapées,2005-12-03,,Société,Instaurée par l'ONU en 1992.,
Journée mondiale du Bénévolat,2005-12-05,,Société,Créée par l'ONU en 1985.,
Saint-Nicolas,2005-12-06,,Christianisme|Culture|Fêtes,"Fête de Nicolas de Myre, évêque du IVe siècle devenu patron des enfants.",
Premier Quartier,2005-12-08,,Astronomie|Lunaire,La moitié droite de la Lune est éclairée. Mi-chemin entre la Nouvelle Lune et la Pleine Lune.,
Journée de la Laïcité,2005-12-09,,Société|Dates spéciales,Commémore la loi du 9 décembre 1905 séparant les Églises de l'État.,
Pleine Lune,2005-12-15,,Astronomie|Lunaire,La face de la Lune est entièrement éclairée par le Soleil.,
Début de l'Hiver — Solstice d'hiver,2005-12-21,,Saisons|Astronomie,Le solstice d'hiver est le jour le plus court de l'année.,
Jour le plus court de l'année,2005-12-21,,Saisons|Astronomie,Le 21 December est le jour le plus court de l'année 2005.,
Dernier Quartier,2005-12-23,,Astronomie|Lunaire,Phase lunaire : Dernier Quartier.,
Noël,2005-12-25,,Jours fériés|Christianisme|Fêtes,"Célèbre la naissance du Christ. La date du 25 décembre a été fixée au IVe siècle sur une fête solaire romaine préexistante. Le sapin, la bûche et les cadeaux sont des traditions popularisées bien plus tard, au XIXe siècle.",
Saint-Étienne,2005-12-26,,Jours fériés|Christianisme,"Le 26 décembre est férié uniquement en Alsace-Moselle (depts 57, 67, 68). Fête de saint Étienne, premier martyr chrétien.",AM
Dernier jour de l'année,2005-12-31,,Dates spéciales,Clôture de l'année civile 2005.,
Nouvelle Lune,2005-12-31,,Astronomie|Lunaire,La face de la Lune tournée vers la Terre n'est pas éclairée — elle est invisible dans le ciel.,
Saint-Sylvestre / Réveillon du Nouvel An,2005-12-31,,Fêtes|Culture,"Dernier jour de l'année, nommé d'après le pape Sylvestre Ier mort ce jour en 335.",
Jour de l'an,2006-01-01,,Jours fériés,Premier jour de l'année civile grégorienne. La tradition des vœux existe depuis l'Antiquité romaine. Le gui porte-bonheur vient d'une coutume druidique bien antérieure au christianisme.,
Premier Quartier,2006-01-06,,Astronomie|Lunaire,La moitié droite de la Lune est éclairée. Mi-chemin entre la Nouvelle Lune et la Pleine Lune.,
Épiphanie,2006-01-06,,Christianisme|Culture|Gastronomie,"Célèbre la visite des Rois Mages à Jésus, 12 jours après Noël.",
Pleine Lune,2006-01-14,,Astronomie|Lunaire,La face de la Lune est entièrement éclairée par le Soleil.,
Dernier Quartier,2006-01-22,,Astronomie|Lunaire,Phase lunaire : Dernier Quartier.,
Journée internationale de l'Éducation,2006-01-24,,Éducation|Société,Proclamée par l'ONU en 2019.,
Journée nationale de la Mémoire de la Shoah,2006-01-27,,Mémoire|Société,Commémore la libération du camp d'Auschwitz le 27 janvier 1945.,
Nouvelle Lune,2006-01-29,,Astronomie|Lunaire,La face de la Lune tournée vers la Terre n'est pas éclairée — elle est invisible dans le ciel.,
Chandeleur,2006-02-02,,Culture|Christianisme|Gastronomie,"Fête de la Présentation de Jésus au Temple, 40 jours après Noël.",
Journée mondiale des zones humides,2006-02-02,,Environnement,Commémore la Convention de Ramsar signée le 2 février 1971.,
Journée mondiale contre le cancer,2006-02-04,,Santé,Initiée par l'Union Internationale Contre le Cancer depuis 2000.,
Premier Quartier,2006-02-05,,Astronomie|Lunaire,La moitié droite de la Lune est éclairée. Mi-chemin entre la Nouvelle Lune et la Pleine Lune.,
Pleine Lune,2006-02-13,,Astronomie|Lunaire,La face de la Lune est entièrement éclairée par le Soleil.,
Saint-Valentin,2006-02-14,,Fêtes|Culture,Fête des amoureux le 14 février.,
Dernier Quartier,2006-02-21,,Astronomie|Lunaire,Phase lunaire : Dernier Quartier.,
Salon de l'Agriculture — Ouverture,2006-02-25,,Gastronomie|Agriculture|Culture,Le Salon International de l'Agriculture se tient chaque fin février à Paris.,
Mardi Gras,2006-02-28,,Christianisme|Culture|Fêtes,"Dernier jour avant le Carême, où la tradition voulait qu'on fasse bombance avant l'abstinence.",
Nouvelle Lune,2006-02-28,,Astronomie|Lunaire,La face de la Lune tournée vers la Terre n'est pas éclairée — elle est invisible dans le ciel.,
Début du Carême,2006-03-01,,Christianisme,"Le Carême commence le Mercredi des Cendres, 46 jours avant Pâques.",
Fête des Grands-Mères,2006-03-05,,Fêtes|Culture,Créée en 1987 par la marque de café Grand'Mère.,
Premier Quartier,2006-03-06,,Astronomie|Lunaire,La moitié droite de la Lune est éclairée. Mi-chemin entre la Nouvelle Lune et la Pleine Lune.,
Journée internationale des femmes,2006-03-08,,Société,Issue des luttes ouvrières du début du XXe siècle en Europe et aux États-Unis.,
Pleine Lune,2006-03-15,,Astronomie|Lunaire,La face de la Lune est entièrement éclairée par le Soleil.,
Saint-Patrick,2006-03-17,,Culture|Fêtes,"Fête nationale irlandaise le 17 mars, commémorant la mort de saint Patrick (461).",
Début du Printemps — Équinoxe de printemps,2006-03-20,,Saisons|Astronomie,L'équinoxe de printemps marque le début astronomique du printemps.,
Journée nationale de lutte contre les discriminations,2006-03-21,,Société,Créée par l'ONU en 1966 en mémoire du massacre de Sharpeville.,
Dernier Quartier,2006-03-22,,Astronomie|Lunaire,Phase lunaire : Dernier Quartier.,
Journée mondiale de l'eau,2006-03-22,,Environnement|Société,Proclamée par l'ONU en 1993.,
Passage à l'heure d'été,2006-03-26,,Changement d'heure,"Dans la nuit du samedi au dimanche, les montres avancent d'une heure (2h → 3h).",
Nouvelle Lune,2006-03-29,,Astronomie|Lunaire,La face de la Lune tournée vers la Terre n'est pas éclairée — elle est invisible dans le ciel.,
Poisson d'avril,2006-04-01,,Culture,Journée des farces et des canulars.,
Premier Quartier,2006-04-05,,Astronomie|Lunaire,La moitié droite de la Lune est éclairée. Mi-chemin entre la Nouvelle Lune et la Pleine Lune.,
Journée mondiale de la Santé,2006-04-07,,Santé,Commémore la fondation de l'OMS le 7 avril 1948.,
Dimanche des Rameaux,2006-04-09,,Christianisme,Ouvre la Semaine Sainte en rappelant l'entrée triomphale de Jésus à Jérusalem.,
Pleine Lune,2006-04-13,,Astronomie|Lunaire,La face de la Lune est entièrement éclairée par le Soleil.,
Vendredi Saint,2006-04-14,,Jours fériés|Christianisme,"Commémore la crucifixion du Christ. Jour férié uniquement en Alsace-Moselle (départements 57, 67, 68) en vertu du régime concordataire.",AM
Vendredi Saint,2006-04-14,,Christianisme,Commémore la crucifixion du Christ. Non férié en France depuis la loi de 1905 — sauf en Alsace-Moselle.,
Pâques,2006-04-16,,Christianisme,Fête chrétienne célébrant la résurrection du Christ. Sa date varie chaque année car elle suit le calendrier lunaire.,
Lundi de Pâques,2006-04-17,,Jours fériés|Christianisme,"Jour férié qui prolonge le dimanche de Pâques. La tradition des œufs vient du Carême : l'Église interdisait d'en manger pendant 40 jours, on offrait donc à Pâques ceux accumulés.",
Dernier Quartier,2006-04-21,,Astronomie|Lunaire,Phase lunaire : Dernier Quartier.,
Jour de la Terre,2006-04-22,,Environnement|Société,Né le 22 avril 1970 après une marée noire en Californie.,
Nouvelle Lune,2006-04-27,,Astronomie|Lunaire,La face de la Lune tournée vers la Terre n'est pas éclairée — elle est invisible dans le ciel.,
Fête du Travail,2006-05-01,,Jours fériés|Société,"Commémore la grève de Chicago du 1er mai 1886 pour les 8 heures de travail, réprimée dans le sang. Férié et chômé en France depuis 1947. La tradition d'offrir du muguet vient d'une coutume de Charles IX datant de 1561.",
Premier Quartier,2006-05-05,,Astronomie|Lunaire,La moitié droite de la Lune est éclairée. Mi-chemin entre la Nouvelle Lune et la Pleine Lune.,
Fête de la Victoire 1945,2006-05-08,,Jours fériés,"Le 8 mai 1945, l'Allemagne nazie signe sa capitulation sans condition, mettant fin à la guerre en Europe. Férié depuis 1953, supprimé par Giscard en 1975, puis rétabli par Mitterrand en 1981.",
Abolition de l'esclavage en France — Commémoration,2006-05-10,,Mémoire|Société,Journée nationale instaurée par la loi Taubira de 2001.,
Pleine Lune,2006-05-13,,Astronomie|Lunaire,La face de la Lune est entièrement éclairée par le Soleil.,
Festival de Cannes — Ouverture,2006-05-14,,Culture|Cinéma,"Le Festival International du Film de Cannes, créé en 1946.",
Dernier Quartier,2006-05-20,,Astronomie|Lunaire,Phase lunaire : Dernier Quartier.,
Nuit des Musées,2006-05-20,,Culture,Créée en France en 2005 et étendue à toute l'Europe.,
Journée mondiale de la biodiversité,2006-05-22,,Environnement,Commémore l'adoption de la Convention sur la Diversité Biologique à Rio.,
Ascension,2006-05-25,,Jours fériés|Christianisme,"Fête chrétienne commémorant la montée du Christ au ciel, 40 jours après Pâques. Toujours un jeudi, ce qui en fait naturellement un pont avec le vendredi.",
Fête des Voisins,2006-05-26,,Société,Créée en 2000 pour lutter contre l'isolement urbain.,
Pont possible — Ascension,2006-05-26,,Ponts / Congés,Ascension tombe un jeudi le 25/05/2006. Le vendredi 26/05/2006 est un pont potentiel — vérifiez auprès de votre employeur.,
Journée nationale de la Résistance,2006-05-27,,Mémoire|Société,"Le 27 mai 1943, Jean Moulin préside la première réunion secrète du CNR.",
Nouvelle Lune,2006-05-27,,Astronomie|Lunaire,La face de la Lune tournée vers la Terre n'est pas éclairée — elle est invisible dans le ciel.,
Fête des Mères,2006-05-28,,Fêtes|Culture,"Célébrée le dernier dimanche de mai, sauf si c'est la Pentecôte.",
Journée mondiale sans tabac,2006-05-31,,Santé,Lancée par l'OMS en 1987.,
Pentecôte,2006-06-04,,Christianisme,"Célèbre la descente de l'Esprit Saint sur les apôtres, 50 jours après Pâques.",
Premier Quartier,2006-06-04,,Astronomie|Lunaire,La moitié droite de la Lune est éclairée. Mi-chemin entre la Nouvelle Lune et la Pleine Lune.,
Lundi de Pentecôte,2006-06-05,,Christianisme|Jours fériés,Jour férié désigné depuis 2004 Journée de solidarité envers les personnes âgées.,
Débarquement en Normandie — Commémoration du Jour J,2006-06-06,,Mémoire|Dates spéciales,"Le 6 juin 1944, 156 000 soldats alliés débarquent sur les plages de Normandie.",
Journée mondiale de l'océan,2006-06-08,,Environnement,Proposée lors du Sommet de la Terre de Rio en 1992.,
Pleine Lune,2006-06-11,,Astronomie|Lunaire,La face de la Lune est entièrement éclairée par le Soleil.,
Appel du 18 juin 1940 — Anniversaire,2006-06-18,,Mémoire|Dates spéciales,"Le 18 juin 1940, de Gaulle lance depuis Londres un appel à la Résistance sur la BBC.",
Dernier Quartier,2006-06-18,,Astronomie|Lunaire,Phase lunaire : Dernier Quartier.,
Fête des Pères,2006-06-18,,Fêtes|Culture,"Née aux États-Unis en 1910, introduite en France dans les années 1950.",
Début de l'Été — Solstice d'été,2006-06-21,,Saisons|Astronomie,Le solstice d'été est le jour le plus long de l'année.,
Fête de la Musique,2006-06-21,,Culture|Fêtes,Créée en 1982 par le ministre Jack Lang.,
Jour le plus long de l'année,2006-06-21,,Saisons|Astronomie,Le 21 June est le jour le plus long de l'année 2006.,
Fête du Cinéma,2006-06-25,,Culture|Cinéma,"Créée en 1985, elle propose chaque fin juin des places à tarif réduit.",
Nouvelle Lune,2006-06-25,,Astronomie|Lunaire,La face de la Lune tournée vers la Terre n'est pas éclairée — elle est invisible dans le ciel.,
Milieu de l'année,2006-07-02,,Dates spéciales,Ce jour marque le point médian exact de l'année 2006.,
Premier Quartier,2006-07-03,,Astronomie|Lunaire,La moitié droite de la Lune est éclairée. Mi-chemin entre la Nouvelle Lune et la Pleine Lune.,
Festival d'Avignon — Ouverture,2006-07-05,,Culture|Théâtre,Créé par Jean Vilar en 1947 dans la cour du Palais des Papes.,
Commémoration de la Rafle du Vél d'Hiv,2006-07-09,,Mémoire|Société,"Les 16-17 juillet 1942, la police française arrêta 13 152 Juifs à Paris.",
Pleine Lune,2006-07-11,,Astronomie|Lunaire,La face de la Lune est entièrement éclairée par le Soleil.,
Fête Nationale,2006-07-14,,Jours fériés|Société|Dates spéciales,Commémore la prise de la Bastille le 14 juillet 1789.,
Fête nationale,2006-07-14,,Jours fériés,"Commémore la prise de la Bastille le 14 juillet 1789, symbole de la Révolution française. Jour férié depuis 1880. Défilé militaire sur les Champs-Élysées, bals des pompiers et feux d'artifice dans toute la France.",
Dernier Quartier,2006-07-17,,Astronomie|Lunaire,Phase lunaire : Dernier Quartier.,
Nouvelle Lune,2006-07-25,,Astronomie|Lunaire,La face de la Lune tournée vers la Terre n'est pas éclairée — elle est invisible dans le ciel.,
Premier Quartier,2006-08-02,,Astronomie|Lunaire,La moitié droite de la Lune est éclairée. Mi-chemin entre la Nouvelle Lune et la Pleine Lune.,
Nuit des Étoiles,2006-08-05,,Astronomie|Éducation|Culture,Organisée chaque premier week-end d'août par l'Association Française d'Astronomie depuis 1991.,
Pleine Lune,2006-08-09,,Astronomie|Lunaire,La face de la Lune est entièrement éclairée par le Soleil.,
Pont possible — Assomption,2006-08-14,,Ponts / Congés,Assomption tombe un mardi le 15/08/2006. Le lundi 14/08/2006 est un pont potentiel — vérifiez auprès de votre employeur.,
Assomption,2006-08-15,,Jours fériés,"Célèbre l'élévation de la Vierge Marie au ciel. Fête chrétienne ancienne, jour férié en France depuis le Concordat de 1802. Elle tombe en plein cœur de l'été, au milieu des grandes vacances.",
Assomption de Marie,2006-08-15,,Christianisme|Jours fériés,Célèbre l'élévation de la Vierge Marie au ciel.,
Dernier Quartier,2006-08-16,,Astronomie|Lunaire,Phase lunaire : Dernier Quartier.,
Nouvelle Lune,2006-08-23,,Astronomie|Lunaire,La face de la Lune tournée vers la Terre n'est pas éclairée — elle est invisible dans le ciel.,
Premier Quartier,2006-09-01,,Astronomie|Lunaire,La moitié droite de la Lune est éclairée. Mi-chemin entre la Nouvelle Lune et la Pleine Lune.,
Braderie de Lille,2006-09-02,,Culture|Commerce,"Plus grande braderie d'Europe, organisée le premier week-end de septembre à Lille.",
Rentrée des classes,2006-09-02,,Éducation|Société,La rentrée de septembre mobilise 12 millions d'élèves et 870 000 enseignants en France.,
Pleine Lune,2006-09-07,,Astronomie|Lunaire,La face de la Lune est entièrement éclairée par le Soleil.,
Dernier Quartier,2006-09-14,,Astronomie|Lunaire,Phase lunaire : Dernier Quartier.,
Journées du Patrimoine,2006-09-16,,Culture|Société,"Créées en France en 1984 par Jack Lang, étendues à toute l'Europe en 1991.",
Journée mondiale sans voiture,2006-09-22,,Environnement|Société,Lancée en France en 1998 par La Rochelle.,
Nouvelle Lune,2006-09-22,,Astronomie|Lunaire,La face de la Lune tournée vers la Terre n'est pas éclairée — elle est invisible dans le ciel.,
Début de l'Automne — Équinoxe d'automne,2006-09-23,,Saisons|Astronomie,L'équinoxe d'automne marque le début de l'automne.,
Premier Quartier,2006-09-30,,Astronomie|Lunaire,La moitié droite de la Lune est éclairée. Mi-chemin entre la Nouvelle Lune et la Pleine Lune.,
Fête des Grands-Pères,2006-10-01,,Fêtes|Culture,"Créée en 2008, elle a lieu chaque premier dimanche d'octobre.",
Journée mondiale du cacao et du chocolat,2006-10-01,,Gastronomie|Culture,Célébrée le 1er octobre et associée à l'Organisation internationale du cacao (ICCO).,
Lancement d'Octobre Rose,2006-10-01,,Santé,Tout octobre est dédié à la sensibilisation au cancer du sein.,
Nuit Blanche,2006-10-07,,Culture,Initiée à Paris en 2002 par le maire Bertrand Delanoë.,
Pleine Lune,2006-10-07,,Astronomie|Lunaire,La face de la Lune est entièrement éclairée par le Soleil.,
Semaine du Goût,2006-10-09,,Gastronomie|Culture,Créée en 1990 par le chef Joël Robuchon.,
Journée mondiale de la santé mentale,2006-10-10,,Santé|Société,Créée par la Fédération Mondiale pour la Santé Mentale en 1992.,
Dernier Quartier,2006-10-14,,Astronomie|Lunaire,Phase lunaire : Dernier Quartier.,
Journée mondiale de l'alimentation,2006-10-16,,Gastronomie|Société|Santé,Commémore la fondation de la FAO le 16 octobre 1945.,
Nouvelle Lune,2006-10-22,,Astronomie|Lunaire,La face de la Lune tournée vers la Terre n'est pas éclairée — elle est invisible dans le ciel.,
Passage à l'heure d'hiver,2006-10-29,,Changement d'heure,"Dans la nuit du samedi au dimanche, les montres reculent d'une heure (3h → 2h).",
Premier Quartier,2006-10-29,,Astronomie|Lunaire,La moitié droite de la Lune est éclairée. Mi-chemin entre la Nouvelle Lune et la Pleine Lune.,
Halloween,2006-10-31,,Culture|Fêtes,Fête d'origine celtique (la nuit de Samain) christianisée puis popularisée par la diaspora irlandaise.,
Lancement du Mois sans Tabac,2006-11-01,,Santé,Lancé en France en 2016 par Santé Publique France.,
Toussaint,2006-11-01,,Jours fériés|Christianisme,"Fête de tous les saints, instituée par le pape Grégoire IV en 835. En France, la tradition de fleurir les tombes avec des chrysanthèmes s'est greffée dessus — ces fleurs sont désormais intimement liées à ce jour.",
Journée nationale de l'arbre,2006-11-02,,Environnement,Célébrée chaque premier jeudi de novembre.,
Pleine Lune,2006-11-05,,Astronomie|Lunaire,La face de la Lune est entièrement éclairée par le Soleil.,
Armistice 1918,2006-11-11,,Jours fériés,"Le 11 novembre 1918 à 11h, l'armistice met fin à la Première Guerre mondiale après quatre ans de combats. Jour férié depuis 1922. Chaque commune française a son monument aux morts — 36 000 érigés entre 1920 et 1925.",
Armistice de 1918 — Journée du Souvenir,2006-11-11,,Jours fériés|Mémoire|Dates spéciales,"Le 11 novembre 1918 à 11h, l'armistice met fin à la Première Guerre mondiale.",
Dernier Quartier,2006-11-12,,Astronomie|Lunaire,Phase lunaire : Dernier Quartier.,
Beaujolais Nouveau,2006-11-16,,Gastronomie|Culture|Commercial,"Chaque troisième jeudi de novembre, le Beaujolais Nouveau est mis en vente.",
Journée internationale des droits de l'enfant,2006-11-20,,Société,Commémore l'adoption de la Convention des Nations Unies relative aux droits de l'enfant.,
Nouvelle Lune,2006-11-20,,Astronomie|Lunaire,La face de la Lune tournée vers la Terre n'est pas éclairée — elle est invisible dans le ciel.,
Premier Quartier,2006-11-28,,Astronomie|Lunaire,La moitié droite de la Lune est éclairée. Mi-chemin entre la Nouvelle Lune et la Pleine Lune.,
Fête de la Bretagne,2006-11-30,,Culture|Société,Célébrée le 30 novembre (Saint-André) depuis les années 1990.,
Journée mondiale des personnes handicapées,2006-12-03,,Société,Instaurée par l'ONU en 1992.,
Journée mondiale du Bénévolat,2006-12-05,,Société,Créée par l'ONU en 1985.,
Pleine Lune,2006-12-05,,Astronomie|Lunaire,La face de la Lune est entièrement éclairée par le Soleil.,
Saint-Nicolas,2006-12-06,,Christianisme|Culture|Fêtes,"Fête de Nicolas de Myre, évêque du IVe siècle devenu patron des enfants.",
Journée de la Laïcité,2006-12-09,,Société|Dates spéciales,Commémore la loi du 9 décembre 1905 séparant les Églises de l'État.,
Dernier Quartier,2006-12-12,,Astronomie|Lunaire,Phase lunaire : Dernier Quartier.,
Nouvelle Lune,2006-12-20,,Astronomie|Lunaire,La face de la Lune tournée vers la Terre n'est pas éclairée — elle est invisible dans le ciel.,
Début de l'Hiver — Solstice d'hiver,2006-12-22,,Saisons|Astronomie,Le solstice d'hiver est le jour le plus court de l'année.,
Jour le plus court de l'année,2006-12-22,,Saisons|Astronomie,Le 22 December est le jour le plus court de l'année 2006.,
Noël,2006-12-25,,Jours fériés|Christianisme|Fêtes,"Célèbre la naissance du Christ. La date du 25 décembre a été fixée au IVe siècle sur une fête solaire romaine préexistante. Le sapin, la bûche et les cadeaux sont des traditions popularisées bien plus tard, au XIXe siècle.",
Saint-Étienne,2006-12-26,,Jours fériés|Christianisme,"Le 26 décembre est férié uniquement en Alsace-Moselle (depts 57, 67, 68). Fête de saint Étienne, premier martyr chrétien.",AM
Premier Quartier,2006-12-27,,Astronomie|Lunaire,La moitié droite de la Lune est éclairée. Mi-chemin entre la Nouvelle Lune et la Pleine Lune.,
Dernier jour de l'année,2006-12-31,,Dates spéciales,Clôture de l'année civile 2006.,
Saint-Sylvestre / Réveillon du Nouvel An,2006-12-31,,Fêtes|Culture,"Dernier jour de l'année, nommé d'après le pape Sylvestre Ier mort ce jour en 335.",
Jour de l'an,2007-01-01,,Jours fériés,Premier jour de l'année civile grégorienne. La tradition des vœux existe depuis l'Antiquité romaine. Le gui porte-bonheur vient d'une coutume druidique bien antérieure au christianisme.,
Pleine Lune,2007-01-03,,Astronomie|Lunaire,La face de la Lune est entièrement éclairée par le Soleil.,
Épiphanie,2007-01-06,,Christianisme|Culture|Gastronomie,"Célèbre la visite des Rois Mages à Jésus, 12 jours après Noël.",
Dernier Quartier,2007-01-11,,Astronomie|Lunaire,Phase lunaire : Dernier Quartier.,
Nouvelle Lune,2007-01-19,,Astronomie|Lunaire,La face de la Lune tournée vers la Terre n'est pas éclairée — elle est invisible dans le ciel.,
Journée internationale de l'Éducation,2007-01-24,,Éducation|Société,Proclamée par l'ONU en 2019.,
Premier Quartier,2007-01-26,,Astronomie|Lunaire,La moitié droite de la Lune est éclairée. Mi-chemin entre la Nouvelle Lune et la Pleine Lune.,
Journée nationale de la Mémoire de la Shoah,2007-01-27,,Mémoire|Société,Commémore la libération du camp d'Auschwitz le 27 janvier 1945.,
Chandeleur,2007-02-02,,Culture|Christianisme|Gastronomie,"Fête de la Présentation de Jésus au Temple, 40 jours après Noël.",
Journée mondiale des zones humides,2007-02-02,,Environnement,Commémore la Convention de Ramsar signée le 2 février 1971.,
Pleine Lune,2007-02-02,,Astronomie|Lunaire,La face de la Lune est entièrement éclairée par le Soleil.,
Journée mondiale contre le cancer,2007-02-04,,Santé,Initiée par l'Union Internationale Contre le Cancer depuis 2000.,
Dernier Quartier,2007-02-10,,Astronomie|Lunaire,Phase lunaire : Dernier Quartier.,
Saint-Valentin,2007-02-14,,Fêtes|Culture,Fête des amoureux le 14 février.,
Nouvelle Lune,2007-02-17,,Astronomie|Lunaire,La face de la Lune tournée vers la Terre n'est pas éclairée — elle est invisible dans le ciel.,
Mardi Gras,2007-02-20,,Christianisme|Culture|Fêtes,"Dernier jour avant le Carême, où la tradition voulait qu'on fasse bombance avant l'abstinence.",
Début du Carême,2007-02-21,,Christianisme,"Le Carême commence le Mercredi des Cendres, 46 jours avant Pâques.",
Premier Quartier,2007-02-24,,Astronomie|Lunaire,La moitié droite de la Lune est éclairée. Mi-chemin entre la Nouvelle Lune et la Pleine Lune.,
Salon de l'Agriculture — Ouverture,2007-02-24,,Gastronomie|Agriculture|Culture,Le Salon International de l'Agriculture se tient chaque fin février à Paris.,
Fête des Grands-Mères,2007-03-04,,Fêtes|Culture,Créée en 1987 par la marque de café Grand'Mère.,
Pleine Lune,2007-03-04,,Astronomie|Lunaire,La face de la Lune est entièrement éclairée par le Soleil.,
Journée internationale des femmes,2007-03-08,,Société,Issue des luttes ouvrières du début du XXe siècle en Europe et aux États-Unis.,
Dernier Quartier,2007-03-12,,Astronomie|Lunaire,Phase lunaire : Dernier Quartier.,
Saint-Patrick,2007-03-17,,Culture|Fêtes,"Fête nationale irlandaise le 17 mars, commémorant la mort de saint Patrick (461).",
Nouvelle Lune,2007-03-19,,Astronomie|Lunaire,La face de la Lune tournée vers la Terre n'est pas éclairée — elle est invisible dans le ciel.,
Début du Printemps — Équinoxe de printemps,2007-03-21,,Saisons|Astronomie,L'équinoxe de printemps marque le début astronomique du printemps.,
Journée nationale de lutte contre les discriminations,2007-03-21,,Société,Créée par l'ONU en 1966 en mémoire du massacre de Sharpeville.,
Journée mondiale de l'eau,2007-03-22,,Environnement|Société,Proclamée par l'ONU en 1993.,
Passage à l'heure d'été,2007-03-25,,Changement d'heure,"Dans la nuit du samedi au dimanche, les montres avancent d'une heure (2h → 3h).",
Premier Quartier,2007-03-25,,Astronomie|Lunaire,La moitié droite de la Lune est éclairée. Mi-chemin entre la Nouvelle Lune et la Pleine Lune.,
Dimanche des Rameaux,2007-04-01,,Christianisme,Ouvre la Semaine Sainte en rappelant l'entrée triomphale de Jésus à Jérusalem.,
Poisson d'avril,2007-04-01,,Culture,Journée des farces et des canulars.,
Pleine Lune,2007-04-02,,Astronomie|Lunaire,La face de la Lune est entièrement éclairée par le Soleil.,
Vendredi Saint,2007-04-06,,Jours fériés|Christianisme,"Commémore la crucifixion du Christ. Jour férié uniquement en Alsace-Moselle (départements 57, 67, 68) en vertu du régime concordataire.",AM
Vendredi Saint,2007-04-06,,Christianisme,Commémore la crucifixion du Christ. Non férié en France depuis la loi de 1905 — sauf en Alsace-Moselle.,
Journée mondiale de la Santé,2007-04-07,,Santé,Commémore la fondation de l'OMS le 7 avril 1948.,
Pâques,2007-04-08,,Christianisme,Fête chrétienne célébrant la résurrection du Christ. Sa date varie chaque année car elle suit le calendrier lunaire.,
Lundi de Pâques,2007-04-09,,Jours fériés|Christianisme,"Jour férié qui prolonge le dimanche de Pâques. La tradition des œufs vient du Carême : l'Église interdisait d'en manger pendant 40 jours, on offrait donc à Pâques ceux accumulés.",
Dernier Quartier,2007-04-10,,Astronomie|Lunaire,Phase lunaire : Dernier Quartier.,
Nouvelle Lune,2007-04-17,,Astronomie|Lunaire,La face de la Lune tournée vers la Terre n'est pas éclairée — elle est invisible dans le ciel.,
Jour de la Terre,2007-04-22,,Environnement|Société,Né le 22 avril 1970 après une marée noire en Californie.,
Premier Quartier,2007-04-24,,Astronomie|Lunaire,La moitié droite de la Lune est éclairée. Mi-chemin entre la Nouvelle Lune et la Pleine Lune.,
Pont possible — Fête du Travail,2007-04-30,,Ponts / Congés,Fête du Travail tombe un mardi le 01/05/2007. Le lundi 30/04/2007 est un pont potentiel — vérifiez auprès de votre employeur.,
Fête du Travail,2007-05-01,,Jours fériés|Société,"Commémore la grève de Chicago du 1er mai 1886 pour les 8 heures de travail, réprimée dans le sang. Férié et chômé en France depuis 1947. La tradition d'offrir du muguet vient d'une coutume de Charles IX datant de 1561.",
Pleine Lune,2007-05-02,,Astronomie|Lunaire,La face de la Lune est entièrement éclairée par le Soleil.,
Pont possible — Fête de la Victoire,2007-05-07,,Ponts / Congés,Fête de la Victoire tombe un mardi le 08/05/2007. Le lundi 07/05/2007 est un pont potentiel — vérifiez auprès de votre employeur.,
Fête de la Victoire 1945,2007-05-08,,Jours fériés,"Le 8 mai 1945, l'Allemagne nazie signe sa capitulation sans condition, mettant fin à la guerre en Europe. Férié depuis 1953, supprimé par Giscard en 1975, puis rétabli par Mitterrand en 1981.",
Abolition de l'esclavage en France — Commémoration,2007-05-10,,Mémoire|Société,Journée nationale instaurée par la loi Taubira de 2001.,
Dernier Quartier,2007-05-10,,Astronomie|Lunaire,Phase lunaire : Dernier Quartier.,
Festival de Cannes — Ouverture,2007-05-14,,Culture|Cinéma,"Le Festival International du Film de Cannes, créé en 1946.",
Nouvelle Lune,2007-05-16,,Astronomie|Lunaire,La face de la Lune tournée vers la Terre n'est pas éclairée — elle est invisible dans le ciel.,
Ascension,2007-05-17,,Jours fériés|Christianisme,"Fête chrétienne commémorant la montée du Christ au ciel, 40 jours après Pâques. Toujours un jeudi, ce qui en fait naturellement un pont avec le vendredi.",
Pont possible — Ascension,2007-05-18,,Ponts / Congés,Ascension tombe un jeudi le 17/05/2007. Le vendredi 18/05/2007 est un pont potentiel — vérifiez auprès de votre employeur.,
Nuit des Musées,2007-05-19,,Culture,Créée en France en 2005 et étendue à toute l'Europe.,
Journée mondiale de la biodiversité,2007-05-22,,Environnement,Commémore l'adoption de la Convention sur la Diversité Biologique à Rio.,
Premier Quartier,2007-05-23,,Astronomie|Lunaire,La moitié droite de la Lune est éclairée. Mi-chemin entre la Nouvelle Lune et la Pleine Lune.,
Fête des Voisins,2007-05-25,,Société,Créée en 2000 pour lutter contre l'isolement urbain.,
Journée nationale de la Résistance,2007-05-27,,Mémoire|Société,"Le 27 mai 1943, Jean Moulin préside la première réunion secrète du CNR.",
Pentecôte,2007-05-27,,Christianisme,"Célèbre la descente de l'Esprit Saint sur les apôtres, 50 jours après Pâques.",
Lundi de Pentecôte,2007-05-28,,Christianisme|Jours fériés,Jour férié désigné depuis 2004 Journée de solidarité envers les personnes âgées.,
Journée mondiale sans tabac,2007-05-31,,Santé,Lancée par l'OMS en 1987.,
Pleine Lune,2007-06-01,,Astronomie|Lunaire,La face de la Lune est entièrement éclairée par le Soleil.,
Fête des Mères,2007-06-03,,Fêtes|Culture,"Célébrée le dernier dimanche de mai, sauf si c'est la Pentecôte.",
Débarquement en Normandie — Commémoration du Jour J,2007-06-06,,Mémoire|Dates spéciales,"Le 6 juin 1944, 156 000 soldats alliés débarquent sur les plages de Normandie.",
Dernier Quartier,2007-06-08,,Astronomie|Lunaire,Phase lunaire : Dernier Quartier.,
Journée mondiale de l'océan,2007-06-08,,Environnement,Proposée lors du Sommet de la Terre de Rio en 1992.,
Nouvelle Lune,2007-06-15,,Astronomie|Lunaire,La face de la Lune tournée vers la Terre n'est pas éclairée — elle est invisible dans le ciel.,
Fête des Pères,2007-06-17,,Fêtes|Culture,"Née aux États-Unis en 1910, introduite en France dans les années 1950.",
Appel du 18 juin 1940 — Anniversaire,2007-06-18,,Mémoire|Dates spéciales,"Le 18 juin 1940, de Gaulle lance depuis Londres un appel à la Résistance sur la BBC.",
Début de l'Été — Solstice d'été,2007-06-21,,Saisons|Astronomie,Le solstice d'été est le jour le plus long de l'année.,
Fête de la Musique,2007-06-21,,Culture|Fêtes,Créée en 1982 par le ministre Jack Lang.,
Jour le plus long de l'année,2007-06-21,,Saisons|Astronomie,Le 21 June est le jour le plus long de l'année 2007.,
Premier Quartier,2007-06-22,,Astronomie|Lunaire,La moitié droite de la Lune est éclairée. Mi-chemin entre la Nouvelle Lune et la Pleine Lune.,
Fête du Cinéma,2007-06-24,,Culture|Cinéma,"Créée en 1985, elle propose chaque fin juin des places à tarif réduit.",
Pleine Lune,2007-06-30,,Astronomie|Lunaire,La face de la Lune est entièrement éclairée par le Soleil.,
Milieu de l'année,2007-07-02,,Dates spéciales,Ce jour marque le point médian exact de l'année 2007.,
Festival d'Avignon — Ouverture,2007-07-05,,Culture|Théâtre,Créé par Jean Vilar en 1947 dans la cour du Palais des Papes.,
Dernier Quartier,2007-07-07,,Astronomie|Lunaire,Phase lunaire : Dernier Quartier.,
Commémoration de la Rafle du Vél d'Hiv,2007-07-08,,Mémoire|Société,"Les 16-17 juillet 1942, la police française arrêta 13 152 Juifs à Paris.",
Fête Nationale,2007-07-14,,Jours fériés|Société|Dates spéciales,Commémore la prise de la Bastille le 14 juillet 1789.,
Fête nationale,2007-07-14,,Jours fériés,"Commémore la prise de la Bastille le 14 juillet 1789, symbole de la Révolution française. Jour férié depuis 1880. Défilé militaire sur les Champs-Élysées, bals des pompiers et feux d'artifice dans toute la France.",
Nouvelle Lune,2007-07-14,,Astronomie|Lunaire,La face de la Lune tournée vers la Terre n'est pas éclairée — elle est invisible dans le ciel.,
Premier Quartier,2007-07-22,,Astronomie|Lunaire,La moitié droite de la Lune est éclairée. Mi-chemin entre la Nouvelle Lune et la Pleine Lune.,
Pleine Lune,2007-07-30,,Astronomie|Lunaire,La face de la Lune est entièrement éclairée par le Soleil.,
Nuit des Étoiles,2007-08-04,,Astronomie|Éducation|Culture,Organisée chaque premier week-end d'août par l'Association Française d'Astronomie depuis 1991.,
Dernier Quartier,2007-08-05,,Astronomie|Lunaire,Phase lunaire : Dernier Quartier.,
Nouvelle Lune,2007-08-13,,Astronomie|Lunaire,La face de la Lune tournée vers la Terre n'est pas éclairée — elle est invisible dans le ciel.,
Assomption,2007-08-15,,Jours fériés,"Célèbre l'élévation de la Vierge Marie au ciel. Fête chrétienne ancienne, jour férié en France depuis le Concordat de 1802. Elle tombe en plein cœur de l'été, au milieu des grandes vacances.",
Assomption de Marie,2007-08-15,,Christianisme|Jours fériés,Célèbre l'élévation de la Vierge Marie au ciel.,
Premier Quartier,2007-08-21,,Astronomie|Lunaire,La moitié droite de la Lune est éclairée. Mi-chemin entre la Nouvelle Lune et la Pleine Lune.,
Pleine Lune,2007-08-28,,Astronomie|Lunaire,La face de la Lune est entièrement éclairée par le Soleil.,
Braderie de Lille,2007-09-01,,Culture|Commerce,"Plus grande braderie d'Europe, organisée le premier week-end de septembre à Lille.",
Rentrée des classes,2007-09-02,,Éducation|Société,La rentrée de septembre mobilise 12 millions d'élèves et 870 000 enseignants en France.,
Dernier Quartier,2007-09-04,,Astronomie|Lunaire,Phase lunaire : Dernier Quartier.,
Nouvelle Lune,2007-09-11,,Astronomie|Lunaire,La face de la Lune tournée vers la Terre n'est pas éclairée — elle est invisible dans le ciel.,
Journées du Patrimoine,2007-09-15,,Culture|Société,"Créées en France en 1984 par Jack Lang, étendues à toute l'Europe en 1991.",
Premier Quartier,2007-09-19,,Astronomie|Lunaire,La moitié droite de la Lune est éclairée. Mi-chemin entre la Nouvelle Lune et la Pleine Lune.,
Journée mondiale sans voiture,2007-09-22,,Environnement|Société,Lancée en France en 1998 par La Rochelle.,
Début de l'Automne — Équinoxe d'automne,2007-09-23,,Saisons|Astronomie,L'équinoxe d'automne marque le début de l'automne.,
Pleine Lune,2007-09-26,,Astronomie|Lunaire,La face de la Lune est entièrement éclairée par le Soleil.,
Journée mondiale du cacao et du chocolat,2007-10-01,,Gastronomie|Culture,Célébrée le 1er octobre et associée à l'Organisation internationale du cacao (ICCO).,
Lancement d'Octobre Rose,2007-10-01,,Santé,Tout octobre est dédié à la sensibilisation au cancer du sein.,
Dernier Quartier,2007-10-03,,Astronomie|Lunaire,Phase lunaire : Dernier Quartier.,
Nuit Blanche,2007-10-06,,Culture,Initiée à Paris en 2002 par le maire Bertrand Delanoë.,
Fête des Grands-Pères,2007-10-07,,Fêtes|Culture,"Créée en 2008, elle a lieu chaque premier dimanche d'octobre.",
Semaine du Goût,2007-10-08,,Gastronomie|Culture,Créée en 1990 par le chef Joël Robuchon.,
Journée mondiale de la santé mentale,2007-10-10,,Santé|Société,Créée par la Fédération Mondiale pour la Santé Mentale en 1992.,
Nouvelle Lune,2007-10-11,,Astronomie|Lunaire,La face de la Lune tournée vers la Terre n'est pas éclairée — elle est invisible dans le ciel.,
Journée mondiale de l'alimentation,2007-10-16,,Gastronomie|Société|Santé,Commémore la fondation de la FAO le 16 octobre 1945.,
Premier Quartier,2007-10-19,,Astronomie|Lunaire,La moitié droite de la Lune est éclairée. Mi-chemin entre la Nouvelle Lune et la Pleine Lune.,
Pleine Lune,2007-10-26,,Astronomie|Lunaire,La face de la Lune est entièrement éclairée par le Soleil.,
Passage à l'heure d'hiver,2007-10-28,,Changement d'heure,"Dans la nuit du samedi au dimanche, les montres reculent d'une heure (3h → 2h).",
Halloween,2007-10-31,,Culture|Fêtes,Fête d'origine celtique (la nuit de Samain) christianisée puis popularisée par la diaspora irlandaise.,
Dernier Quartier,2007-11-01,,Astronomie|Lunaire,Phase lunaire : Dernier Quartier.,
Journée nationale de l'arbre,2007-11-01,,Environnement,Célébrée chaque premier jeudi de novembre.,
Lancement du Mois sans Tabac,2007-11-01,,Santé,Lancé en France en 2016 par Santé Publique France.,
Toussaint,2007-11-01,,Jours fériés|Christianisme,"Fête de tous les saints, instituée par le pape Grégoire IV en 835. En France, la tradition de fleurir les tombes avec des chrysanthèmes s'est greffée dessus — ces fleurs sont désormais intimement liées à ce jour.",
Pont possible — Toussaint,2007-11-02,,Ponts / Congés,Toussaint tombe un jeudi le 01/11/2007. Le vendredi 02/11/2007 est un pont potentiel — vérifiez auprès de votre employeur.,
Nouvelle Lune,2007-11-10,,Astronomie|Lunaire,La face de la Lune tournée vers la Terre n'est pas éclairée — elle est invisible dans le ciel.,
Armistice 1918,2007-11-11,,Jours fériés,"Le 11 novembre 1918 à 11h, l'armistice met fin à la Première Guerre mondiale après quatre ans de combats. Jour férié depuis 1922. Chaque commune française a son monument aux morts — 36 000 érigés entre 1920 et 1925.",
Armistice de 1918 — Journée du Souvenir,2007-11-11,,Jours fériés|Mémoire|Dates spéciales,"Le 11 novembre 1918 à 11h, l'armistice met fin à la Première Guerre mondiale.",
Beaujolais Nouveau,2007-11-15,,Gastronomie|Culture|Commercial,"Chaque troisième jeudi de novembre, le Beaujolais Nouveau est mis en vente.",
Premier Quartier,2007-11-17,,Astronomie|Lunaire,La moitié droite de la Lune est éclairée. Mi-chemin entre la Nouvelle Lune et la Pleine Lune.,
Journée internationale des droits de l'enfant,2007-11-20,,Société,Commémore l'adoption de la Convention des Nations Unies relative aux droits de l'enfant.,
Pleine Lune,2007-11-24,,Astronomie|Lunaire,La face de la Lune est entièrement éclairée par le Soleil.,
Fête de la Bretagne,2007-11-30,,Culture|Société,Célébrée le 30 novembre (Saint-André) depuis les années 1990.,
Dernier Quartier,2007-12-01,,Astronomie|Lunaire,Phase lunaire : Dernier Quartier.,
Journée mondiale des personnes handicapées,2007-12-03,,Société,Instaurée par l'ONU en 1992.,
Journée mondiale du Bénévolat,2007-12-05,,Société,Créée par l'ONU en 1985.,
Saint-Nicolas,2007-12-06,,Christianisme|Culture|Fêtes,"Fête de Nicolas de Myre, évêque du IVe siècle devenu patron des enfants.",
Journée de la Laïcité,2007-12-09,,Société|Dates spéciales,Commémore la loi du 9 décembre 1905 séparant les Églises de l'État.,
Nouvelle Lune,2007-12-09,,Astronomie|Lunaire,La face de la Lune tournée vers la Terre n'est pas éclairée — elle est invisible dans le ciel.,
Premier Quartier,2007-12-17,,Astronomie|Lunaire,La moitié droite de la Lune est éclairée. Mi-chemin entre la Nouvelle Lune et la Pleine Lune.,
Début de l'Hiver — Solstice d'hiver,2007-12-22,,Saisons|Astronomie,Le solstice d'hiver est le jour le plus court de l'année.,
Jour le plus court de l'année,2007-12-22,,Saisons|Astronomie,Le 22 December est le jour le plus court de l'année 2007.,
Pleine Lune,2007-12-24,,Astronomie|Lunaire,La face de la Lune est entièrement éclairée par le Soleil.,
Pont possible — Noël,2007-12-24,,Ponts / Congés,Noël tombe un mardi le 25/12/2007. Le lundi 24/12/2007 est un pont potentiel — vérifiez auprès de votre employeur.,
Noël,2007-12-25,,Jours fériés|Christianisme|Fêtes,"Célèbre la naissance du Christ. La date du 25 décembre a été fixée au IVe siècle sur une fête solaire romaine préexistante. Le sapin, la bûche et les cadeaux sont des traditions popularisées bien plus tard, au XIXe siècle.",
Saint-Étienne,2007-12-26,,Jours fériés|Christianisme,"Le 26 décembre est férié uniquement en Alsace-Moselle (depts 57, 67, 68). Fête de saint Étienne, premier martyr chrétien.",AM
Dernier Quartier,2007-12-31,,Astronomie|Lunaire,Phase lunaire : Dernier Quartier.,
Dernier jour de l'année,2007-12-31,,Dates spéciales,Clôture de l'année civile 2007.,
Pont possible — Jour de l'an,2007-12-31,,Ponts / Congés,Jour de l'an tombe un mardi le 01/01/2008. Le lundi 31/12/2007 est un pont potentiel — vérifiez auprès de votre employeur.,
Saint-Sylvestre / Réveillon du Nouvel An,2007-12-31,,Fêtes|Culture,"Dernier jour de l'année, nommé d'après le pape Sylvestre Ier mort ce jour en 335.",
Jour de l'an,2008-01-01,,Jours fériés,Premier jour de l'année civile grégorienne. La tradition des vœux existe depuis l'Antiquité romaine. Le gui porte-bonheur vient d'une coutume druidique bien antérieure au christianisme.,
Épiphanie,2008-01-06,,Christianisme|Culture|Gastronomie,"Célèbre la visite des Rois Mages à Jésus, 12 jours après Noël.",
Nouvelle Lune,2008-01-08,,Astronomie|Lunaire,La face de la Lune tournée vers la Terre n'est pas éclairée — elle est invisible dans le ciel.,
Premier Quartier,2008-01-15,,Astronomie|Lunaire,La moitié droite de la Lune est éclairée. Mi-chemin entre la Nouvelle Lune et la Pleine Lune.,
Pleine Lune,2008-01-22,,Astronomie|Lunaire,La face de la Lune est entièrement éclairée par le Soleil.,
Journée internationale de l'Éducation,2008-01-24,,Éducation|Société,Proclamée par l'ONU en 2019.,
Journée nationale de la Mémoire de la Shoah,2008-01-27,,Mémoire|Société,Commémore la libération du camp d'Auschwitz le 27 janvier 1945.,
Dernier Quartier,2008-01-30,,Astronomie|Lunaire,Phase lunaire : Dernier Quartier.,
Chandeleur,2008-02-02,,Culture|Christianisme|Gastronomie,"Fête de la Présentation de Jésus au Temple, 40 jours après Noël.",
Journée mondiale des zones humides,2008-02-02,,Environnement,Commémore la Convention de Ramsar signée le 2 février 1971.,
Journée mondiale contre le cancer,2008-02-04,,Santé,Initiée par l'Union Internationale Contre le Cancer depuis 2000.,
Mardi Gras,2008-02-05,,Christianisme|Culture|Fêtes,"Dernier jour avant le Carême, où la tradition voulait qu'on fasse bombance avant l'abstinence.",
Début du Carême,2008-02-06,,Christianisme,"Le Carême commence le Mercredi des Cendres, 46 jours avant Pâques.",
Nouvelle Lune,2008-02-07,,Astronomie|Lunaire,La face de la Lune tournée vers la Terre n'est pas éclairée — elle est invisible dans le ciel.,
Premier Quartier,2008-02-14,,Astronomie|Lunaire,La moitié droite de la Lune est éclairée. Mi-chemin entre la Nouvelle Lune et la Pleine Lune.,
Saint-Valentin,2008-02-14,,Fêtes|Culture,Fête des amoureux le 14 février.,
Pleine Lune,2008-02-21,,Astronomie|Lunaire,La face de la Lune est entièrement éclairée par le Soleil.,
Salon de l'Agriculture — Ouverture,2008-02-23,,Gastronomie|Agriculture|Culture,Le Salon International de l'Agriculture se tient chaque fin février à Paris.,
Dernier Quartier,2008-02-29,,Astronomie|Lunaire,Phase lunaire : Dernier Quartier.,
Jour supplémentaire (année bissextile),2008-02-29,,Dates spéciales,"Une année solaire dure 365,2422 jours. 2008 est l'une des années rares à 366 jours.",
Fête des Grands-Mères,2008-03-02,,Fêtes|Culture,Créée en 1987 par la marque de café Grand'Mère.,
Nouvelle Lune,2008-03-07,,Astronomie|Lunaire,La face de la Lune tournée vers la Terre n'est pas éclairée — elle est invisible dans le ciel.,
Journée internationale des femmes,2008-03-08,,Société,Issue des luttes ouvrières du début du XXe siècle en Europe et aux États-Unis.,
Premier Quartier,2008-03-14,,Astronomie|Lunaire,La moitié droite de la Lune est éclairée. Mi-chemin entre la Nouvelle Lune et la Pleine Lune.,
Dimanche des Rameaux,2008-03-16,,Christianisme,Ouvre la Semaine Sainte en rappelant l'entrée triomphale de Jésus à Jérusalem.,
Saint-Patrick,2008-03-17,,Culture|Fêtes,"Fête nationale irlandaise le 17 mars, commémorant la mort de saint Patrick (461).",
Début du Printemps — Équinoxe de printemps,2008-03-20,,Saisons|Astronomie,L'équinoxe de printemps marque le début astronomique du printemps.,
Journée nationale de lutte contre les discriminations,2008-03-21,,Société,Créée par l'ONU en 1966 en mémoire du massacre de Sharpeville.,
Pleine Lune,2008-03-21,,Astronomie|Lunaire,La face de la Lune est entièrement éclairée par le Soleil.,
Vendredi Saint,2008-03-21,,Jours fériés|Christianisme,"Commémore la crucifixion du Christ. Jour férié uniquement en Alsace-Moselle (départements 57, 67, 68) en vertu du régime concordataire.",AM
Vendredi Saint,2008-03-21,,Christianisme,Commémore la crucifixion du Christ. Non férié en France depuis la loi de 1905 — sauf en Alsace-Moselle.,
Journée mondiale de l'eau,2008-03-22,,Environnement|Société,Proclamée par l'ONU en 1993.,
Pâques,2008-03-23,,Christianisme,Fête chrétienne célébrant la résurrection du Christ. Sa date varie chaque année car elle suit le calendrier lunaire.,
Lundi de Pâques,2008-03-24,,Jours fériés|Christianisme,"Jour férié qui prolonge le dimanche de Pâques. La tradition des œufs vient du Carême : l'Église interdisait d'en manger pendant 40 jours, on offrait donc à Pâques ceux accumulés.",
Dernier Quartier,2008-03-29,,Astronomie|Lunaire,Phase lunaire : Dernier Quartier.,
Passage à l'heure d'été,2008-03-30,,Changement d'heure,"Dans la nuit du samedi au dimanche, les montres avancent d'une heure (2h → 3h).",
Poisson d'avril,2008-04-01,,Culture,Journée des farces et des canulars.,
Nouvelle Lune,2008-04-06,,Astronomie|Lunaire,La face de la Lune tournée vers la Terre n'est pas éclairée — elle est invisible dans le ciel.,
Journée mondiale de la Santé,2008-04-07,,Santé,Commémore la fondation de l'OMS le 7 avril 1948.,
Premier Quartier,2008-04-12,,Astronomie|Lunaire,La moitié droite de la Lune est éclairée. Mi-chemin entre la Nouvelle Lune et la Pleine Lune.,
Pleine Lune,2008-04-20,,Astronomie|Lunaire,La face de la Lune est entièrement éclairée par le Soleil.,
Jour de la Terre,2008-04-22,,Environnement|Société,Né le 22 avril 1970 après une marée noire en Californie.,
Dernier Quartier,2008-04-28,,Astronomie|Lunaire,Phase lunaire : Dernier Quartier.,
Ascension,2008-05-01,,Christianisme|Jours fériés,"Fête chrétienne commémorant la montée du Christ au ciel, 40 jours après Pâques.",
Ascension; Fête du Travail,2008-05-01,,Jours fériés,"Fête chrétienne commémorant la montée du Christ au ciel, 40 jours après Pâques. Toujours un jeudi, ce qui en fait naturellement un pont avec le vendredi.",
Fête du Travail,2008-05-01,,Jours fériés|Société,Commémore la grève de Chicago du 1er mai 1886 pour les 8 heures de travail.,
Pont possible — Ascension; Fête du Travail,2008-05-02,,Ponts / Congés,Ascension; Fête du Travail tombe un jeudi le 01/05/2008. Le vendredi 02/05/2008 est un pont potentiel — vérifiez auprès de votre employeur.,
Nouvelle Lune,2008-05-05,,Astronomie|Lunaire,La face de la Lune tournée vers la Terre n'est pas éclairée — elle est invisible dans le ciel.,
Fête de la Victoire 1945,2008-05-08,,Jours fériés,"Le 8 mai 1945, l'Allemagne nazie signe sa capitulation sans condition, mettant fin à la guerre en Europe. Férié depuis 1953, supprimé par Giscard en 1975, puis rétabli par Mitterrand en 1981.",
Pont possible — Fête de la Victoire,2008-05-09,,Ponts / Congés,Fête de la Victoire tombe un jeudi le 08/05/2008. Le vendredi 09/05/2008 est un pont potentiel — vérifiez auprès de votre employeur.,
Abolition de l'esclavage en France — Commémoration,2008-05-10,,Mémoire|Société,Journée nationale instaurée par la loi Taubira de 2001.,
Pentecôte,2008-05-11,,Christianisme,"Célèbre la descente de l'Esprit Saint sur les apôtres, 50 jours après Pâques.",
Lundi de Pentecôte,2008-05-12,,Jours fériés|Christianisme,"Jour férié désigné depuis 2004 Journée de solidarité envers les personnes âgées. Les salariés travaillent ce jour sans rémunération supplémentaire, finançant ainsi la prise en charge de la dépendance — instauré après la canicule de 2003 qui fit 15 000 morts en France.",
Premier Quartier,2008-05-12,,Astronomie|Lunaire,La moitié droite de la Lune est éclairée. Mi-chemin entre la Nouvelle Lune et la Pleine Lune.,
Festival de Cannes — Ouverture,2008-05-14,,Culture|Cinéma,"Le Festival International du Film de Cannes, créé en 1946.",
Nuit des Musées,2008-05-17,,Culture,Créée en France en 2005 et étendue à toute l'Europe.,
Pleine Lune,2008-05-20,,Astronomie|Lunaire,La face de la Lune est entièrement éclairée par le Soleil.,
Journée mondiale de la biodiversité,2008-05-22,,Environnement,Commémore l'adoption de la Convention sur la Diversité Biologique à Rio.,
Fête des Mères,2008-05-25,,Fêtes|Culture,"Célébrée le dernier dimanche de mai, sauf si c'est la Pentecôte.",
Journée nationale de la Résistance,2008-05-27,,Mémoire|Société,"Le 27 mai 1943, Jean Moulin préside la première réunion secrète du CNR.",
Dernier Quartier,2008-05-28,,Astronomie|Lunaire,Phase lunaire : Dernier Quartier.,
Fête des Voisins,2008-05-30,,Société,Créée en 2000 pour lutter contre l'isolement urbain.,
Journée mondiale sans tabac,2008-05-31,,Santé,Lancée par l'OMS en 1987.,
Nouvelle Lune,2008-06-03,,Astronomie|Lunaire,La face de la Lune tournée vers la Terre n'est pas éclairée — elle est invisible dans le ciel.,
Débarquement en Normandie — Commémoration du Jour J,2008-06-06,,Mémoire|Dates spéciales,"Le 6 juin 1944, 156 000 soldats alliés débarquent sur les plages de Normandie.",
Journée mondiale de l'océan,2008-06-08,,Environnement,Proposée lors du Sommet de la Terre de Rio en 1992.,
Premier Quartier,2008-06-10,,Astronomie|Lunaire,La moitié droite de la Lune est éclairée. Mi-chemin entre la Nouvelle Lune et la Pleine Lune.,
Fête des Pères,2008-06-15,,Fêtes|Culture,"Née aux États-Unis en 1910, introduite en France dans les années 1950.",
Appel du 18 juin 1940 — Anniversaire,2008-06-18,,Mémoire|Dates spéciales,"Le 18 juin 1940, de Gaulle lance depuis Londres un appel à la Résistance sur la BBC.",
Pleine Lune,2008-06-18,,Astronomie|Lunaire,La face de la Lune est entièrement éclairée par le Soleil.,
Début de l'Été — Solstice d'été,2008-06-20,,Saisons|Astronomie,Le solstice d'été est le jour le plus long de l'année.,
Jour le plus long de l'année,2008-06-20,,Saisons|Astronomie,Le 20 June est le jour le plus long de l'année 2008.,
Fête de la Musique,2008-06-21,,Culture|Fêtes,Créée en 1982 par le ministre Jack Lang.,
Fête du Cinéma,2008-06-22,,Culture|Cinéma,"Créée en 1985, elle propose chaque fin juin des places à tarif réduit.",
Dernier Quartier,2008-06-26,,Astronomie|Lunaire,Phase lunaire : Dernier Quartier.,
Milieu de l'année,2008-07-01,,Dates spéciales,Ce jour marque le point médian exact de l'année 2008.,
Nouvelle Lune,2008-07-03,,Astronomie|Lunaire,La face de la Lune tournée vers la Terre n'est pas éclairée — elle est invisible dans le ciel.,
Festival d'Avignon — Ouverture,2008-07-05,,Culture|Théâtre,Créé par Jean Vilar en 1947 dans la cour du Palais des Papes.,
Premier Quartier,2008-07-10,,Astronomie|Lunaire,La moitié droite de la Lune est éclairée. Mi-chemin entre la Nouvelle Lune et la Pleine Lune.,
Commémoration de la Rafle du Vél d'Hiv,2008-07-13,,Mémoire|Société,"Les 16-17 juillet 1942, la police française arrêta 13 152 Juifs à Paris.",
Fête Nationale,2008-07-14,,Jours fériés|Société|Dates spéciales,Commémore la prise de la Bastille le 14 juillet 1789.,
Fête nationale,2008-07-14,,Jours fériés,"Commémore la prise de la Bastille le 14 juillet 1789, symbole de la Révolution française. Jour férié depuis 1880. Défilé militaire sur les Champs-Élysées, bals des pompiers et feux d'artifice dans toute la France.",
Pleine Lune,2008-07-18,,Astronomie|Lunaire,La face de la Lune est entièrement éclairée par le Soleil.,
Dernier Quartier,2008-07-25,,Astronomie|Lunaire,Phase lunaire : Dernier Quartier.,
Nouvelle Lune,2008-08-01,,Astronomie|Lunaire,La face de la Lune tournée vers la Terre n'est pas éclairée — elle est invisible dans le ciel.,
Nuit des Étoiles,2008-08-02,,Astronomie|Éducation|Culture,Organisée chaque premier week-end d'août par l'Association Française d'Astronomie depuis 1991.,
Premier Quartier,2008-08-08,,Astronomie|Lunaire,La moitié droite de la Lune est éclairée. Mi-chemin entre la Nouvelle Lune et la Pleine Lune.,
Assomption,2008-08-15,,Jours fériés,"Célèbre l'élévation de la Vierge Marie au ciel. Fête chrétienne ancienne, jour férié en France depuis le Concordat de 1802. Elle tombe en plein cœur de l'été, au milieu des grandes vacances.",
Assomption de Marie,2008-08-15,,Christianisme|Jours fériés,Célèbre l'élévation de la Vierge Marie au ciel.,
Pleine Lune,2008-08-16,,Astronomie|Lunaire,La face de la Lune est entièrement éclairée par le Soleil.,
Dernier Quartier,2008-08-24,,Astronomie|Lunaire,Phase lunaire : Dernier Quartier.,
Nouvelle Lune,2008-08-30,,Astronomie|Lunaire,La face de la Lune tournée vers la Terre n'est pas éclairée — elle est invisible dans le ciel.,
Rentrée des classes,2008-09-02,,Éducation|Société,La rentrée de septembre mobilise 12 millions d'élèves et 870 000 enseignants en France.,
Braderie de Lille,2008-09-06,,Culture|Commerce,"Plus grande braderie d'Europe, organisée le premier week-end de septembre à Lille.",
Premier Quartier,2008-09-07,,Astronomie|Lunaire,La moitié droite de la Lune est éclairée. Mi-chemin entre la Nouvelle Lune et la Pleine Lune.,
Pleine Lune,2008-09-15,,Astronomie|Lunaire,La face de la Lune est entièrement éclairée par le Soleil.,
Journées du Patrimoine,2008-09-20,,Culture|Société,"Créées en France en 1984 par Jack Lang, étendues à toute l'Europe en 1991.",
Dernier Quartier,2008-09-22,,Astronomie|Lunaire,Phase lunaire : Dernier Quartier.,
Début de l'Automne — Équinoxe d'automne,2008-09-22,,Saisons|Astronomie,L'équinoxe d'automne marque le début de l'automne.,
Journée mondiale sans voiture,2008-09-22,,Environnement|Société,Lancée en France en 1998 par La Rochelle.,
Nouvelle Lune,2008-09-29,,Astronomie|Lunaire,La face de la Lune tournée vers la Terre n'est pas éclairée — elle est invisible dans le ciel.,
Journée mondiale du cacao et du chocolat,2008-10-01,,Gastronomie|Culture,Célébrée le 1er octobre et associée à l'Organisation internationale du cacao (ICCO).,
Lancement d'Octobre Rose,2008-10-01,,Santé,Tout octobre est dédié à la sensibilisation au cancer du sein.,
Nuit Blanche,2008-10-04,,Culture,Initiée à Paris en 2002 par le maire Bertrand Delanoë.,
Fête des Grands-Pères,2008-10-05,,Fêtes|Culture,"Créée en 2008, elle a lieu chaque premier dimanche d'octobre.",
Premier Quartier,2008-10-07,,Astronomie|Lunaire,La moitié droite de la Lune est éclairée. Mi-chemin entre la Nouvelle Lune et la Pleine Lune.,
Journée mondiale de la santé mentale,2008-10-10,,Santé|Société,Créée par la Fédération Mondiale pour la Santé Mentale en 1992.,
Semaine du Goût,2008-10-13,,Gastronomie|Culture,Créée en 1990 par le chef Joël Robuchon.,
Pleine Lune,2008-10-14,,Astronomie|Lunaire,La face de la Lune est entièrement éclairée par le Soleil.,
Journée mondiale de l'alimentation,2008-10-16,,Gastronomie|Société|Santé,Commémore la fondation de la FAO le 16 octobre 1945.,
Dernier Quartier,2008-10-21,,Astronomie|Lunaire,Phase lunaire : Dernier Quartier.,
Passage à l'heure d'hiver,2008-10-26,,Changement d'heure,"Dans la nuit du samedi au dimanche, les montres reculent d'une heure (3h → 2h).",
Nouvelle Lune,2008-10-29,,Astronomie|Lunaire,La face de la Lune tournée vers la Terre n'est pas éclairée — elle est invisible dans le ciel.,
Halloween,2008-10-31,,Culture|Fêtes,Fête d'origine celtique (la nuit de Samain) christianisée puis popularisée par la diaspora irlandaise.,
Lancement du Mois sans Tabac,2008-11-01,,Santé,Lancé en France en 2016 par Santé Publique France.,
Toussaint,2008-11-01,,Jours fériés|Christianisme,"Fête de tous les saints, instituée par le pape Grégoire IV en 835. En France, la tradition de fleurir les tombes avec des chrysanthèmes s'est greffée dessus — ces fleurs sont désormais intimement liées à ce jour.",
Journée nationale de l'arbre,2008-11-06,,Environnement,Célébrée chaque premier jeudi de novembre.,
Premier Quartier,2008-11-06,,Astronomie|Lunaire,La moitié droite de la Lune est éclairée. Mi-chemin entre la Nouvelle Lune et la Pleine Lune.,
Pont possible — Armistice 1918,2008-11-10,,Ponts / Congés,Armistice 1918 tombe un mardi le 11/11/2008. Le lundi 10/11/2008 est un pont potentiel — vérifiez auprès de votre employeur.,
Armistice 1918,2008-11-11,,Jours fériés,"Le 11 novembre 1918 à 11h, l'armistice met fin à la Première Guerre mondiale après quatre ans de combats. Jour férié depuis 1922. Chaque commune française a son monument aux morts — 36 000 érigés entre 1920 et 1925.",
Armistice de 1918 — Journée du Souvenir,2008-11-11,,Jours fériés|Mémoire|Dates spéciales,"Le 11 novembre 1918 à 11h, l'armistice met fin à la Première Guerre mondiale.",
Pleine Lune,2008-11-13,,Astronomie|Lunaire,La face de la Lune est entièrement éclairée par le Soleil.,
Dernier Quartier,2008-11-19,,Astronomie|Lunaire,Phase lunaire : Dernier Quartier.,
Beaujolais Nouveau,2008-11-20,,Gastronomie|Culture|Commercial,"Chaque troisième jeudi de novembre, le Beaujolais Nouveau est mis en vente.",
Journée internationale des droits de l'enfant,2008-11-20,,Société,Commémore l'adoption de la Convention des Nations Unies relative aux droits de l'enfant.,
Nouvelle Lune,2008-11-27,,Astronomie|Lunaire,La face de la Lune tournée vers la Terre n'est pas éclairée — elle est invisible dans le ciel.,
Fête de la Bretagne,2008-11-30,,Culture|Société,Célébrée le 30 novembre (Saint-André) depuis les années 1990.,
Journée mondiale des personnes handicapées,2008-12-03,,Société,Instaurée par l'ONU en 1992.,
Journée mondiale du Bénévolat,2008-12-05,,Société,Créée par l'ONU en 1985.,
Premier Quartier,2008-12-05,,Astronomie|Lunaire,La moitié droite de la Lune est éclairée. Mi-chemin entre la Nouvelle Lune et la Pleine Lune.,
Saint-Nicolas,2008-12-06,,Christianisme|Culture|Fêtes,"Fête de Nicolas de Myre, évêque du IVe siècle devenu patron des enfants.",
Journée de la Laïcité,2008-12-09,,Société|Dates spéciales,Commémore la loi du 9 décembre 1905 séparant les Églises de l'État.,
Pleine Lune,2008-12-12,,Astronomie|Lunaire,La face de la Lune est entièrement éclairée par le Soleil.,
Dernier Quartier,2008-12-19,,Astronomie|Lunaire,Phase lunaire : Dernier Quartier.,
Début de l'Hiver — Solstice d'hiver,2008-12-21,,Saisons|Astronomie,Le solstice d'hiver est le jour le plus court de l'année.,
Jour le plus court de l'année,2008-12-21,,Saisons|Astronomie,Le 21 December est le jour le plus court de l'année 2008.,
Noël,2008-12-25,,Jours fériés|Christianisme|Fêtes,"Célèbre la naissance du Christ. La date du 25 décembre a été fixée au IVe siècle sur une fête solaire romaine préexistante. Le sapin, la bûche et les cadeaux sont des traditions popularisées bien plus tard, au XIXe siècle.",
Pont possible — Noël,2008-12-26,,Ponts / Congés,Noël tombe un jeudi le 25/12/2008. Le vendredi 26/12/2008 est un pont potentiel — vérifiez auprès de votre employeur.,
Saint-Étienne,2008-12-26,,Jours fériés|Christianisme,"Le 26 décembre est férié uniquement en Alsace-Moselle (depts 57, 67, 68). Fête de saint Étienne, premier martyr chrétien.",AM
Nouvelle Lune,2008-12-27,,Astronomie|Lunaire,La face de la Lune tournée vers la Terre n'est pas éclairée — elle est invisible dans le ciel.,
Dernier jour de l'année,2008-12-31,,Dates spéciales,Clôture de l'année civile 2008.,
Saint-Sylvestre / Réveillon du Nouvel An,2008-12-31,,Fêtes|Culture,"Dernier jour de l'année, nommé d'après le pape Sylvestre Ier mort ce jour en 335.",
Jour de l'an,2009-01-01,,Jours fériés,Premier jour de l'année civile grégorienne. La tradition des vœux existe depuis l'Antiquité romaine. Le gui porte-bonheur vient d'une coutume druidique bien antérieure au christianisme.,
Pont possible — Jour de l'an,2009-01-02,,Ponts / Congés,Jour de l'an tombe un jeudi le 01/01/2009. Le vendredi 02/01/2009 est un pont potentiel — vérifiez auprès de votre employeur.,
Premier Quartier,2009-01-04,,Astronomie|Lunaire,La moitié droite de la Lune est éclairée. Mi-chemin entre la Nouvelle Lune et la Pleine Lune.,
Épiphanie,2009-01-06,,Christianisme|Culture|Gastronomie,"Célèbre la visite des Rois Mages à Jésus, 12 jours après Noël.",
Pleine Lune,2009-01-11,,Astronomie|Lunaire,La face de la Lune est entièrement éclairée par le Soleil.,
Dernier Quartier,2009-01-18,,Astronomie|Lunaire,Phase lunaire : Dernier Quartier.,
Journée internationale de l'Éducation,2009-01-24,,Éducation|Société,Proclamée par l'ONU en 2019.,
Nouvelle Lune,2009-01-26,,Astronomie|Lunaire,La face de la Lune tournée vers la Terre n'est pas éclairée — elle est invisible dans le ciel.,
Journée nationale de la Mémoire de la Shoah,2009-01-27,,Mémoire|Société,Commémore la libération du camp d'Auschwitz le 27 janvier 1945.,
Chandeleur,2009-02-02,,Culture|Christianisme|Gastronomie,"Fête de la Présentation de Jésus au Temple, 40 jours après Noël.",
Journée mondiale des zones humides,2009-02-02,,Environnement,Commémore la Convention de Ramsar signée le 2 février 1971.,
Premier Quartier,2009-02-03,,Astronomie|Lunaire,La moitié droite de la Lune est éclairée. Mi-chemin entre la Nouvelle Lune et la Pleine Lune.,
Journée mondiale contre le cancer,2009-02-04,,Santé,Initiée par l'Union Internationale Contre le Cancer depuis 2000.,
Pleine Lune,2009-02-09,,Astronomie|Lunaire,La face de la Lune est entièrement éclairée par le Soleil.,
Saint-Valentin,2009-02-14,,Fêtes|Culture,Fête des amoureux le 14 février.,
Dernier Quartier,2009-02-16,,Astronomie|Lunaire,Phase lunaire : Dernier Quartier.,
Mardi Gras,2009-02-24,,Christianisme|Culture|Fêtes,"Dernier jour avant le Carême, où la tradition voulait qu'on fasse bombance avant l'abstinence.",
Début du Carême,2009-02-25,,Christianisme,"Le Carême commence le Mercredi des Cendres, 46 jours avant Pâques.",
Nouvelle Lune,2009-02-25,,Astronomie|Lunaire,La face de la Lune tournée vers la Terre n'est pas éclairée — elle est invisible dans le ciel.,
Salon de l'Agriculture — Ouverture,2009-02-28,,Gastronomie|Agriculture|Culture,Le Salon International de l'Agriculture se tient chaque fin février à Paris.,
Fête des Grands-Mères,2009-03-01,,Fêtes|Culture,Créée en 1987 par la marque de café Grand'Mère.,
Premier Quartier,2009-03-04,,Astronomie|Lunaire,La moitié droite de la Lune est éclairée. Mi-chemin entre la Nouvelle Lune et la Pleine Lune.,
Journée internationale des femmes,2009-03-08,,Société,Issue des luttes ouvrières du début du XXe siècle en Europe et aux États-Unis.,
Pleine Lune,2009-03-11,,Astronomie|Lunaire,La face de la Lune est entièrement éclairée par le Soleil.,
Saint-Patrick,2009-03-17,,Culture|Fêtes,"Fête nationale irlandaise le 17 mars, commémorant la mort de saint Patrick (461).",
Dernier Quartier,2009-03-18,,Astronomie|Lunaire,Phase lunaire : Dernier Quartier.,
Début du Printemps — Équinoxe de printemps,2009-03-20,,Saisons|Astronomie,L'équinoxe de printemps marque le début astronomique du printemps.,
Journée nationale de lutte contre les discriminations,2009-03-21,,Société,Créée par l'ONU en 1966 en mémoire du massacre de Sharpeville.,
Journée mondiale de l'eau,2009-03-22,,Environnement|Société,Proclamée par l'ONU en 1993.,
Nouvelle Lune,2009-03-26,,Astronomie|Lunaire,La face de la Lune tournée vers la Terre n'est pas éclairée — elle est invisible dans le ciel.,
Passage à l'heure d'été,2009-03-29,,Changement d'heure,"Dans la nuit du samedi au dimanche, les montres avancent d'une heure (2h → 3h).",
Poisson d'avril,2009-04-01,,Culture,Journée des farces et des canulars.,
Premier Quartier,2009-04-02,,Astronomie|Lunaire,La moitié droite de la Lune est éclairée. Mi-chemin entre la Nouvelle Lune et la Pleine Lune.,
Dimanche des Rameaux,2009-04-05,,Christianisme,Ouvre la Semaine Sainte en rappelant l'entrée triomphale de Jésus à Jérusalem.,
Journée mondiale de la Santé,2009-04-07,,Santé,Commémore la fondation de l'OMS le 7 avril 1948.,
Pleine Lune,2009-04-09,,Astronomie|Lunaire,La face de la Lune est entièrement éclairée par le Soleil.,
Vendredi Saint,2009-04-10,,Jours fériés|Christianisme,"Commémore la crucifixion du Christ. Jour férié uniquement en Alsace-Moselle (départements 57, 67, 68) en vertu du régime concordataire.",AM
Vendredi Saint,2009-04-10,,Christianisme,Commémore la crucifixion du Christ. Non férié en France depuis la loi de 1905 — sauf en Alsace-Moselle.,
Pâques,2009-04-12,,Christianisme,Fête chrétienne célébrant la résurrection du Christ. Sa date varie chaque année car elle suit le calendrier lunaire.,
Lundi de Pâques,2009-04-13,,Jours fériés|Christianisme,"Jour férié qui prolonge le dimanche de Pâques. La tradition des œufs vient du Carême : l'Église interdisait d'en manger pendant 40 jours, on offrait donc à Pâques ceux accumulés.",
Dernier Quartier,2009-04-17,,Astronomie|Lunaire,Phase lunaire : Dernier Quartier.,
Jour de la Terre,2009-04-22,,Environnement|Société,Né le 22 avril 1970 après une marée noire en Californie.,
Nouvelle Lune,2009-04-25,,Astronomie|Lunaire,La face de la Lune tournée vers la Terre n'est pas éclairée — elle est invisible dans le ciel.,
Fête du Travail,2009-05-01,,Jours fériés|Société,"Commémore la grève de Chicago du 1er mai 1886 pour les 8 heures de travail, réprimée dans le sang. Férié et chômé en France depuis 1947. La tradition d'offrir du muguet vient d'une coutume de Charles IX datant de 1561.",
Premier Quartier,2009-05-01,,Astronomie|Lunaire,La moitié droite de la Lune est éclairée. Mi-chemin entre la Nouvelle Lune et la Pleine Lune.,
Fête de la Victoire 1945,2009-05-08,,Jours fériés,"Le 8 mai 1945, l'Allemagne nazie signe sa capitulation sans condition, mettant fin à la guerre en Europe. Férié depuis 1953, supprimé par Giscard en 1975, puis rétabli par Mitterrand en 1981.",
Pleine Lune,2009-05-09,,Astronomie|Lunaire,La face de la Lune est entièrement éclairée par le Soleil.,
Abolition de l'esclavage en France — Commémoration,2009-05-10,,Mémoire|Société,Journée nationale instaurée par la loi Taubira de 2001.,
Festival de Cannes — Ouverture,2009-05-14,,Culture|Cinéma,"Le Festival International du Film de Cannes, créé en 1946.",
Nuit des Musées,2009-05-16,,Culture,Créée en France en 2005 et étendue à toute l'Europe.,
Dernier Quartier,2009-05-17,,Astronomie|Lunaire,Phase lunaire : Dernier Quartier.,
Ascension,2009-05-21,,Jours fériés|Christianisme,"Fête chrétienne commémorant la montée du Christ au ciel, 40 jours après Pâques. Toujours un jeudi, ce qui en fait naturellement un pont avec le vendredi.",
Journée mondiale de la biodiversité,2009-05-22,,Environnement,Commémore l'adoption de la Convention sur la Diversité Biologique à Rio.,
Pont possible — Ascension,2009-05-22,,Ponts / Congés,Ascension tombe un jeudi le 21/05/2009. Le vendredi 22/05/2009 est un pont potentiel — vérifiez auprès de votre employeur.,
Nouvelle Lune,2009-05-24,,Astronomie|Lunaire,La face de la Lune tournée vers la Terre n'est pas éclairée — elle est invisible dans le ciel.,
Journée nationale de la Résistance,2009-05-27,,Mémoire|Société,"Le 27 mai 1943, Jean Moulin préside la première réunion secrète du CNR.",
Fête des Voisins,2009-05-29,,Société,Créée en 2000 pour lutter contre l'isolement urbain.,
Journée mondiale sans tabac,2009-05-31,,Santé,Lancée par l'OMS en 1987.,
Pentecôte,2009-05-31,,Christianisme,"Célèbre la descente de l'Esprit Saint sur les apôtres, 50 jours après Pâques.",
Premier Quartier,2009-05-31,,Astronomie|Lunaire,La moitié droite de la Lune est éclairée. Mi-chemin entre la Nouvelle Lune et la Pleine Lune.,
Lundi de Pentecôte,2009-06-01,,Jours fériés|Christianisme,"Jour férié désigné depuis 2004 Journée de solidarité envers les personnes âgées. Les salariés travaillent ce jour sans rémunération supplémentaire, finançant ainsi la prise en charge de la dépendance — instauré après la canicule de 2003 qui fit 15 000 morts en France.",
Débarquement en Normandie — Commémoration du Jour J,2009-06-06,,Mémoire|Dates spéciales,"Le 6 juin 1944, 156 000 soldats alliés débarquent sur les plages de Normandie.",
Fête des Mères,2009-06-07,,Fêtes|Culture,"Célébrée le dernier dimanche de mai, sauf si c'est la Pentecôte.",
Pleine Lune,2009-06-07,,Astronomie|Lunaire,La face de la Lune est entièrement éclairée par le Soleil.,
Journée mondiale de l'océan,2009-06-08,,Environnement,Proposée lors du Sommet de la Terre de Rio en 1992.,
Dernier Quartier,2009-06-16,,Astronomie|Lunaire,Phase lunaire : Dernier Quartier.,
Appel du 18 juin 1940 — Anniversaire,2009-06-18,,Mémoire|Dates spéciales,"Le 18 juin 1940, de Gaulle lance depuis Londres un appel à la Résistance sur la BBC.",
Début de l'Été — Solstice d'été,2009-06-21,,Saisons|Astronomie,Le solstice d'été est le jour le plus long de l'année.,
Fête de la Musique,2009-06-21,,Culture|Fêtes,Créée en 1982 par le ministre Jack Lang.,
Fête des Pères,2009-06-21,,Fêtes|Culture,"Née aux États-Unis en 1910, introduite en France dans les années 1950.",
Jour le plus long de l'année,2009-06-21,,Saisons|Astronomie,Le 21 June est le jour le plus long de l'année 2009.,
Nouvelle Lune,2009-06-22,,Astronomie|Lunaire,La face de la Lune tournée vers la Terre n'est pas éclairée — elle est invisible dans le ciel.,
Fête du Cinéma,2009-06-28,,Culture|Cinéma,"Créée en 1985, elle propose chaque fin juin des places à tarif réduit.",
Premier Quartier,2009-06-29,,Astronomie|Lunaire,La moitié droite de la Lune est éclairée. Mi-chemin entre la Nouvelle Lune et la Pleine Lune.,
Milieu de l'année,2009-07-02,,Dates spéciales,Ce jour marque le point médian exact de l'année 2009.,
Festival d'Avignon — Ouverture,2009-07-05,,Culture|Théâtre,Créé par Jean Vilar en 1947 dans la cour du Palais des Papes.,
Pleine Lune,2009-07-07,,Astronomie|Lunaire,La face de la Lune est entièrement éclairée par le Soleil.,
Commémoration de la Rafle du Vél d'Hiv,2009-07-12,,Mémoire|Société,"Les 16-17 juillet 1942, la police française arrêta 13 152 Juifs à Paris.",
Pont possible — Fête nationale,2009-07-13,,Ponts / Congés,Fête nationale tombe un mardi le 14/07/2009. Le lundi 13/07/2009 est un pont potentiel — vérifiez auprès de votre employeur.,
Fête Nationale,2009-07-14,,Jours fériés|Société|Dates spéciales,Commémore la prise de la Bastille le 14 juillet 1789.,
Fête nationale,2009-07-14,,Jours fériés,"Commémore la prise de la Bastille le 14 juillet 1789, symbole de la Révolution française. Jour férié depuis 1880. Défilé militaire sur les Champs-Élysées, bals des pompiers et feux d'artifice dans toute la France.",
Dernier Quartier,2009-07-15,,Astronomie|Lunaire,Phase lunaire : Dernier Quartier.,
Nouvelle Lune,2009-07-22,,Astronomie|Lunaire,La face de la Lune tournée vers la Terre n'est pas éclairée — elle est invisible dans le ciel.,
Premier Quartier,2009-07-29,,Astronomie|Lunaire,La moitié droite de la Lune est éclairée. Mi-chemin entre la Nouvelle Lune et la Pleine Lune.,
Nuit des Étoiles,2009-08-01,,Astronomie|Éducation|Culture,Organisée chaque premier week-end d'août par l'Association Française d'Astronomie depuis 1991.,
Pleine Lune,2009-08-06,,Astronomie|Lunaire,La face de la Lune est entièrement éclairée par le Soleil.,
Dernier Quartier,2009-08-13,,Astronomie|Lunaire,Phase lunaire : Dernier Quartier.,
Assomption,2009-08-15,,Jours fériés,"Célèbre l'élévation de la Vierge Marie au ciel. Fête chrétienne ancienne, jour férié en France depuis le Concordat de 1802. Elle tombe en plein cœur de l'été, au milieu des grandes vacances.",
Assomption de Marie,2009-08-15,,Christianisme|Jours fériés,Célèbre l'élévation de la Vierge Marie au ciel.,
Nouvelle Lune,2009-08-20,,Astronomie|Lunaire,La face de la Lune tournée vers la Terre n'est pas éclairée — elle est invisible dans le ciel.,
Premier Quartier,2009-08-27,,Astronomie|Lunaire,La moitié droite de la Lune est éclairée. Mi-chemin entre la Nouvelle Lune et la Pleine Lune.,
Rentrée des classes,2009-09-02,,Éducation|Société,La rentrée de septembre mobilise 12 millions d'élèves et 870 000 enseignants en France.,
Pleine Lune,2009-09-04,,Astronomie|Lunaire,La face de la Lune est entièrement éclairée par le Soleil.,
Braderie de Lille,2009-09-05,,Culture|Commerce,"Plus grande braderie d'Europe, organisée le premier week-end de septembre à Lille.",
Dernier Quartier,2009-09-12,,Astronomie|Lunaire,Phase lunaire : Dernier Quartier.,
Nouvelle Lune,2009-09-18,,Astronomie|Lunaire,La face de la Lune tournée vers la Terre n'est pas éclairée — elle est invisible dans le ciel.,
Journées du Patrimoine,2009-09-19,,Culture|Société,"Créées en France en 1984 par Jack Lang, étendues à toute l'Europe en 1991.",
Début de l'Automne — Équinoxe d'automne,2009-09-22,,Saisons|Astronomie,L'équinoxe d'automne marque le début de l'automne.,
Journée mondiale sans voiture,2009-09-22,,Environnement|Société,Lancée en France en 1998 par La Rochelle.,
Premier Quartier,2009-09-26,,Astronomie|Lunaire,La moitié droite de la Lune est éclairée. Mi-chemin entre la Nouvelle Lune et la Pleine Lune.,
Journée mondiale du cacao et du chocolat,2009-10-01,,Gastronomie|Culture,Célébrée le 1er octobre et associée à l'Organisation internationale du cacao (ICCO).,
Lancement d'Octobre Rose,2009-10-01,,Santé,Tout octobre est dédié à la sensibilisation au cancer du sein.,
Nuit Blanche,2009-10-03,,Culture,Initiée à Paris en 2002 par le maire Bertrand Delanoë.,
Fête des Grands-Pères,2009-10-04,,Fêtes|Culture,"Créée en 2008, elle a lieu chaque premier dimanche d'octobre.",
Pleine Lune,2009-10-04,,Astronomie|Lunaire,La face de la Lune est entièrement éclairée par le Soleil.,
Journée mondiale de la santé mentale,2009-10-10,,Santé|Société,Créée par la Fédération Mondiale pour la Santé Mentale en 1992.,
Dernier Quartier,2009-10-11,,Astronomie|Lunaire,Phase lunaire : Dernier Quartier.,
Semaine du Goût,2009-10-12,,Gastronomie|Culture,Créée en 1990 par le chef Joël Robuchon.,
Journée mondiale de l'alimentation,2009-10-16,,Gastronomie|Société|Santé,Commémore la fondation de la FAO le 16 octobre 1945.,
Nouvelle Lune,2009-10-18,,Astronomie|Lunaire,La face de la Lune tournée vers la Terre n'est pas éclairée — elle est invisible dans le ciel.,
Passage à l'heure d'hiver,2009-10-25,,Changement d'heure,"Dans la nuit du samedi au dimanche, les montres reculent d'une heure (3h → 2h).",
Premier Quartier,2009-10-26,,Astronomie|Lunaire,La moitié droite de la Lune est éclairée. Mi-chemin entre la Nouvelle Lune et la Pleine Lune.,
Halloween,2009-10-31,,Culture|Fêtes,Fête d'origine celtique (la nuit de Samain) christianisée puis popularisée par la diaspora irlandaise.,
Lancement du Mois sans Tabac,2009-11-01,,Santé,Lancé en France en 2016 par Santé Publique France.,
Toussaint,2009-11-01,,Jours fériés|Christianisme,"Fête de tous les saints, instituée par le pape Grégoire IV en 835. En France, la tradition de fleurir les tombes avec des chrysanthèmes s'est greffée dessus — ces fleurs sont désormais intimement liées à ce jour.",
Pleine Lune,2009-11-02,,Astronomie|Lunaire,La face de la Lune est entièrement éclairée par le Soleil.,
Journée nationale de l'arbre,2009-11-05,,Environnement,Célébrée chaque premier jeudi de novembre.,
Dernier Quartier,2009-11-09,,Astronomie|Lunaire,Phase lunaire : Dernier Quartier.,
Armistice 1918,2009-11-11,,Jours fériés,"Le 11 novembre 1918 à 11h, l'armistice met fin à la Première Guerre mondiale après quatre ans de combats. Jour férié depuis 1922. Chaque commune française a son monument aux morts — 36 000 érigés entre 1920 et 1925.",
Armistice de 1918 — Journée du Souvenir,2009-11-11,,Jours fériés|Mémoire|Dates spéciales,"Le 11 novembre 1918 à 11h, l'armistice met fin à la Première Guerre mondiale.",
Nouvelle Lune,2009-11-16,,Astronomie|Lunaire,La face de la Lune tournée vers la Terre n'est pas éclairée — elle est invisible dans le ciel.,
Beaujolais Nouveau,2009-11-19,,Gastronomie|Culture|Commercial,"Chaque troisième jeudi de novembre, le Beaujolais Nouveau est mis en vente.",
Journée internationale des droits de l'enfant,2009-11-20,,Société,Commémore l'adoption de la Convention des Nations Unies relative aux droits de l'enfant.,
Premier Quartier,2009-11-24,,Astronomie|Lunaire,La moitié droite de la Lune est éclairée. Mi-chemin entre la Nouvelle Lune et la Pleine Lune.,
Fête de la Bretagne,2009-11-30,,Culture|Société,Célébrée le 30 novembre (Saint-André) depuis les années 1990.,
Pleine Lune,2009-12-02,,Astronomie|Lunaire,La face de la Lune est entièrement éclairée par le Soleil.,
Journée mondiale des personnes handicapées,2009-12-03,,Société,Instaurée par l'ONU en 1992.,
Journée mondiale du Bénévolat,2009-12-05,,Société,Créée par l'ONU en 1985.,
Saint-Nicolas,2009-12-06,,Christianisme|Culture|Fêtes,"Fête de Nicolas de Myre, évêque du IVe siècle devenu patron des enfants.",
Dernier Quartier,2009-12-09,,Astronomie|Lunaire,Phase lunaire : Dernier Quartier.,
Journée de la Laïcité,2009-12-09,,Société|Dates spéciales,Commémore la loi du 9 décembre 1905 séparant les Églises de l'État.,
Nouvelle Lune,2009-12-16,,Astronomie|Lunaire,La face de la Lune tournée vers la Terre n'est pas éclairée — elle est invisible dans le ciel.,
Début de l'Hiver — Solstice d'hiver,2009-12-21,,Saisons|Astronomie,Le solstice d'hiver est le jour le plus court de l'année.,
Jour le plus court de l'année,2009-12-21,,Saisons|Astronomie,Le 21 December est le jour le plus court de l'année 2009.,
Premier Quartier,2009-12-24,,Astronomie|Lunaire,La moitié droite de la Lune est éclairée. Mi-chemin entre la Nouvelle Lune et la Pleine Lune.,
Noël,2009-12-25,,Jours fériés|Christianisme|Fêtes,"Célèbre la naissance du Christ. La date du 25 décembre a été fixée au IVe siècle sur une fête solaire romaine préexistante. Le sapin, la bûche et les cadeaux sont des traditions popularisées bien plus tard, au XIXe siècle.",
Saint-Étienne,2009-12-26,,Jours fériés|Christianisme,"Le 26 décembre est férié uniquement en Alsace-Moselle (depts 57, 67, 68). Fête de saint Étienne, premier martyr chrétien.",AM
Année avec 53e semaine ISO,2009-12-28,,Dates spéciales,L'année 2009 comporte une semaine 53 dans le calendrier ISO.,
Dernier jour de l'année,2009-12-31,,Dates spéciales,Clôture de l'année civile 2009.,
Fin d'une décennie,2009-12-31,,Dates spéciales,Le 31 décembre 2009 clôture la décennie 2000–2009.,
Pleine Lune,2009-12-31,,Astronomie|Lunaire,La face de la Lune est entièrement éclairée par le Soleil.,
Saint-Sylvestre / Réveillon du Nouvel An,2009-12-31,,Fêtes|Culture,"Dernier jour de l'année, nommé d'après le pape Sylvestre Ier mort ce jour en 335.",
Début d'une nouvelle décennie,2010-01-01,,Dates spéciales,Le 1er janvier 2010 ouvre la décennie 2010–2019.,
Jour de l'an,2010-01-01,,Jours fériés,Premier jour de l'année civile grégorienne. La tradition des vœux existe depuis l'Antiquité romaine. Le gui porte-bonheur vient d'une coutume druidique bien antérieure au christianisme.,
Épiphanie,2010-01-06,,Christianisme|Culture|Gastronomie,"Célèbre la visite des Rois Mages à Jésus, 12 jours après Noël.",
Dernier Quartier,2010-01-07,,Astronomie|Lunaire,Phase lunaire : Dernier Quartier.,
Nouvelle Lune,2010-01-15,,Astronomie|Lunaire,La face de la Lune tournée vers la Terre n'est pas éclairée — elle est invisible dans le ciel.,
Premier Quartier,2010-01-23,,Astronomie|Lunaire,La moitié droite de la Lune est éclairée. Mi-chemin entre la Nouvelle Lune et la Pleine Lune.,
Journée internationale de l'Éducation,2010-01-24,,Éducation|Société,Proclamée par l'ONU en 2019.,
Journée nationale de la Mémoire de la Shoah,2010-01-27,,Mémoire|Société,Commémore la libération du camp d'Auschwitz le 27 janvier 1945.,
Pleine Lune,2010-01-30,,Astronomie|Lunaire,La face de la Lune est entièrement éclairée par le Soleil.,
Date palindrome,2010-02-01,,Dates spéciales,La date du 01/02/2010 se lit de la même façon dans les deux sens (01022010).,
Chandeleur,2010-02-02,,Culture|Christianisme|Gastronomie,"Fête de la Présentation de Jésus au Temple, 40 jours après Noël.",
Journée mondiale des zones humides,2010-02-02,,Environnement,Commémore la Convention de Ramsar signée le 2 février 1971.,
Journée mondiale contre le cancer,2010-02-04,,Santé,Initiée par l'Union Internationale Contre le Cancer depuis 2000.,
Dernier Quartier,2010-02-06,,Astronomie|Lunaire,Phase lunaire : Dernier Quartier.,
Nouvelle Lune,2010-02-14,,Astronomie|Lunaire,La face de la Lune tournée vers la Terre n'est pas éclairée — elle est invisible dans le ciel.,
Saint-Valentin,2010-02-14,,Fêtes|Culture,Fête des amoureux le 14 février.,
Mardi Gras,2010-02-16,,Christianisme|Culture|Fêtes,"Dernier jour avant le Carême, où la tradition voulait qu'on fasse bombance avant l'abstinence.",
Début du Carême,2010-02-17,,Christianisme,"Le Carême commence le Mercredi des Cendres, 46 jours avant Pâques.",
Premier Quartier,2010-02-22,,Astronomie|Lunaire,La moitié droite de la Lune est éclairée. Mi-chemin entre la Nouvelle Lune et la Pleine Lune.,
Salon de l'Agriculture — Ouverture,2010-02-27,,Gastronomie|Agriculture|Culture,Le Salon International de l'Agriculture se tient chaque fin février à Paris.,
Pleine Lune,2010-02-28,,Astronomie|Lunaire,La face de la Lune est entièrement éclairée par le Soleil.,
Dernier Quartier,2010-03-07,,Astronomie|Lunaire,Phase lunaire : Dernier Quartier.,
Fête des Grands-Mères,2010-03-07,,Fêtes|Culture,Créée en 1987 par la marque de café Grand'Mère.,
Journée internationale des femmes,2010-03-08,,Société,Issue des luttes ouvrières du début du XXe siècle en Europe et aux États-Unis.,
Nouvelle Lune,2010-03-15,,Astronomie|Lunaire,La face de la Lune tournée vers la Terre n'est pas éclairée — elle est invisible dans le ciel.,
Saint-Patrick,2010-03-17,,Culture|Fêtes,"Fête nationale irlandaise le 17 mars, commémorant la mort de saint Patrick (461).",
Début du Printemps — Équinoxe de printemps,2010-03-20,,Saisons|Astronomie,L'équinoxe de printemps marque le début astronomique du printemps.,
Journée nationale de lutte contre les discriminations,2010-03-21,,Société,Créée par l'ONU en 1966 en mémoire du massacre de Sharpeville.,
Journée mondiale de l'eau,2010-03-22,,Environnement|Société,Proclamée par l'ONU en 1993.,
Premier Quartier,2010-03-23,,Astronomie|Lunaire,La moitié droite de la Lune est éclairée. Mi-chemin entre la Nouvelle Lune et la Pleine Lune.,
Dimanche des Rameaux,2010-03-28,,Christianisme,Ouvre la Semaine Sainte en rappelant l'entrée triomphale de Jésus à Jérusalem.,
Passage à l'heure d'été,2010-03-28,,Changement d'heure,"Dans la nuit du samedi au dimanche, les montres avancent d'une heure (2h → 3h).",
Pleine Lune,2010-03-30,,Astronomie|Lunaire,La face de la Lune est entièrement éclairée par le Soleil.,
Poisson d'avril,2010-04-01,,Culture,Journée des farces et des canulars.,
Vendredi Saint,2010-04-02,,Jours fériés|Christianisme,"Commémore la crucifixion du Christ. Jour férié uniquement en Alsace-Moselle (départements 57, 67, 68) en vertu du régime concordataire.",AM
Vendredi Saint,2010-04-02,,Christianisme,Commémore la crucifixion du Christ. Non férié en France depuis la loi de 1905 — sauf en Alsace-Moselle.,
Pâques,2010-04-04,,Christianisme,Fête chrétienne célébrant la résurrection du Christ. Sa date varie chaque année car elle suit le calendrier lunaire.,
Lundi de Pâques,2010-04-05,,Jours fériés|Christianisme,"Jour férié qui prolonge le dimanche de Pâques. La tradition des œufs vient du Carême : l'Église interdisait d'en manger pendant 40 jours, on offrait donc à Pâques ceux accumulés.",
Dernier Quartier,2010-04-06,,Astronomie|Lunaire,Phase lunaire : Dernier Quartier.,
Journée mondiale de la Santé,2010-04-07,,Santé,Commémore la fondation de l'OMS le 7 avril 1948.,
Nouvelle Lune,2010-04-14,,Astronomie|Lunaire,La face de la Lune tournée vers la Terre n'est pas éclairée — elle est invisible dans le ciel.,
Premier Quartier,2010-04-21,,Astronomie|Lunaire,La moitié droite de la Lune est éclairée. Mi-chemin entre la Nouvelle Lune et la Pleine Lune.,
Jour de la Terre,2010-04-22,,Environnement|Société,Né le 22 avril 1970 après une marée noire en Californie.,
Pleine Lune,2010-04-28,,Astronomie|Lunaire,La face de la Lune est entièrement éclairée par le Soleil.,
Fête du Travail,2010-05-01,,Jours fériés|Société,"Commémore la grève de Chicago du 1er mai 1886 pour les 8 heures de travail, réprimée dans le sang. Férié et chômé en France depuis 1947. La tradition d'offrir du muguet vient d'une coutume de Charles IX datant de 1561.",
Dernier Quartier,2010-05-06,,Astronomie|Lunaire,Phase lunaire : Dernier Quartier.,
Fête de la Victoire 1945,2010-05-08,,Jours fériés,"Le 8 mai 1945, l'Allemagne nazie signe sa capitulation sans condition, mettant fin à la guerre en Europe. Férié depuis 1953, supprimé par Giscard en 1975, puis rétabli par Mitterrand en 1981.",
Abolition de l'esclavage en France — Commémoration,2010-05-10,,Mémoire|Société,Journée nationale instaurée par la loi Taubira de 2001.,
Ascension,2010-05-13,,Jours fériés|Christianisme,"Fête chrétienne commémorant la montée du Christ au ciel, 40 jours après Pâques. Toujours un jeudi, ce qui en fait naturellement un pont avec le vendredi.",
Festival de Cannes — Ouverture,2010-05-14,,Culture|Cinéma,"Le Festival International du Film de Cannes, créé en 1946.",
Nouvelle Lune,2010-05-14,,Astronomie|Lunaire,La face de la Lune tournée vers la Terre n'est pas éclairée — elle est invisible dans le ciel.,
Pont possible — Ascension,2010-05-14,,Ponts / Congés,Ascension tombe un jeudi le 13/05/2010. Le vendredi 14/05/2010 est un pont potentiel — vérifiez auprès de votre employeur.,
Nuit des Musées,2010-05-15,,Culture,Créée en France en 2005 et étendue à toute l'Europe.,
Premier Quartier,2010-05-21,,Astronomie|Lunaire,La moitié droite de la Lune est éclairée. Mi-chemin entre la Nouvelle Lune et la Pleine Lune.,
Journée mondiale de la biodiversité,2010-05-22,,Environnement,Commémore l'adoption de la Convention sur la Diversité Biologique à Rio.,
Pentecôte,2010-05-23,,Christianisme,"Célèbre la descente de l'Esprit Saint sur les apôtres, 50 jours après Pâques.",
Lundi de Pentecôte,2010-05-24,,Jours fériés|Christianisme,"Jour férié désigné depuis 2004 Journée de solidarité envers les personnes âgées. Les salariés travaillent ce jour sans rémunération supplémentaire, finançant ainsi la prise en charge de la dépendance — instauré après la canicule de 2003 qui fit 15 000 morts en France.",
Journée nationale de la Résistance,2010-05-27,,Mémoire|Société,"Le 27 mai 1943, Jean Moulin préside la première réunion secrète du CNR.",
Fête des Voisins,2010-05-28,,Société,Créée en 2000 pour lutter contre l'isolement urbain.,
Pleine Lune,2010-05-28,,Astronomie|Lunaire,La face de la Lune est entièrement éclairée par le Soleil.,
Fête des Mères,2010-05-30,,Fêtes|Culture,"Célébrée le dernier dimanche de mai, sauf si c'est la Pentecôte.",
Journée mondiale sans tabac,2010-05-31,,Santé,Lancée par l'OMS en 1987.,
Dernier Quartier,2010-06-05,,Astronomie|Lunaire,Phase lunaire : Dernier Quartier.,
Débarquement en Normandie — Commémoration du Jour J,2010-06-06,,Mémoire|Dates spéciales,"Le 6 juin 1944, 156 000 soldats alliés débarquent sur les plages de Normandie.",
Journée mondiale de l'océan,2010-06-08,,Environnement,Proposée lors du Sommet de la Terre de Rio en 1992.,
Nouvelle Lune,2010-06-12,,Astronomie|Lunaire,La face de la Lune tournée vers la Terre n'est pas éclairée — elle est invisible dans le ciel.,
Appel du 18 juin 1940 — Anniversaire,2010-06-18,,Mémoire|Dates spéciales,"Le 18 juin 1940, de Gaulle lance depuis Londres un appel à la Résistance sur la BBC.",
Premier Quartier,2010-06-19,,Astronomie|Lunaire,La moitié droite de la Lune est éclairée. Mi-chemin entre la Nouvelle Lune et la Pleine Lune.,
Fête des Pères,2010-06-20,,Fêtes|Culture,"Née aux États-Unis en 1910, introduite en France dans les années 1950.",
Début de l'Été — Solstice d'été,2010-06-21,,Saisons|Astronomie,Le solstice d'été est le jour le plus long de l'année.,
Fête de la Musique,2010-06-21,,Culture|Fêtes,Créée en 1982 par le ministre Jack Lang.,
Jour le plus long de l'année,2010-06-21,,Saisons|Astronomie,Le 21 June est le jour le plus long de l'année 2010.,
Pleine Lune,2010-06-26,,Astronomie|Lunaire,La face de la Lune est entièrement éclairée par le Soleil.,
Fête du Cinéma,2010-06-27,,Culture|Cinéma,"Créée en 1985, elle propose chaque fin juin des places à tarif réduit.",
Milieu de l'année,2010-07-02,,Dates spéciales,Ce jour marque le point médian exact de l'année 2010.,
Dernier Quartier,2010-07-04,,Astronomie|Lunaire,Phase lunaire : Dernier Quartier.,
Festival d'Avignon — Ouverture,2010-07-05,,Culture|Théâtre,Créé par Jean Vilar en 1947 dans la cour du Palais des Papes.,
Commémoration de la Rafle du Vél d'Hiv,2010-07-11,,Mémoire|Société,"Les 16-17 juillet 1942, la police française arrêta 13 152 Juifs à Paris.",
Nouvelle Lune,2010-07-11,,Astronomie|Lunaire,La face de la Lune tournée vers la Terre n'est pas éclairée — elle est invisible dans le ciel.,
Fête Nationale,2010-07-14,,Jours fériés|Société|Dates spéciales,Commémore la prise de la Bastille le 14 juillet 1789.,
Fête nationale,2010-07-14,,Jours fériés,"Commémore la prise de la Bastille le 14 juillet 1789, symbole de la Révolution française. Jour férié depuis 1880. Défilé militaire sur les Champs-Élysées, bals des pompiers et feux d'artifice dans toute la France.",
Premier Quartier,2010-07-18,,Astronomie|Lunaire,La moitié droite de la Lune est éclairée. Mi-chemin entre la Nouvelle Lune et la Pleine Lune.,
Pleine Lune,2010-07-26,,Astronomie|Lunaire,La face de la Lune est entièrement éclairée par le Soleil.,
Dernier Quartier,2010-08-03,,Astronomie|Lunaire,Phase lunaire : Dernier Quartier.,
Nuit des Étoiles,2010-08-07,,Astronomie|Éducation|Culture,Organisée chaque premier week-end d'août par l'Association Française d'Astronomie depuis 1991.,
Nouvelle Lune,2010-08-10,,Astronomie|Lunaire,La face de la Lune tournée vers la Terre n'est pas éclairée — elle est invisible dans le ciel.,
Assomption,2010-08-15,,Jours fériés,"Célèbre l'élévation de la Vierge Marie au ciel. Fête chrétienne ancienne, jour férié en France depuis le Concordat de 1802. Elle tombe en plein cœur de l'été, au milieu des grandes vacances.",
Assomption de Marie,2010-08-15,,Christianisme|Jours fériés,Célèbre l'élévation de la Vierge Marie au ciel.,
Premier Quartier,2010-08-16,,Astronomie|Lunaire,La moitié droite de la Lune est éclairée. Mi-chemin entre la Nouvelle Lune et la Pleine Lune.,
Pleine Lune,2010-08-24,,Astronomie|Lunaire,La face de la Lune est entièrement éclairée par le Soleil.,
Dernier Quartier,2010-09-01,,Astronomie|Lunaire,Phase lunaire : Dernier Quartier.,
Rentrée des classes,2010-09-02,,Éducation|Société,La rentrée de septembre mobilise 12 millions d'élèves et 870 000 enseignants en France.,
Braderie de Lille,2010-09-04,,Culture|Commerce,"Plus grande braderie d'Europe, organisée le premier week-end de septembre à Lille.",
Nouvelle Lune,2010-09-08,,Astronomie|Lunaire,La face de la Lune tournée vers la Terre n'est pas éclairée — elle est invisible dans le ciel.,
Premier Quartier,2010-09-15,,Astronomie|Lunaire,La moitié droite de la Lune est éclairée. Mi-chemin entre la Nouvelle Lune et la Pleine Lune.,
Journées du Patrimoine,2010-09-18,,Culture|Société,"Créées en France en 1984 par Jack Lang, étendues à toute l'Europe en 1991.",
Journée mondiale sans voiture,2010-09-22,,Environnement|Société,Lancée en France en 1998 par La Rochelle.,
Début de l'Automne — Équinoxe d'automne,2010-09-23,,Saisons|Astronomie,L'équinoxe d'automne marque le début de l'automne.,
Pleine Lune,2010-09-23,,Astronomie|Lunaire,La face de la Lune est entièrement éclairée par le Soleil.,
Dernier Quartier,2010-10-01,,Astronomie|Lunaire,Phase lunaire : Dernier Quartier.,
Journée mondiale du cacao et du chocolat,2010-10-01,,Gastronomie|Culture,Célébrée le 1er octobre et associée à l'Organisation internationale du cacao (ICCO).,
Lancement d'Octobre Rose,2010-10-01,,Santé,Tout octobre est dédié à la sensibilisation au cancer du sein.,
Nuit Blanche,2010-10-02,,Culture,Initiée à Paris en 2002 par le maire Bertrand Delanoë.,
Fête des Grands-Pères,2010-10-03,,Fêtes|Culture,"Créée en 2008, elle a lieu chaque premier dimanche d'octobre.",
Nouvelle Lune,2010-10-07,,Astronomie|Lunaire,La face de la Lune tournée vers la Terre n'est pas éclairée — elle est invisible dans le ciel.,
Journée mondiale de la santé mentale,2010-10-10,,Santé|Société,Créée par la Fédération Mondiale pour la Santé Mentale en 1992.,
Semaine du Goût,2010-10-11,,Gastronomie|Culture,Créée en 1990 par le chef Joël Robuchon.,
Premier Quartier,2010-10-14,,Astronomie|Lunaire,La moitié droite de la Lune est éclairée. Mi-chemin entre la Nouvelle Lune et la Pleine Lune.,
Journée mondiale de l'alimentation,2010-10-16,,Gastronomie|Société|Santé,Commémore la fondation de la FAO le 16 octobre 1945.,
Pleine Lune,2010-10-23,,Astronomie|Lunaire,La face de la Lune est entièrement éclairée par le Soleil.,
Dernier Quartier,2010-10-30,,Astronomie|Lunaire,Phase lunaire : Dernier Quartier.,
Halloween,2010-10-31,,Culture|Fêtes,Fête d'origine celtique (la nuit de Samain) christianisée puis popularisée par la diaspora irlandaise.,
Passage à l'heure d'hiver,2010-10-31,,Changement d'heure,"Dans la nuit du samedi au dimanche, les montres reculent d'une heure (3h → 2h).",
Lancement du Mois sans Tabac,2010-11-01,,Santé,Lancé en France en 2016 par Santé Publique France.,
Toussaint,2010-11-01,,Jours fériés|Christianisme,"Fête de tous les saints, instituée par le pape Grégoire IV en 835. En France, la tradition de fleurir les tombes avec des chrysanthèmes s'est greffée dessus — ces fleurs sont désormais intimement liées à ce jour.",
Journée nationale de l'arbre,2010-11-04,,Environnement,Célébrée chaque premier jeudi de novembre.,
Nouvelle Lune,2010-11-06,,Astronomie|Lunaire,La face de la Lune tournée vers la Terre n'est pas éclairée — elle est invisible dans le ciel.,
Armistice 1918,2010-11-11,,Jours fériés,"Le 11 novembre 1918 à 11h, l'armistice met fin à la Première Guerre mondiale après quatre ans de combats. Jour férié depuis 1922. Chaque commune française a son monument aux morts — 36 000 érigés entre 1920 et 1925.",
Armistice de 1918 — Journée du Souvenir,2010-11-11,,Jours fériés|Mémoire|Dates spéciales,"Le 11 novembre 1918 à 11h, l'armistice met fin à la Première Guerre mondiale.",
Pont possible — Armistice 1918,2010-11-12,,Ponts / Congés,Armistice 1918 tombe un jeudi le 11/11/2010. Le vendredi 12/11/2010 est un pont potentiel — vérifiez auprès de votre employeur.,
Premier Quartier,2010-11-13,,Astronomie|Lunaire,La moitié droite de la Lune est éclairée. Mi-chemin entre la Nouvelle Lune et la Pleine Lune.,
Beaujolais Nouveau,2010-11-18,,Gastronomie|Culture|Commercial,"Chaque troisième jeudi de novembre, le Beaujolais Nouveau est mis en vente.",
Journée internationale des droits de l'enfant,2010-11-20,,Société,Commémore l'adoption de la Convention des Nations Unies relative aux droits de l'enfant.,
Pleine Lune,2010-11-21,,Astronomie|Lunaire,La face de la Lune est entièrement éclairée par le Soleil.,
Dernier Quartier,2010-11-28,,Astronomie|Lunaire,Phase lunaire : Dernier Quartier.,
Fête de la Bretagne,2010-11-30,,Culture|Société,Célébrée le 30 novembre (Saint-André) depuis les années 1990.,
Journée mondiale des personnes handicapées,2010-12-03,,Société,Instaurée par l'ONU en 1992.,
Journée mondiale du Bénévolat,2010-12-05,,Société,Créée par l'ONU en 1985.,
Nouvelle Lune,2010-12-05,,Astronomie|Lunaire,La face de la Lune tournée vers la Terre n'est pas éclairée — elle est invisible dans le ciel.,
Saint-Nicolas,2010-12-06,,Christianisme|Culture|Fêtes,"Fête de Nicolas de Myre, évêque du IVe siècle devenu patron des enfants.",
Journée de la Laïcité,2010-12-09,,Société|Dates spéciales,Commémore la loi du 9 décembre 1905 séparant les Églises de l'État.,
Premier Quartier,2010-12-13,,Astronomie|Lunaire,La moitié droite de la Lune est éclairée. Mi-chemin entre la Nouvelle Lune et la Pleine Lune.,
Début de l'Hiver — Solstice d'hiver,2010-12-21,,Saisons|Astronomie,Le solstice d'hiver est le jour le plus court de l'année.,
Jour le plus court de l'année,2010-12-21,,Saisons|Astronomie,Le 21 December est le jour le plus court de l'année 2010.,
Pleine Lune,2010-12-21,,Astronomie|Lunaire,La face de la Lune est entièrement éclairée par le Soleil.,
Noël,2010-12-25,,Jours fériés|Christianisme|Fêtes,"Célèbre la naissance du Christ. La date du 25 décembre a été fixée au IVe siècle sur une fête solaire romaine préexistante. Le sapin, la bûche et les cadeaux sont des traditions popularisées bien plus tard, au XIXe siècle.",
Saint-Étienne,2010-12-26,,Jours fériés|Christianisme,"Le 26 décembre est férié uniquement en Alsace-Moselle (depts 57, 67, 68). Fête de saint Étienne, premier martyr chrétien.",AM
Dernier Quartier,2010-12-28,,Astronomie|Lunaire,Phase lunaire : Dernier Quartier.,
Dernier jour de l'année,2010-12-31,,Dates spéciales,Clôture de l'année civile 2010.,
Saint-Sylvestre / Réveillon du Nouvel An,2010-12-31,,Fêtes|Culture,"Dernier jour de l'année, nommé d'après le pape Sylvestre Ier mort ce jour en 335.",
Jour de l'an,2011-01-01,,Jours fériés,Premier jour de l'année civile grégorienne. La tradition des vœux existe depuis l'Antiquité romaine. Le gui porte-bonheur vient d'une coutume druidique bien antérieure au christianisme.,
Nouvelle Lune,2011-01-04,,Astronomie|Lunaire,La face de la Lune tournée vers la Terre n'est pas éclairée — elle est invisible dans le ciel.,
Épiphanie,2011-01-06,,Christianisme|Culture|Gastronomie,"Célèbre la visite des Rois Mages à Jésus, 12 jours après Noël.",
Premier Quartier,2011-01-12,,Astronomie|Lunaire,La moitié droite de la Lune est éclairée. Mi-chemin entre la Nouvelle Lune et la Pleine Lune.,
Pleine Lune,2011-01-19,,Astronomie|Lunaire,La face de la Lune est entièrement éclairée par le Soleil.,
Journée internationale de l'Éducation,2011-01-24,,Éducation|Société,Proclamée par l'ONU en 2019.,
Dernier Quartier,2011-01-26,,Astronomie|Lunaire,Phase lunaire : Dernier Quartier.,
Journée nationale de la Mémoire de la Shoah,2011-01-27,,Mémoire|Société,Commémore la libération du camp d'Auschwitz le 27 janvier 1945.,
Chandeleur,2011-02-02,,Culture|Christianisme|Gastronomie,"Fête de la Présentation de Jésus au Temple, 40 jours après Noël.",
Journée mondiale des zones humides,2011-02-02,,Environnement,Commémore la Convention de Ramsar signée le 2 février 1971.,
Nouvelle Lune,2011-02-03,,Astronomie|Lunaire,La face de la Lune tournée vers la Terre n'est pas éclairée — elle est invisible dans le ciel.,
Journée mondiale contre le cancer,2011-02-04,,Santé,Initiée par l'Union Internationale Contre le Cancer depuis 2000.,
Date palindrome,2011-02-11,,Dates spéciales,La date du 11/02/2011 se lit de la même façon dans les deux sens (11022011).,
Premier Quartier,2011-02-11,,Astronomie|Lunaire,La moitié droite de la Lune est éclairée. Mi-chemin entre la Nouvelle Lune et la Pleine Lune.,
Saint-Valentin,2011-02-14,,Fêtes|Culture,Fête des amoureux le 14 février.,
Pleine Lune,2011-02-18,,Astronomie|Lunaire,La face de la Lune est entièrement éclairée par le Soleil.,
Dernier Quartier,2011-02-25,,Astronomie|Lunaire,Phase lunaire : Dernier Quartier.,
Salon de l'Agriculture — Ouverture,2011-02-26,,Gastronomie|Agriculture|Culture,Le Salon International de l'Agriculture se tient chaque fin février à Paris.,
Nouvelle Lune,2011-03-04,,Astronomie|Lunaire,La face de la Lune tournée vers la Terre n'est pas éclairée — elle est invisible dans le ciel.,
Fête des Grands-Mères,2011-03-06,,Fêtes|Culture,Créée en 1987 par la marque de café Grand'Mère.,
Journée internationale des femmes,2011-03-08,,Société,Issue des luttes ouvrières du début du XXe siècle en Europe et aux États-Unis.,
Mardi Gras,2011-03-08,,Christianisme|Culture|Fêtes,"Dernier jour avant le Carême, où la tradition voulait qu'on fasse bombance avant l'abstinence.",
Début du Carême,2011-03-09,,Christianisme,"Le Carême commence le Mercredi des Cendres, 46 jours avant Pâques.",
Premier Quartier,2011-03-13,,Astronomie|Lunaire,La moitié droite de la Lune est éclairée. Mi-chemin entre la Nouvelle Lune et la Pleine Lune.,
Saint-Patrick,2011-03-17,,Culture|Fêtes,"Fête nationale irlandaise le 17 mars, commémorant la mort de saint Patrick (461).",
Pleine Lune,2011-03-19,,Astronomie|Lunaire,La face de la Lune est entièrement éclairée par le Soleil.,
Début du Printemps — Équinoxe de printemps,2011-03-20,,Saisons|Astronomie,L'équinoxe de printemps marque le début astronomique du printemps.,
Journée nationale de lutte contre les discriminations,2011-03-21,,Société,Créée par l'ONU en 1966 en mémoire du massacre de Sharpeville.,
Journée mondiale de l'eau,2011-03-22,,Environnement|Société,Proclamée par l'ONU en 1993.,
Dernier Quartier,2011-03-26,,Astronomie|Lunaire,Phase lunaire : Dernier Quartier.,
Passage à l'heure d'été,2011-03-27,,Changement d'heure,"Dans la nuit du samedi au dimanche, les montres avancent d'une heure (2h → 3h).",
Poisson d'avril,2011-04-01,,Culture,Journée des farces et des canulars.,
Nouvelle Lune,2011-04-03,,Astronomie|Lunaire,La face de la Lune tournée vers la Terre n'est pas éclairée — elle est invisible dans le ciel.,
Journée mondiale de la Santé,2011-04-07,,Santé,Commémore la fondation de l'OMS le 7 avril 1948.,
Premier Quartier,2011-04-11,,Astronomie|Lunaire,La moitié droite de la Lune est éclairée. Mi-chemin entre la Nouvelle Lune et la Pleine Lune.,
Dimanche des Rameaux,2011-04-17,,Christianisme,Ouvre la Semaine Sainte en rappelant l'entrée triomphale de Jésus à Jérusalem.,
Pleine Lune,2011-04-18,,Astronomie|Lunaire,La face de la Lune est entièrement éclairée par le Soleil.,
Jour de la Terre,2011-04-22,,Environnement|Société,Né le 22 avril 1970 après une marée noire en Californie.,
Vendredi Saint,2011-04-22,,Jours fériés|Christianisme,"Commémore la crucifixion du Christ. Jour férié uniquement en Alsace-Moselle (départements 57, 67, 68) en vertu du régime concordataire.",AM
Vendredi Saint,2011-04-22,,Christianisme,Commémore la crucifixion du Christ. Non férié en France depuis la loi de 1905 — sauf en Alsace-Moselle.,
Pâques,2011-04-24,,Christianisme,Fête chrétienne célébrant la résurrection du Christ. Sa date varie chaque année car elle suit le calendrier lunaire.,
Dernier Quartier,2011-04-25,,Astronomie|Lunaire,Phase lunaire : Dernier Quartier.,
Lundi de Pâques,2011-04-25,,Jours fériés|Christianisme,"Jour férié qui prolonge le dimanche de Pâques. La tradition des œufs vient du Carême : l'Église interdisait d'en manger pendant 40 jours, on offrait donc à Pâques ceux accumulés.",
Fête du Travail,2011-05-01,,Jours fériés|Société,"Commémore la grève de Chicago du 1er mai 1886 pour les 8 heures de travail, réprimée dans le sang. Férié et chômé en France depuis 1947. La tradition d'offrir du muguet vient d'une coutume de Charles IX datant de 1561.",
Nouvelle Lune,2011-05-03,,Astronomie|Lunaire,La face de la Lune tournée vers la Terre n'est pas éclairée — elle est invisible dans le ciel.,
Fête de la Victoire 1945,2011-05-08,,Jours fériés,"Le 8 mai 1945, l'Allemagne nazie signe sa capitulation sans condition, mettant fin à la guerre en Europe. Férié depuis 1953, supprimé par Giscard en 1975, puis rétabli par Mitterrand en 1981.",
Abolition de l'esclavage en France — Commémoration,2011-05-10,,Mémoire|Société,Journée nationale instaurée par la loi Taubira de 2001.,
Premier Quartier,2011-05-10,,Astronomie|Lunaire,La moitié droite de la Lune est éclairée. Mi-chemin entre la Nouvelle Lune et la Pleine Lune.,
Festival de Cannes — Ouverture,2011-05-14,,Culture|Cinéma,"Le Festival International du Film de Cannes, créé en 1946.",
Pleine Lune,2011-05-17,,Astronomie|Lunaire,La face de la Lune est entièrement éclairée par le Soleil.,
Nuit des Musées,2011-05-21,,Culture,Créée en France en 2005 et étendue à toute l'Europe.,
Journée mondiale de la biodiversité,2011-05-22,,Environnement,Commémore l'adoption de la Convention sur la Diversité Biologique à Rio.,
Dernier Quartier,2011-05-24,,Astronomie|Lunaire,Phase lunaire : Dernier Quartier.,
Fête des Voisins,2011-05-27,,Société,Créée en 2000 pour lutter contre l'isolement urbain.,
Journée nationale de la Résistance,2011-05-27,,Mémoire|Société,"Le 27 mai 1943, Jean Moulin préside la première réunion secrète du CNR.",
Fête des Mères,2011-05-29,,Fêtes|Culture,"Célébrée le dernier dimanche de mai, sauf si c'est la Pentecôte.",
Journée mondiale sans tabac,2011-05-31,,Santé,Lancée par l'OMS en 1987.,
Nouvelle Lune,2011-06-01,,Astronomie|Lunaire,La face de la Lune tournée vers la Terre n'est pas éclairée — elle est invisible dans le ciel.,
Ascension,2011-06-02,,Jours fériés|Christianisme,"Fête chrétienne commémorant la montée du Christ au ciel, 40 jours après Pâques. Toujours un jeudi, ce qui en fait naturellement un pont avec le vendredi.",
Pont possible — Ascension,2011-06-03,,Ponts / Congés,Ascension tombe un jeudi le 02/06/2011. Le vendredi 03/06/2011 est un pont potentiel — vérifiez auprès de votre employeur.,
Débarquement en Normandie — Commémoration du Jour J,2011-06-06,,Mémoire|Dates spéciales,"Le 6 juin 1944, 156 000 soldats alliés débarquent sur les plages de Normandie.",
Journée mondiale de l'océan,2011-06-08,,Environnement,Proposée lors du Sommet de la Terre de Rio en 1992.,
Premier Quartier,2011-06-09,,Astronomie|Lunaire,La moitié droite de la Lune est éclairée. Mi-chemin entre la Nouvelle Lune et la Pleine Lune.,
Pentecôte,2011-06-12,,Christianisme,"Célèbre la descente de l'Esprit Saint sur les apôtres, 50 jours après Pâques.",
Lundi de Pentecôte,2011-06-13,,Jours fériés|Christianisme,"Jour férié désigné depuis 2004 Journée de solidarité envers les personnes âgées. Les salariés travaillent ce jour sans rémunération supplémentaire, finançant ainsi la prise en charge de la dépendance — instauré après la canicule de 2003 qui fit 15 000 morts en France.",
Pleine Lune,2011-06-15,,Astronomie|Lunaire,La face de la Lune est entièrement éclairée par le Soleil.,
Appel du 18 juin 1940 — Anniversaire,2011-06-18,,Mémoire|Dates spéciales,"Le 18 juin 1940, de Gaulle lance depuis Londres un appel à la Résistance sur la BBC.",
Fête des Pères,2011-06-19,,Fêtes|Culture,"Née aux États-Unis en 1910, introduite en France dans les années 1950.",
Début de l'Été — Solstice d'été,2011-06-21,,Saisons|Astronomie,Le solstice d'été est le jour le plus long de l'année.,
Fête de la Musique,2011-06-21,,Culture|Fêtes,Créée en 1982 par le ministre Jack Lang.,
Jour le plus long de l'année,2011-06-21,,Saisons|Astronomie,Le 21 June est le jour le plus long de l'année 2011.,
Dernier Quartier,2011-06-23,,Astronomie|Lunaire,Phase lunaire : Dernier Quartier.,
Fête du Cinéma,2011-06-26,,Culture|Cinéma,"Créée en 1985, elle propose chaque fin juin des places à tarif réduit.",
Nouvelle Lune,2011-07-01,,Astronomie|Lunaire,La face de la Lune tournée vers la Terre n'est pas éclairée — elle est invisible dans le ciel.,
Milieu de l'année,2011-07-02,,Dates spéciales,Ce jour marque le point médian exact de l'année 2011.,
Festival d'Avignon — Ouverture,2011-07-05,,Culture|Théâtre,Créé par Jean Vilar en 1947 dans la cour du Palais des Papes.,
Premier Quartier,2011-07-08,,Astronomie|Lunaire,La moitié droite de la Lune est éclairée. Mi-chemin entre la Nouvelle Lune et la Pleine Lune.,
Commémoration de la Rafle du Vél d'Hiv,2011-07-10,,Mémoire|Société,"Les 16-17 juillet 1942, la police française arrêta 13 152 Juifs à Paris.",
Fête Nationale,2011-07-14,,Jours fériés|Société|Dates spéciales,Commémore la prise de la Bastille le 14 juillet 1789.,
Fête nationale,2011-07-14,,Jours fériés,"Commémore la prise de la Bastille le 14 juillet 1789, symbole de la Révolution française. Jour férié depuis 1880. Défilé militaire sur les Champs-Élysées, bals des pompiers et feux d'artifice dans toute la France.",
Pleine Lune,2011-07-15,,Astronomie|Lunaire,La face de la Lune est entièrement éclairée par le Soleil.,
Pont possible — Fête nationale,2011-07-15,,Ponts / Congés,Fête nationale tombe un jeudi le 14/07/2011. Le vendredi 15/07/2011 est un pont potentiel — vérifiez auprès de votre employeur.,
Dernier Quartier,2011-07-23,,Astronomie|Lunaire,Phase lunaire : Dernier Quartier.,
Nouvelle Lune,2011-07-30,,Astronomie|Lunaire,La face de la Lune tournée vers la Terre n'est pas éclairée — elle est invisible dans le ciel.,
Nuit des Étoiles,2011-08-06,,Astronomie|Éducation|Culture,Organisée chaque premier week-end d'août par l'Association Française d'Astronomie depuis 1991.,
Premier Quartier,2011-08-06,,Astronomie|Lunaire,La moitié droite de la Lune est éclairée. Mi-chemin entre la Nouvelle Lune et la Pleine Lune.,
Pleine Lune,2011-08-13,,Astronomie|Lunaire,La face de la Lune est entièrement éclairée par le Soleil.,
Assomption,2011-08-15,,Jours fériés,"Célèbre l'élévation de la Vierge Marie au ciel. Fête chrétienne ancienne, jour férié en France depuis le Concordat de 1802. Elle tombe en plein cœur de l'été, au milieu des grandes vacances.",
Assomption de Marie,2011-08-15,,Christianisme|Jours fériés,Célèbre l'élévation de la Vierge Marie au ciel.,
Dernier Quartier,2011-08-21,,Astronomie|Lunaire,Phase lunaire : Dernier Quartier.,
Nouvelle Lune,2011-08-29,,Astronomie|Lunaire,La face de la Lune tournée vers la Terre n'est pas éclairée — elle est invisible dans le ciel.,
Rentrée des classes,2011-09-02,,Éducation|Société,La rentrée de septembre mobilise 12 millions d'élèves et 870 000 enseignants en France.,
Braderie de Lille,2011-09-03,,Culture|Commerce,"Plus grande braderie d'Europe, organisée le premier week-end de septembre à Lille.",
Premier Quartier,2011-09-04,,Astronomie|Lunaire,La moitié droite de la Lune est éclairée. Mi-chemin entre la Nouvelle Lune et la Pleine Lune.,
Pleine Lune,2011-09-12,,Astronomie|Lunaire,La face de la Lune est entièrement éclairée par le Soleil.,
Journées du Patrimoine,2011-09-17,,Culture|Société,"Créées en France en 1984 par Jack Lang, étendues à toute l'Europe en 1991.",
Dernier Quartier,2011-09-20,,Astronomie|Lunaire,Phase lunaire : Dernier Quartier.,
Journée mondiale sans voiture,2011-09-22,,Environnement|Société,Lancée en France en 1998 par La Rochelle.,
Début de l'Automne — Équinoxe d'automne,2011-09-23,,Saisons|Astronomie,L'équinoxe d'automne marque le début de l'automne.,
Nouvelle Lune,2011-09-27,,Astronomie|Lunaire,La face de la Lune tournée vers la Terre n'est pas éclairée — elle est invisible dans le ciel.,
Journée mondiale du cacao et du chocolat,2011-10-01,,Gastronomie|Culture,Célébrée le 1er octobre et associée à l'Organisation internationale du cacao (ICCO).,
Lancement d'Octobre Rose,2011-10-01,,Santé,Tout octobre est dédié à la sensibilisation au cancer du sein.,
Nuit Blanche,2011-10-01,,Culture,Initiée à Paris en 2002 par le maire Bertrand Delanoë.,
Fête des Grands-Pères,2011-10-02,,Fêtes|Culture,"Créée en 2008, elle a lieu chaque premier dimanche d'octobre.",
Premier Quartier,2011-10-04,,Astronomie|Lunaire,La moitié droite de la Lune est éclairée. Mi-chemin entre la Nouvelle Lune et la Pleine Lune.,
Journée mondiale de la santé mentale,2011-10-10,,Santé|Société,Créée par la Fédération Mondiale pour la Santé Mentale en 1992.,
Semaine du Goût,2011-10-10,,Gastronomie|Culture,Créée en 1990 par le chef Joël Robuchon.,
Pleine Lune,2011-10-12,,Astronomie|Lunaire,La face de la Lune est entièrement éclairée par le Soleil.,
Journée mondiale de l'alimentation,2011-10-16,,Gastronomie|Société|Santé,Commémore la fondation de la FAO le 16 octobre 1945.,
Dernier Quartier,2011-10-20,,Astronomie|Lunaire,Phase lunaire : Dernier Quartier.,
Nouvelle Lune,2011-10-26,,Astronomie|Lunaire,La face de la Lune tournée vers la Terre n'est pas éclairée — elle est invisible dans le ciel.,
Passage à l'heure d'hiver,2011-10-30,,Changement d'heure,"Dans la nuit du samedi au dimanche, les montres reculent d'une heure (3h → 2h).",
Halloween,2011-10-31,,Culture|Fêtes,Fête d'origine celtique (la nuit de Samain) christianisée puis popularisée par la diaspora irlandaise.,
Pont possible — Toussaint,2011-10-31,,Ponts / Congés,Toussaint tombe un mardi le 01/11/2011. Le lundi 31/10/2011 est un pont potentiel — vérifiez auprès de votre employeur.,
Lancement du Mois sans Tabac,2011-11-01,,Santé,Lancé en France en 2016 par Santé Publique France.,
Toussaint,2011-11-01,,Jours fériés|Christianisme,"Fête de tous les saints, instituée par le pape Grégoire IV en 835. En France, la tradition de fleurir les tombes avec des chrysanthèmes s'est greffée dessus — ces fleurs sont désormais intimement liées à ce jour.",
Premier Quartier,2011-11-02,,Astronomie|Lunaire,La moitié droite de la Lune est éclairée. Mi-chemin entre la Nouvelle Lune et la Pleine Lune.,
Journée nationale de l'arbre,2011-11-03,,Environnement,Célébrée chaque premier jeudi de novembre.,
Pleine Lune,2011-11-10,,Astronomie|Lunaire,La face de la Lune est entièrement éclairée par le Soleil.,
Armistice 1918,2011-11-11,,Jours fériés,"Le 11 novembre 1918 à 11h, l'armistice met fin à la Première Guerre mondiale après quatre ans de combats. Jour férié depuis 1922. Chaque commune française a son monument aux morts — 36 000 érigés entre 1920 et 1925.",
Armistice de 1918 — Journée du Souvenir,2011-11-11,,Jours fériés|Mémoire|Dates spéciales,"Le 11 novembre 1918 à 11h, l'armistice met fin à la Première Guerre mondiale.",
Beaujolais Nouveau,2011-11-17,,Gastronomie|Culture|Commercial,"Chaque troisième jeudi de novembre, le Beaujolais Nouveau est mis en vente.",
Dernier Quartier,2011-11-18,,Astronomie|Lunaire,Phase lunaire : Dernier Quartier.,
Journée internationale des droits de l'enfant,2011-11-20,,Société,Commémore l'adoption de la Convention des Nations Unies relative aux droits de l'enfant.,
Nouvelle Lune,2011-11-25,,Astronomie|Lunaire,La face de la Lune tournée vers la Terre n'est pas éclairée — elle est invisible dans le ciel.,
Fête de la Bretagne,2011-11-30,,Culture|Société,Célébrée le 30 novembre (Saint-André) depuis les années 1990.,
Premier Quartier,2011-12-02,,Astronomie|Lunaire,La moitié droite de la Lune est éclairée. Mi-chemin entre la Nouvelle Lune et la Pleine Lune.,
Journée mondiale des personnes handicapées,2011-12-03,,Société,Instaurée par l'ONU en 1992.,
Journée mondiale du Bénévolat,2011-12-05,,Société,Créée par l'ONU en 1985.,
Saint-Nicolas,2011-12-06,,Christianisme|Culture|Fêtes,"Fête de Nicolas de Myre, évêque du IVe siècle devenu patron des enfants.",
Journée de la Laïcité,2011-12-09,,Société|Dates spéciales,Commémore la loi du 9 décembre 1905 séparant les Églises de l'État.,
Pleine Lune,2011-12-10,,Astronomie|Lunaire,La face de la Lune est entièrement éclairée par le Soleil.,
Dernier Quartier,2011-12-18,,Astronomie|Lunaire,Phase lunaire : Dernier Quartier.,
Début de l'Hiver — Solstice d'hiver,2011-12-22,,Saisons|Astronomie,Le solstice d'hiver est le jour le plus court de l'année.,
Jour le plus court de l'année,2011-12-22,,Saisons|Astronomie,Le 22 December est le jour le plus court de l'année 2011.,
Nouvelle Lune,2011-12-24,,Astronomie|Lunaire,La face de la Lune tournée vers la Terre n'est pas éclairée — elle est invisible dans le ciel.,
Noël,2011-12-25,,Jours fériés|Christianisme|Fêtes,"Célèbre la naissance du Christ. La date du 25 décembre a été fixée au IVe siècle sur une fête solaire romaine préexistante. Le sapin, la bûche et les cadeaux sont des traditions popularisées bien plus tard, au XIXe siècle.",
Saint-Étienne,2011-12-26,,Jours fériés|Christianisme,"Le 26 décembre est férié uniquement en Alsace-Moselle (depts 57, 67, 68). Fête de saint Étienne, premier martyr chrétien.",AM
Dernier jour de l'année,2011-12-31,,Dates spéciales,Clôture de l'année civile 2011.,
Saint-Sylvestre / Réveillon du Nouvel An,2011-12-31,,Fêtes|Culture,"Dernier jour de l'année, nommé d'après le pape Sylvestre Ier mort ce jour en 335.",
Jour de l'an,2012-01-01,,Jours fériés,Premier jour de l'année civile grégorienne. La tradition des vœux existe depuis l'Antiquité romaine. Le gui porte-bonheur vient d'une coutume druidique bien antérieure au christianisme.,
Premier Quartier,2012-01-01,,Astronomie|Lunaire,La moitié droite de la Lune est éclairée. Mi-chemin entre la Nouvelle Lune et la Pleine Lune.,
Épiphanie,2012-01-06,,Christianisme|Culture|Gastronomie,"Célèbre la visite des Rois Mages à Jésus, 12 jours après Noël.",
Pleine Lune,2012-01-09,,Astronomie|Lunaire,La face de la Lune est entièrement éclairée par le Soleil.,
Dernier Quartier,2012-01-16,,Astronomie|Lunaire,Phase lunaire : Dernier Quartier.,
Nouvelle Lune,2012-01-23,,Astronomie|Lunaire,La face de la Lune tournée vers la Terre n'est pas éclairée — elle est invisible dans le ciel.,
Journée internationale de l'Éducation,2012-01-24,,Éducation|Société,Proclamée par l'ONU en 2019.,
Journée nationale de la Mémoire de la Shoah,2012-01-27,,Mémoire|Société,Commémore la libération du camp d'Auschwitz le 27 janvier 1945.,
Premier Quartier,2012-01-31,,Astronomie|Lunaire,La moitié droite de la Lune est éclairée. Mi-chemin entre la Nouvelle Lune et la Pleine Lune.,
Chandeleur,2012-02-02,,Culture|Christianisme|Gastronomie,"Fête de la Présentation de Jésus au Temple, 40 jours après Noël.",
Journée mondiale des zones humides,2012-02-02,,Environnement,Commémore la Convention de Ramsar signée le 2 février 1971.,
Journée mondiale contre le cancer,2012-02-04,,Santé,Initiée par l'Union Internationale Contre le Cancer depuis 2000.,
Pleine Lune,2012-02-07,,Astronomie|Lunaire,La face de la Lune est entièrement éclairée par le Soleil.,
Dernier Quartier,2012-02-14,,Astronomie|Lunaire,Phase lunaire : Dernier Quartier.,
Saint-Valentin,2012-02-14,,Fêtes|Culture,Fête des amoureux le 14 février.,
Date palindrome,2012-02-21,,Dates spéciales,La date du 21/02/2012 se lit de la même façon dans les deux sens (21022012).,
Mardi Gras,2012-02-21,,Christianisme|Culture|Fêtes,"Dernier jour avant le Carême, où la tradition voulait qu'on fasse bombance avant l'abstinence.",
Nouvelle Lune,2012-02-21,,Astronomie|Lunaire,La face de la Lune tournée vers la Terre n'est pas éclairée — elle est invisible dans le ciel.,
Début du Carême,2012-02-22,,Christianisme,"Le Carême commence le Mercredi des Cendres, 46 jours avant Pâques.",
Salon de l'Agriculture — Ouverture,2012-02-25,,Gastronomie|Agriculture|Culture,Le Salon International de l'Agriculture se tient chaque fin février à Paris.,
Jour supplémentaire (année bissextile),2012-02-29,,Dates spéciales,"Une année solaire dure 365,2422 jours. 2012 est l'une des années rares à 366 jours.",
Premier Quartier,2012-03-01,,Astronomie|Lunaire,La moitié droite de la Lune est éclairée. Mi-chemin entre la Nouvelle Lune et la Pleine Lune.,
Fête des Grands-Mères,2012-03-04,,Fêtes|Culture,Créée en 1987 par la marque de café Grand'Mère.,
Journée internationale des femmes,2012-03-08,,Société,Issue des luttes ouvrières du début du XXe siècle en Europe et aux États-Unis.,
Pleine Lune,2012-03-08,,Astronomie|Lunaire,La face de la Lune est entièrement éclairée par le Soleil.,
Dernier Quartier,2012-03-15,,Astronomie|Lunaire,Phase lunaire : Dernier Quartier.,
Saint-Patrick,2012-03-17,,Culture|Fêtes,"Fête nationale irlandaise le 17 mars, commémorant la mort de saint Patrick (461).",
Début du Printemps — Équinoxe de printemps,2012-03-20,,Saisons|Astronomie,L'équinoxe de printemps marque le début astronomique du printemps.,
Journée nationale de lutte contre les discriminations,2012-03-21,,Société,Créée par l'ONU en 1966 en mémoire du massacre de Sharpeville.,
Journée mondiale de l'eau,2012-03-22,,Environnement|Société,Proclamée par l'ONU en 1993.,
Nouvelle Lune,2012-03-22,,Astronomie|Lunaire,La face de la Lune tournée vers la Terre n'est pas éclairée — elle est invisible dans le ciel.,
Passage à l'heure d'été,2012-03-25,,Changement d'heure,"Dans la nuit du samedi au dimanche, les montres avancent d'une heure (2h → 3h).",
Premier Quartier,2012-03-30,,Astronomie|Lunaire,La moitié droite de la Lune est éclairée. Mi-chemin entre la Nouvelle Lune et la Pleine Lune.,
Dimanche des Rameaux,2012-04-01,,Christianisme,Ouvre la Semaine Sainte en rappelant l'entrée triomphale de Jésus à Jérusalem.,
Poisson d'avril,2012-04-01,,Culture,Journée des farces et des canulars.,
Pleine Lune,2012-04-06,,Astronomie|Lunaire,La face de la Lune est entièrement éclairée par le Soleil.,
Vendredi Saint,2012-04-06,,Jours fériés|Christianisme,"Commémore la crucifixion du Christ. Jour férié uniquement en Alsace-Moselle (départements 57, 67, 68) en vertu du régime concordataire.",AM
Vendredi Saint,2012-04-06,,Christianisme,Commémore la crucifixion du Christ. Non férié en France depuis la loi de 1905 — sauf en Alsace-Moselle.,
Journée mondiale de la Santé,2012-04-07,,Santé,Commémore la fondation de l'OMS le 7 avril 1948.,
Pâques,2012-04-08,,Christianisme,Fête chrétienne célébrant la résurrection du Christ. Sa date varie chaque année car elle suit le calendrier lunaire.,
Lundi de Pâques,2012-04-09,,Jours fériés|Christianisme,"Jour férié qui prolonge le dimanche de Pâques. La tradition des œufs vient du Carême : l'Église interdisait d'en manger pendant 40 jours, on offrait donc à Pâques ceux accumulés.",
Dernier Quartier,2012-04-13,,Astronomie|Lunaire,Phase lunaire : Dernier Quartier.,
Nouvelle Lune,2012-04-21,,Astronomie|Lunaire,La face de la Lune tournée vers la Terre n'est pas éclairée — elle est invisible dans le ciel.,
Jour de la Terre,2012-04-22,,Environnement|Société,Né le 22 avril 1970 après une marée noire en Californie.,
Premier Quartier,2012-04-29,,Astronomie|Lunaire,La moitié droite de la Lune est éclairée. Mi-chemin entre la Nouvelle Lune et la Pleine Lune.,
Pont possible — Fête du Travail,2012-04-30,,Ponts / Congés,Fête du Travail tombe un mardi le 01/05/2012. Le lundi 30/04/2012 est un pont potentiel — vérifiez auprès de votre employeur.,
Fête du Travail,2012-05-01,,Jours fériés|Société,"Commémore la grève de Chicago du 1er mai 1886 pour les 8 heures de travail, réprimée dans le sang. Férié et chômé en France depuis 1947. La tradition d'offrir du muguet vient d'une coutume de Charles IX datant de 1561.",
Pleine Lune,2012-05-06,,Astronomie|Lunaire,La face de la Lune est entièrement éclairée par le Soleil.,
Pont possible — Fête de la Victoire,2012-05-07,,Ponts / Congés,Fête de la Victoire tombe un mardi le 08/05/2012. Le lundi 07/05/2012 est un pont potentiel — vérifiez auprès de votre employeur.,
Fête de la Victoire 1945,2012-05-08,,Jours fériés,"Le 8 mai 1945, l'Allemagne nazie signe sa capitulation sans condition, mettant fin à la guerre en Europe. Férié depuis 1953, supprimé par Giscard en 1975, puis rétabli par Mitterrand en 1981.",
Abolition de l'esclavage en France — Commémoration,2012-05-10,,Mémoire|Société,Journée nationale instaurée par la loi Taubira de 2001.,
Dernier Quartier,2012-05-12,,Astronomie|Lunaire,Phase lunaire : Dernier Quartier.,
Festival de Cannes — Ouverture,2012-05-14,,Culture|Cinéma,"Le Festival International du Film de Cannes, créé en 1946.",
Ascension,2012-05-17,,Jours fériés|Christianisme,"Fête chrétienne commémorant la montée du Christ au ciel, 40 jours après Pâques. Toujours un jeudi, ce qui en fait naturellement un pont avec le vendredi.",
Pont possible — Ascension,2012-05-18,,Ponts / Congés,Ascension tombe un jeudi le 17/05/2012. Le vendredi 18/05/2012 est un pont potentiel — vérifiez auprès de votre employeur.,
Nuit des Musées,2012-05-19,,Culture,Créée en France en 2005 et étendue à toute l'Europe.,
Nouvelle Lune,2012-05-21,,Astronomie|Lunaire,La face de la Lune tournée vers la Terre n'est pas éclairée — elle est invisible dans le ciel.,
Journée mondiale de la biodiversité,2012-05-22,,Environnement,Commémore l'adoption de la Convention sur la Diversité Biologique à Rio.,
Fête des Voisins,2012-05-25,,Société,Créée en 2000 pour lutter contre l'isolement urbain.,
Journée nationale de la Résistance,2012-05-27,,Mémoire|Société,"Le 27 mai 1943, Jean Moulin préside la première réunion secrète du CNR.",
Pentecôte,2012-05-27,,Christianisme,"Célèbre la descente de l'Esprit Saint sur les apôtres, 50 jours après Pâques.",
Lundi de Pentecôte,2012-05-28,,Jours fériés|Christianisme,"Jour férié désigné depuis 2004 Journée de solidarité envers les personnes âgées. Les salariés travaillent ce jour sans rémunération supplémentaire, finançant ainsi la prise en charge de la dépendance — instauré après la canicule de 2003 qui fit 15 000 morts en France.",
Premier Quartier,2012-05-28,,Astronomie|Lunaire,La moitié droite de la Lune est éclairée. Mi-chemin entre la Nouvelle Lune et la Pleine Lune.,
Journée mondiale sans tabac,2012-05-31,,Santé,Lancée par l'OMS en 1987.,
Fête des Mères,2012-06-03,,Fêtes|Culture,"Célébrée le dernier dimanche de mai, sauf si c'est la Pentecôte.",
Pleine Lune,2012-06-04,,Astronomie|Lunaire,La face de la Lune est entièrement éclairée par le Soleil.,
Débarquement en Normandie — Commémoration du Jour J,2012-06-06,,Mémoire|Dates spéciales,"Le 6 juin 1944, 156 000 soldats alliés débarquent sur les plages de Normandie.",
Journée mondiale de l'océan,2012-06-08,,Environnement,Proposée lors du Sommet de la Terre de Rio en 1992.,
Dernier Quartier,2012-06-11,,Astronomie|Lunaire,Phase lunaire : Dernier Quartier.,
Fête des Pères,2012-06-17,,Fêtes|Culture,"Née aux États-Unis en 1910, introduite en France dans les années 1950.",
Appel du 18 juin 1940 — Anniversaire,2012-06-18,,Mémoire|Dates spéciales,"Le 18 juin 1940, de Gaulle lance depuis Londres un appel à la Résistance sur la BBC.",
Nouvelle Lune,2012-06-19,,Astronomie|Lunaire,La face de la Lune tournée vers la Terre n'est pas éclairée — elle est invisible dans le ciel.,
Début de l'Été — Solstice d'été,2012-06-20,,Saisons|Astronomie,Le solstice d'été est le jour le plus long de l'année.,
Jour le plus long de l'année,2012-06-20,,Saisons|Astronomie,Le 20 June est le jour le plus long de l'année 2012.,
Fête de la Musique,2012-06-21,,Culture|Fêtes,Créée en 1982 par le ministre Jack Lang.,
Fête du Cinéma,2012-06-24,,Culture|Cinéma,"Créée en 1985, elle propose chaque fin juin des places à tarif réduit.",
Premier Quartier,2012-06-27,,Astronomie|Lunaire,La moitié droite de la Lune est éclairée. Mi-chemin entre la Nouvelle Lune et la Pleine Lune.,
Milieu de l'année,2012-07-01,,Dates spéciales,Ce jour marque le point médian exact de l'année 2012.,
Pleine Lune,2012-07-03,,Astronomie|Lunaire,La face de la Lune est entièrement éclairée par le Soleil.,
Festival d'Avignon — Ouverture,2012-07-05,,Culture|Théâtre,Créé par Jean Vilar en 1947 dans la cour du Palais des Papes.,
Commémoration de la Rafle du Vél d'Hiv,2012-07-08,,Mémoire|Société,"Les 16-17 juillet 1942, la police française arrêta 13 152 Juifs à Paris.",
Dernier Quartier,2012-07-11,,Astronomie|Lunaire,Phase lunaire : Dernier Quartier.,
Fête Nationale,2012-07-14,,Jours fériés|Société|Dates spéciales,Commémore la prise de la Bastille le 14 juillet 1789.,
Fête nationale,2012-07-14,,Jours fériés,"Commémore la prise de la Bastille le 14 juillet 1789, symbole de la Révolution française. Jour férié depuis 1880. Défilé militaire sur les Champs-Élysées, bals des pompiers et feux d'artifice dans toute la France.",
Nouvelle Lune,2012-07-19,,Astronomie|Lunaire,La face de la Lune tournée vers la Terre n'est pas éclairée — elle est invisible dans le ciel.,
Premier Quartier,2012-07-26,,Astronomie|Lunaire,La moitié droite de la Lune est éclairée. Mi-chemin entre la Nouvelle Lune et la Pleine Lune.,
Pleine Lune,2012-08-02,,Astronomie|Lunaire,La face de la Lune est entièrement éclairée par le Soleil.,
Nuit des Étoiles,2012-08-04,,Astronomie|Éducation|Culture,Organisée chaque premier week-end d'août par l'Association Française d'Astronomie depuis 1991.,
Dernier Quartier,2012-08-09,,Astronomie|Lunaire,Phase lunaire : Dernier Quartier.,
Assomption,2012-08-15,,Jours fériés,"Célèbre l'élévation de la Vierge Marie au ciel. Fête chrétienne ancienne, jour férié en France depuis le Concordat de 1802. Elle tombe en plein cœur de l'été, au milieu des grandes vacances.",
Assomption de Marie,2012-08-15,,Christianisme|Jours fériés,Célèbre l'élévation de la Vierge Marie au ciel.,
Nouvelle Lune,2012-08-17,,Astronomie|Lunaire,La face de la Lune tournée vers la Terre n'est pas éclairée — elle est invisible dans le ciel.,
Premier Quartier,2012-08-24,,Astronomie|Lunaire,La moitié droite de la Lune est éclairée. Mi-chemin entre la Nouvelle Lune et la Pleine Lune.,
Pleine Lune,2012-08-31,,Astronomie|Lunaire,La face de la Lune est entièrement éclairée par le Soleil.,
Braderie de Lille,2012-09-01,,Culture|Commerce,"Plus grande braderie d'Europe, organisée le premier week-end de septembre à Lille.",
Rentrée des classes,2012-09-02,,Éducation|Société,La rentrée de septembre mobilise 12 millions d'élèves et 870 000 enseignants en France.,
Dernier Quartier,2012-09-08,,Astronomie|Lunaire,Phase lunaire : Dernier Quartier.,
Journées du Patrimoine,2012-09-15,,Culture|Société,"Créées en France en 1984 par Jack Lang, étendues à toute l'Europe en 1991.",
Nouvelle Lune,2012-09-16,,Astronomie|Lunaire,La face de la Lune tournée vers la Terre n'est pas éclairée — elle est invisible dans le ciel.,
Début de l'Automne — Équinoxe d'automne,2012-09-22,,Saisons|Astronomie,L'équinoxe d'automne marque le début de l'automne.,
Journée mondiale sans voiture,2012-09-22,,Environnement|Société,Lancée en France en 1998 par La Rochelle.,
Premier Quartier,2012-09-22,,Astronomie|Lunaire,La moitié droite de la Lune est éclairée. Mi-chemin entre la Nouvelle Lune et la Pleine Lune.,
Pleine Lune,2012-09-30,,Astronomie|Lunaire,La face de la Lune est entièrement éclairée par le Soleil.,
Journée mondiale du cacao et du chocolat,2012-10-01,,Gastronomie|Culture,Célébrée le 1er octobre et associée à l'Organisation internationale du cacao (ICCO).,
Lancement d'Octobre Rose,2012-10-01,,Santé,Tout octobre est dédié à la sensibilisation au cancer du sein.,
Nuit Blanche,2012-10-06,,Culture,Initiée à Paris en 2002 par le maire Bertrand Delanoë.,
Fête des Grands-Pères,2012-10-07,,Fêtes|Culture,"Créée en 2008, elle a lieu chaque premier dimanche d'octobre.",
Dernier Quartier,2012-10-08,,Astronomie|Lunaire,Phase lunaire : Dernier Quartier.,
Semaine du Goût,2012-10-08,,Gastronomie|Culture,Créée en 1990 par le chef Joël Robuchon.,
Journée mondiale de la santé mentale,2012-10-10,,Santé|Société,Créée par la Fédération Mondiale pour la Santé Mentale en 1992.,
Nouvelle Lune,2012-10-15,,Astronomie|Lunaire,La face de la Lune tournée vers la Terre n'est pas éclairée — elle est invisible dans le ciel.,
Journée mondiale de l'alimentation,2012-10-16,,Gastronomie|Société|Santé,Commémore la fondation de la FAO le 16 octobre 1945.,
Premier Quartier,2012-10-22,,Astronomie|Lunaire,La moitié droite de la Lune est éclairée. Mi-chemin entre la Nouvelle Lune et la Pleine Lune.,
Passage à l'heure d'hiver,2012-10-28,,Changement d'heure,"Dans la nuit du samedi au dimanche, les montres reculent d'une heure (3h → 2h).",
Pleine Lune,2012-10-29,,Astronomie|Lunaire,La face de la Lune est entièrement éclairée par le Soleil.,
Halloween,2012-10-31,,Culture|Fêtes,Fête d'origine celtique (la nuit de Samain) christianisée puis popularisée par la diaspora irlandaise.,
Journée nationale de l'arbre,2012-11-01,,Environnement,Célébrée chaque premier jeudi de novembre.,
Lancement du Mois sans Tabac,2012-11-01,,Santé,Lancé en France en 2016 par Santé Publique France.,
Toussaint,2012-11-01,,Jours fériés|Christianisme,"Fête de tous les saints, instituée par le pape Grégoire IV en 835. En France, la tradition de fleurir les tombes avec des chrysanthèmes s'est greffée dessus — ces fleurs sont désormais intimement liées à ce jour.",
Pont possible — Toussaint,2012-11-02,,Ponts / Congés,Toussaint tombe un jeudi le 01/11/2012. Le vendredi 02/11/2012 est un pont potentiel — vérifiez auprès de votre employeur.,
Dernier Quartier,2012-11-07,,Astronomie|Lunaire,Phase lunaire : Dernier Quartier.,
Armistice 1918,2012-11-11,,Jours fériés,"Le 11 novembre 1918 à 11h, l'armistice met fin à la Première Guerre mondiale après quatre ans de combats. Jour férié depuis 1922. Chaque commune française a son monument aux morts — 36 000 érigés entre 1920 et 1925.",
Armistice de 1918 — Journée du Souvenir,2012-11-11,,Jours fériés|Mémoire|Dates spéciales,"Le 11 novembre 1918 à 11h, l'armistice met fin à la Première Guerre mondiale.",
Nouvelle Lune,2012-11-13,,Astronomie|Lunaire,La face de la Lune tournée vers la Terre n'est pas éclairée — elle est invisible dans le ciel.,
Beaujolais Nouveau,2012-11-15,,Gastronomie|Culture|Commercial,"Chaque troisième jeudi de novembre, le Beaujolais Nouveau est mis en vente.",
Journée internationale des droits de l'enfant,2012-11-20,,Société,Commémore l'adoption de la Convention des Nations Unies relative aux droits de l'enfant.,
Premier Quartier,2012-11-20,,Astronomie|Lunaire,La moitié droite de la Lune est éclairée. Mi-chemin entre la Nouvelle Lune et la Pleine Lune.,
Pleine Lune,2012-11-28,,Astronomie|Lunaire,La face de la Lune est entièrement éclairée par le Soleil.,
Fête de la Bretagne,2012-11-30,,Culture|Société,Célébrée le 30 novembre (Saint-André) depuis les années 1990.,
Journée mondiale des personnes handicapées,2012-12-03,,Société,Instaurée par l'ONU en 1992.,
Journée mondiale du Bénévolat,2012-12-05,,Société,Créée par l'ONU en 1985.,
Dernier Quartier,2012-12-06,,Astronomie|Lunaire,Phase lunaire : Dernier Quartier.,
Saint-Nicolas,2012-12-06,,Christianisme|Culture|Fêtes,"Fête de Nicolas de Myre, évêque du IVe siècle devenu patron des enfants.",
Journée de la Laïcité,2012-12-09,,Société|Dates spéciales,Commémore la loi du 9 décembre 1905 séparant les Églises de l'État.,
Nouvelle Lune,2012-12-13,,Astronomie|Lunaire,La face de la Lune tournée vers la Terre n'est pas éclairée — elle est invisible dans le ciel.,
Premier Quartier,2012-12-20,,Astronomie|Lunaire,La moitié droite de la Lune est éclairée. Mi-chemin entre la Nouvelle Lune et la Pleine Lune.,
Début de l'Hiver — Solstice d'hiver,2012-12-21,,Saisons|Astronomie,Le solstice d'hiver est le jour le plus court de l'année.,
Jour le plus court de l'année,2012-12-21,,Saisons|Astronomie,Le 21 December est le jour le plus court de l'année 2012.,
Pont possible — Noël,2012-12-24,,Ponts / Congés,Noël tombe un mardi le 25/12/2012. Le lundi 24/12/2012 est un pont potentiel — vérifiez auprès de votre employeur.,
Noël,2012-12-25,,Jours fériés|Christianisme|Fêtes,"Célèbre la naissance du Christ. La date du 25 décembre a été fixée au IVe siècle sur une fête solaire romaine préexistante. Le sapin, la bûche et les cadeaux sont des traditions popularisées bien plus tard, au XIXe siècle.",
Saint-Étienne,2012-12-26,,Jours fériés|Christianisme,"Le 26 décembre est férié uniquement en Alsace-Moselle (depts 57, 67, 68). Fête de saint Étienne, premier martyr chrétien.",AM
Pleine Lune,2012-12-28,,Astronomie|Lunaire,La face de la Lune est entièrement éclairée par le Soleil.,
Dernier jour de l'année,2012-12-31,,Dates spéciales,Clôture de l'année civile 2012.,
Pont possible — Jour de l'an,2012-12-31,,Ponts / Congés,Jour de l'an tombe un mardi le 01/01/2013. Le lundi 31/12/2012 est un pont potentiel — vérifiez auprès de votre employeur.,
Saint-Sylvestre / Réveillon du Nouvel An,2012-12-31,,Fêtes|Culture,"Dernier jour de l'année, nommé d'après le pape Sylvestre Ier mort ce jour en 335.",
Jour de l'an,2013-01-01,,Jours fériés,Premier jour de l'année civile grégorienne. La tradition des vœux existe depuis l'Antiquité romaine. Le gui porte-bonheur vient d'une coutume druidique bien antérieure au christianisme.,
Dernier Quartier,2013-01-05,,Astronomie|Lunaire,Phase lunaire : Dernier Quartier.,
Épiphanie,2013-01-06,,Christianisme|Culture|Gastronomie,"Célèbre la visite des Rois Mages à Jésus, 12 jours après Noël.",
Nouvelle Lune,2013-01-11,,Astronomie|Lunaire,La face de la Lune tournée vers la Terre n'est pas éclairée — elle est invisible dans le ciel.,
Premier Quartier,2013-01-19,,Astronomie|Lunaire,La moitié droite de la Lune est éclairée. Mi-chemin entre la Nouvelle Lune et la Pleine Lune.,
Journée internationale de l'Éducation,2013-01-24,,Éducation|Société,Proclamée par l'ONU en 2019.,
Journée nationale de la Mémoire de la Shoah,2013-01-27,,Mémoire|Société,Commémore la libération du camp d'Auschwitz le 27 janvier 1945.,
Pleine Lune,2013-01-27,,Astronomie|Lunaire,La face de la Lune est entièrement éclairée par le Soleil.,
Chandeleur,2013-02-02,,Culture|Christianisme|Gastronomie,"Fête de la Présentation de Jésus au Temple, 40 jours après Noël.",
Journée mondiale des zones humides,2013-02-02,,Environnement,Commémore la Convention de Ramsar signée le 2 février 1971.,
Dernier Quartier,2013-02-03,,Astronomie|Lunaire,Phase lunaire : Dernier Quartier.,
Journée mondiale contre le cancer,2013-02-04,,Santé,Initiée par l'Union Internationale Contre le Cancer depuis 2000.,
Nouvelle Lune,2013-02-10,,Astronomie|Lunaire,La face de la Lune tournée vers la Terre n'est pas éclairée — elle est invisible dans le ciel.,
Mardi Gras,2013-02-12,,Christianisme|Culture|Fêtes,"Dernier jour avant le Carême, où la tradition voulait qu'on fasse bombance avant l'abstinence.",
Début du Carême,2013-02-13,,Christianisme,"Le Carême commence le Mercredi des Cendres, 46 jours avant Pâques.",
Saint-Valentin,2013-02-14,,Fêtes|Culture,Fête des amoureux le 14 février.,
Premier Quartier,2013-02-17,,Astronomie|Lunaire,La moitié droite de la Lune est éclairée. Mi-chemin entre la Nouvelle Lune et la Pleine Lune.,
Salon de l'Agriculture — Ouverture,2013-02-23,,Gastronomie|Agriculture|Culture,Le Salon International de l'Agriculture se tient chaque fin février à Paris.,
Pleine Lune,2013-02-25,,Astronomie|Lunaire,La face de la Lune est entièrement éclairée par le Soleil.,
Fête des Grands-Mères,2013-03-03,,Fêtes|Culture,Créée en 1987 par la marque de café Grand'Mère.,
Dernier Quartier,2013-03-04,,Astronomie|Lunaire,Phase lunaire : Dernier Quartier.,
Journée internationale des femmes,2013-03-08,,Société,Issue des luttes ouvrières du début du XXe siècle en Europe et aux États-Unis.,
Nouvelle Lune,2013-03-11,,Astronomie|Lunaire,La face de la Lune tournée vers la Terre n'est pas éclairée — elle est invisible dans le ciel.,
Saint-Patrick,2013-03-17,,Culture|Fêtes,"Fête nationale irlandaise le 17 mars, commémorant la mort de saint Patrick (461).",
Premier Quartier,2013-03-19,,Astronomie|Lunaire,La moitié droite de la Lune est éclairée. Mi-chemin entre la Nouvelle Lune et la Pleine Lune.,
Début du Printemps — Équinoxe de printemps,2013-03-20,,Saisons|Astronomie,L'équinoxe de printemps marque le début astronomique du printemps.,
Journée nationale de lutte contre les discriminations,2013-03-21,,Société,Créée par l'ONU en 1966 en mémoire du massacre de Sharpeville.,
Journée mondiale de l'eau,2013-03-22,,Environnement|Société,Proclamée par l'ONU en 1993.,
Dimanche des Rameaux,2013-03-24,,Christianisme,Ouvre la Semaine Sainte en rappelant l'entrée triomphale de Jésus à Jérusalem.,
Pleine Lune,2013-03-27,,Astronomie|Lunaire,La face de la Lune est entièrement éclairée par le Soleil.,
Vendredi Saint,2013-03-29,,Jours fériés|Christianisme,"Commémore la crucifixion du Christ. Jour férié uniquement en Alsace-Moselle (départements 57, 67, 68) en vertu du régime concordataire.",AM
Vendredi Saint,2013-03-29,,Christianisme,Commémore la crucifixion du Christ. Non férié en France depuis la loi de 1905 — sauf en Alsace-Moselle.,
Passage à l'heure d'été,2013-03-31,,Changement d'heure,"Dans la nuit du samedi au dimanche, les montres avancent d'une heure (2h → 3h).",
Pâques,2013-03-31,,Christianisme,Fête chrétienne célébrant la résurrection du Christ. Sa date varie chaque année car elle suit le calendrier lunaire.,
Lundi de Pâques,2013-04-01,,Jours fériés|Christianisme,"Jour férié qui prolonge le dimanche de Pâques. La tradition des œufs vient du Carême : l'Église interdisait d'en manger pendant 40 jours, on offrait donc à Pâques ceux accumulés.",
Poisson d'avril,2013-04-01,,Culture,Journée des farces et des canulars.,
Dernier Quartier,2013-04-03,,Astronomie|Lunaire,Phase lunaire : Dernier Quartier.,
Journée mondiale de la Santé,2013-04-07,,Santé,Commémore la fondation de l'OMS le 7 avril 1948.,
Nouvelle Lune,2013-04-10,,Astronomie|Lunaire,La face de la Lune tournée vers la Terre n'est pas éclairée — elle est invisible dans le ciel.,
Premier Quartier,2013-04-18,,Astronomie|Lunaire,La moitié droite de la Lune est éclairée. Mi-chemin entre la Nouvelle Lune et la Pleine Lune.,
Jour de la Terre,2013-04-22,,Environnement|Société,Né le 22 avril 1970 après une marée noire en Californie.,
Pleine Lune,2013-04-25,,Astronomie|Lunaire,La face de la Lune est entièrement éclairée par le Soleil.,
Fête du Travail,2013-05-01,,Jours fériés|Société,"Commémore la grève de Chicago du 1er mai 1886 pour les 8 heures de travail, réprimée dans le sang. Férié et chômé en France depuis 1947. La tradition d'offrir du muguet vient d'une coutume de Charles IX datant de 1561.",
Dernier Quartier,2013-05-02,,Astronomie|Lunaire,Phase lunaire : Dernier Quartier.,
Fête de la Victoire 1945,2013-05-08,,Jours fériés,"Le 8 mai 1945, l'Allemagne nazie signe sa capitulation sans condition, mettant fin à la guerre en Europe. Férié depuis 1953, supprimé par Giscard en 1975, puis rétabli par Mitterrand en 1981.",
Ascension,2013-05-09,,Jours fériés|Christianisme,"Fête chrétienne commémorant la montée du Christ au ciel, 40 jours après Pâques. Toujours un jeudi, ce qui en fait naturellement un pont avec le vendredi.",
Abolition de l'esclavage en France — Commémoration,2013-05-10,,Mémoire|Société,Journée nationale instaurée par la loi Taubira de 2001.,
Nouvelle Lune,2013-05-10,,Astronomie|Lunaire,La face de la Lune tournée vers la Terre n'est pas éclairée — elle est invisible dans le ciel.,
Pont possible — Ascension,2013-05-10,,Ponts / Congés,Ascension tombe un jeudi le 09/05/2013. Le vendredi 10/05/2013 est un pont potentiel — vérifiez auprès de votre employeur.,
Festival de Cannes — Ouverture,2013-05-14,,Culture|Cinéma,"Le Festival International du Film de Cannes, créé en 1946.",
Nuit des Musées,2013-05-18,,Culture,Créée en France en 2005 et étendue à toute l'Europe.,
Premier Quartier,2013-05-18,,Astronomie|Lunaire,La moitié droite de la Lune est éclairée. Mi-chemin entre la Nouvelle Lune et la Pleine Lune.,
Pentecôte,2013-05-19,,Christianisme,"Célèbre la descente de l'Esprit Saint sur les apôtres, 50 jours après Pâques.",
Lundi de Pentecôte,2013-05-20,,Jours fériés|Christianisme,"Jour férié désigné depuis 2004 Journée de solidarité envers les personnes âgées. Les salariés travaillent ce jour sans rémunération supplémentaire, finançant ainsi la prise en charge de la dépendance — instauré après la canicule de 2003 qui fit 15 000 morts en France.",
Journée mondiale de la biodiversité,2013-05-22,,Environnement,Commémore l'adoption de la Convention sur la Diversité Biologique à Rio.,
Pleine Lune,2013-05-25,,Astronomie|Lunaire,La face de la Lune est entièrement éclairée par le Soleil.,
Fête des Mères,2013-05-26,,Fêtes|Culture,"Célébrée le dernier dimanche de mai, sauf si c'est la Pentecôte.",
Journée nationale de la Résistance,2013-05-27,,Mémoire|Société,"Le 27 mai 1943, Jean Moulin préside la première réunion secrète du CNR.",
Dernier Quartier,2013-05-31,,Astronomie|Lunaire,Phase lunaire : Dernier Quartier.,
Fête des Voisins,2013-05-31,,Société,Créée en 2000 pour lutter contre l'isolement urbain.,
Journée mondiale sans tabac,2013-05-31,,Santé,Lancée par l'OMS en 1987.,
Débarquement en Normandie — Commémoration du Jour J,2013-06-06,,Mémoire|Dates spéciales,"Le 6 juin 1944, 156 000 soldats alliés débarquent sur les plages de Normandie.",
Journée mondiale de l'océan,2013-06-08,,Environnement,Proposée lors du Sommet de la Terre de Rio en 1992.,
Nouvelle Lune,2013-06-08,,Astronomie|Lunaire,La face de la Lune tournée vers la Terre n'est pas éclairée — elle est invisible dans le ciel.,
Fête des Pères,2013-06-16,,Fêtes|Culture,"Née aux États-Unis en 1910, introduite en France dans les années 1950.",
Premier Quartier,2013-06-16,,Astronomie|Lunaire,La moitié droite de la Lune est éclairée. Mi-chemin entre la Nouvelle Lune et la Pleine Lune.,
Appel du 18 juin 1940 — Anniversaire,2013-06-18,,Mémoire|Dates spéciales,"Le 18 juin 1940, de Gaulle lance depuis Londres un appel à la Résistance sur la BBC.",
Début de l'Été — Solstice d'été,2013-06-21,,Saisons|Astronomie,Le solstice d'été est le jour le plus long de l'année.,
Fête de la Musique,2013-06-21,,Culture|Fêtes,Créée en 1982 par le ministre Jack Lang.,
Jour le plus long de l'année,2013-06-21,,Saisons|Astronomie,Le 21 June est le jour le plus long de l'année 2013.,
Fête du Cinéma,2013-06-23,,Culture|Cinéma,"Créée en 1985, elle propose chaque fin juin des places à tarif réduit.",
Pleine Lune,2013-06-23,,Astronomie|Lunaire,La face de la Lune est entièrement éclairée par le Soleil.,
Dernier Quartier,2013-06-30,,Astronomie|Lunaire,Phase lunaire : Dernier Quartier.,
Milieu de l'année,2013-07-02,,Dates spéciales,Ce jour marque le point médian exact de l'année 2013.,
Festival d'Avignon — Ouverture,2013-07-05,,Culture|Théâtre,Créé par Jean Vilar en 1947 dans la cour du Palais des Papes.,
Nouvelle Lune,2013-07-08,,Astronomie|Lunaire,La face de la Lune tournée vers la Terre n'est pas éclairée — elle est invisible dans le ciel.,
Commémoration de la Rafle du Vél d'Hiv,2013-07-14,,Mémoire|Société,"Les 16-17 juillet 1942, la police française arrêta 13 152 Juifs à Paris.",
Fête Nationale,2013-07-14,,Jours fériés|Société|Dates spéciales,Commémore la prise de la Bastille le 14 juillet 1789.,
Fête nationale,2013-07-14,,Jours fériés,"Commémore la prise de la Bastille le 14 juillet 1789, symbole de la Révolution française. Jour férié depuis 1880. Défilé militaire sur les Champs-Élysées, bals des pompiers et feux d'artifice dans toute la France.",
Premier Quartier,2013-07-16,,Astronomie|Lunaire,La moitié droite de la Lune est éclairée. Mi-chemin entre la Nouvelle Lune et la Pleine Lune.,
Pleine Lune,2013-07-22,,Astronomie|Lunaire,La face de la Lune est entièrement éclairée par le Soleil.,
Dernier Quartier,2013-07-29,,Astronomie|Lunaire,Phase lunaire : Dernier Quartier.,
Nuit des Étoiles,2013-08-03,,Astronomie|Éducation|Culture,Organisée chaque premier week-end d'août par l'Association Française d'Astronomie depuis 1991.,
Nouvelle Lune,2013-08-06,,Astronomie|Lunaire,La face de la Lune tournée vers la Terre n'est pas éclairée — elle est invisible dans le ciel.,
Premier Quartier,2013-08-14,,Astronomie|Lunaire,La moitié droite de la Lune est éclairée. Mi-chemin entre la Nouvelle Lune et la Pleine Lune.,
Assomption,2013-08-15,,Jours fériés,"Célèbre l'élévation de la Vierge Marie au ciel. Fête chrétienne ancienne, jour férié en France depuis le Concordat de 1802. Elle tombe en plein cœur de l'été, au milieu des grandes vacances.",
Assomption de Marie,2013-08-15,,Christianisme|Jours fériés,Célèbre l'élévation de la Vierge Marie au ciel.,
Pont possible — Assomption,2013-08-16,,Ponts / Congés,Assomption tombe un jeudi le 15/08/2013. Le vendredi 16/08/2013 est un pont potentiel — vérifiez auprès de votre employeur.,
Pleine Lune,2013-08-21,,Astronomie|Lunaire,La face de la Lune est entièrement éclairée par le Soleil.,
Dernier Quartier,2013-08-28,,Astronomie|Lunaire,Phase lunaire : Dernier Quartier.,
Rentrée des classes,2013-09-02,,Éducation|Société,La rentrée de septembre mobilise 12 millions d'élèves et 870 000 enseignants en France.,
Nouvelle Lune,2013-09-05,,Astronomie|Lunaire,La face de la Lune tournée vers la Terre n'est pas éclairée — elle est invisible dans le ciel.,
Braderie de Lille,2013-09-07,,Culture|Commerce,"Plus grande braderie d'Europe, organisée le premier week-end de septembre à Lille.",
Premier Quartier,2013-09-12,,Astronomie|Lunaire,La moitié droite de la Lune est éclairée. Mi-chemin entre la Nouvelle Lune et la Pleine Lune.,
Pleine Lune,2013-09-19,,Astronomie|Lunaire,La face de la Lune est entièrement éclairée par le Soleil.,
Journées du Patrimoine,2013-09-21,,Culture|Société,"Créées en France en 1984 par Jack Lang, étendues à toute l'Europe en 1991.",
Début de l'Automne — Équinoxe d'automne,2013-09-22,,Saisons|Astronomie,L'équinoxe d'automne marque le début de l'automne.,
Journée mondiale sans voiture,2013-09-22,,Environnement|Société,Lancée en France en 1998 par La Rochelle.,
Dernier Quartier,2013-09-27,,Astronomie|Lunaire,Phase lunaire : Dernier Quartier.,
Journée mondiale du cacao et du chocolat,2013-10-01,,Gastronomie|Culture,Célébrée le 1er octobre et associée à l'Organisation internationale du cacao (ICCO).,
Lancement d'Octobre Rose,2013-10-01,,Santé,Tout octobre est dédié à la sensibilisation au cancer du sein.,
Nouvelle Lune,2013-10-05,,Astronomie|Lunaire,La face de la Lune tournée vers la Terre n'est pas éclairée — elle est invisible dans le ciel.,
Nuit Blanche,2013-10-05,,Culture,Initiée à Paris en 2002 par le maire Bertrand Delanoë.,
Fête des Grands-Pères,2013-10-06,,Fêtes|Culture,"Créée en 2008, elle a lieu chaque premier dimanche d'octobre.",
Journée mondiale de la santé mentale,2013-10-10,,Santé|Société,Créée par la Fédération Mondiale pour la Santé Mentale en 1992.,
Premier Quartier,2013-10-12,,Astronomie|Lunaire,La moitié droite de la Lune est éclairée. Mi-chemin entre la Nouvelle Lune et la Pleine Lune.,
Semaine du Goût,2013-10-14,,Gastronomie|Culture,Créée en 1990 par le chef Joël Robuchon.,
Journée mondiale de l'alimentation,2013-10-16,,Gastronomie|Société|Santé,Commémore la fondation de la FAO le 16 octobre 1945.,
Pleine Lune,2013-10-19,,Astronomie|Lunaire,La face de la Lune est entièrement éclairée par le Soleil.,
Dernier Quartier,2013-10-27,,Astronomie|Lunaire,Phase lunaire : Dernier Quartier.,
Passage à l'heure d'hiver,2013-10-27,,Changement d'heure,"Dans la nuit du samedi au dimanche, les montres reculent d'une heure (3h → 2h).",
Halloween,2013-10-31,,Culture|Fêtes,Fête d'origine celtique (la nuit de Samain) christianisée puis popularisée par la diaspora irlandaise.,
Lancement du Mois sans Tabac,2013-11-01,,Santé,Lancé en France en 2016 par Santé Publique France.,
Toussaint,2013-11-01,,Jours fériés|Christianisme,"Fête de tous les saints, instituée par le pape Grégoire IV en 835. En France, la tradition de fleurir les tombes avec des chrysanthèmes s'est greffée dessus — ces fleurs sont désormais intimement liées à ce jour.",
Nouvelle Lune,2013-11-03,,Astronomie|Lunaire,La face de la Lune tournée vers la Terre n'est pas éclairée — elle est invisible dans le ciel.,
Journée nationale de l'arbre,2013-11-07,,Environnement,Célébrée chaque premier jeudi de novembre.,
Premier Quartier,2013-11-10,,Astronomie|Lunaire,La moitié droite de la Lune est éclairée. Mi-chemin entre la Nouvelle Lune et la Pleine Lune.,
Armistice 1918,2013-11-11,,Jours fériés,"Le 11 novembre 1918 à 11h, l'armistice met fin à la Première Guerre mondiale après quatre ans de combats. Jour férié depuis 1922. Chaque commune française a son monument aux morts — 36 000 érigés entre 1920 et 1925.",
Armistice de 1918 — Journée du Souvenir,2013-11-11,,Jours fériés|Mémoire|Dates spéciales,"Le 11 novembre 1918 à 11h, l'armistice met fin à la Première Guerre mondiale.",
Pleine Lune,2013-11-17,,Astronomie|Lunaire,La face de la Lune est entièrement éclairée par le Soleil.,
Journée internationale des droits de l'enfant,2013-11-20,,Société,Commémore l'adoption de la Convention des Nations Unies relative aux droits de l'enfant.,
Beaujolais Nouveau,2013-11-21,,Gastronomie|Culture|Commercial,"Chaque troisième jeudi de novembre, le Beaujolais Nouveau est mis en vente.",
Dernier Quartier,2013-11-25,,Astronomie|Lunaire,Phase lunaire : Dernier Quartier.,
Fête de la Bretagne,2013-11-30,,Culture|Société,Célébrée le 30 novembre (Saint-André) depuis les années 1990.,
Journée mondiale des personnes handicapées,2013-12-03,,Société,Instaurée par l'ONU en 1992.,
Nouvelle Lune,2013-12-03,,Astronomie|Lunaire,La face de la Lune tournée vers la Terre n'est pas éclairée — elle est invisible dans le ciel.,
Journée mondiale du Bénévolat,2013-12-05,,Société,Créée par l'ONU en 1985.,
Saint-Nicolas,2013-12-06,,Christianisme|Culture|Fêtes,"Fête de Nicolas de Myre, évêque du IVe siècle devenu patron des enfants.",
Journée de la Laïcité,2013-12-09,,Société|Dates spéciales,Commémore la loi du 9 décembre 1905 séparant les Églises de l'État.,
Premier Quartier,2013-12-09,,Astronomie|Lunaire,La moitié droite de la Lune est éclairée. Mi-chemin entre la Nouvelle Lune et la Pleine Lune.,
Pleine Lune,2013-12-17,,Astronomie|Lunaire,La face de la Lune est entièrement éclairée par le Soleil.,
Début de l'Hiver — Solstice d'hiver,2013-12-21,,Saisons|Astronomie,Le solstice d'hiver est le jour le plus court de l'année.,
Jour le plus court de l'année,2013-12-21,,Saisons|Astronomie,Le 21 December est le jour le plus court de l'année 2013.,
Dernier Quartier,2013-12-25,,Astronomie|Lunaire,Phase lunaire : Dernier Quartier.,
Noël,2013-12-25,,Jours fériés|Christianisme|Fêtes,"Célèbre la naissance du Christ. La date du 25 décembre a été fixée au IVe siècle sur une fête solaire romaine préexistante. Le sapin, la bûche et les cadeaux sont des traditions popularisées bien plus tard, au XIXe siècle.",
Saint-Étienne,2013-12-26,,Jours fériés|Christianisme,"Le 26 décembre est férié uniquement en Alsace-Moselle (depts 57, 67, 68). Fête de saint Étienne, premier martyr chrétien.",AM
Dernier jour de l'année,2013-12-31,,Dates spéciales,Clôture de l'année civile 2013.,
Saint-Sylvestre / Réveillon du Nouvel An,2013-12-31,,Fêtes|Culture,"Dernier jour de l'année, nommé d'après le pape Sylvestre Ier mort ce jour en 335.",
Jour de l'an,2014-01-01,,Jours fériés,Premier jour de l'année civile grégorienne. La tradition des vœux existe depuis l'Antiquité romaine. Le gui porte-bonheur vient d'une coutume druidique bien antérieure au christianisme.,
Nouvelle Lune,2014-01-01,,Astronomie|Lunaire,La face de la Lune tournée vers la Terre n'est pas éclairée — elle est invisible dans le ciel.,
Épiphanie,2014-01-06,,Christianisme|Culture|Gastronomie,"Célèbre la visite des Rois Mages à Jésus, 12 jours après Noël.",
Premier Quartier,2014-01-08,,Astronomie|Lunaire,La moitié droite de la Lune est éclairée. Mi-chemin entre la Nouvelle Lune et la Pleine Lune.,
Pleine Lune,2014-01-16,,Astronomie|Lunaire,La face de la Lune est entièrement éclairée par le Soleil.,
Dernier Quartier,2014-01-24,,Astronomie|Lunaire,Phase lunaire : Dernier Quartier.,
Journée internationale de l'Éducation,2014-01-24,,Éducation|Société,Proclamée par l'ONU en 2019.,
Journée nationale de la Mémoire de la Shoah,2014-01-27,,Mémoire|Société,Commémore la libération du camp d'Auschwitz le 27 janvier 1945.,
Nouvelle Lune,2014-01-30,,Astronomie|Lunaire,La face de la Lune tournée vers la Terre n'est pas éclairée — elle est invisible dans le ciel.,
Chandeleur,2014-02-02,,Culture|Christianisme|Gastronomie,"Fête de la Présentation de Jésus au Temple, 40 jours après Noël.",
Journée mondiale des zones humides,2014-02-02,,Environnement,Commémore la Convention de Ramsar signée le 2 février 1971.,
Journée mondiale contre le cancer,2014-02-04,,Santé,Initiée par l'Union Internationale Contre le Cancer depuis 2000.,
Premier Quartier,2014-02-06,,Astronomie|Lunaire,La moitié droite de la Lune est éclairée. Mi-chemin entre la Nouvelle Lune et la Pleine Lune.,
Saint-Valentin,2014-02-14,,Fêtes|Culture,Fête des amoureux le 14 février.,
Pleine Lune,2014-02-15,,Astronomie|Lunaire,La face de la Lune est entièrement éclairée par le Soleil.,
Dernier Quartier,2014-02-22,,Astronomie|Lunaire,Phase lunaire : Dernier Quartier.,
Salon de l'Agriculture — Ouverture,2014-02-22,,Gastronomie|Agriculture|Culture,Le Salon International de l'Agriculture se tient chaque fin février à Paris.,
Nouvelle Lune,2014-03-01,,Astronomie|Lunaire,La face de la Lune tournée vers la Terre n'est pas éclairée — elle est invisible dans le ciel.,
Fête des Grands-Mères,2014-03-02,,Fêtes|Culture,Créée en 1987 par la marque de café Grand'Mère.,
Mardi Gras,2014-03-04,,Christianisme|Culture|Fêtes,"Dernier jour avant le Carême, où la tradition voulait qu'on fasse bombance avant l'abstinence.",
Début du Carême,2014-03-05,,Christianisme,"Le Carême commence le Mercredi des Cendres, 46 jours avant Pâques.",
Journée internationale des femmes,2014-03-08,,Société,Issue des luttes ouvrières du début du XXe siècle en Europe et aux États-Unis.,
Premier Quartier,2014-03-08,,Astronomie|Lunaire,La moitié droite de la Lune est éclairée. Mi-chemin entre la Nouvelle Lune et la Pleine Lune.,
Pleine Lune,2014-03-16,,Astronomie|Lunaire,La face de la Lune est entièrement éclairée par le Soleil.,
Saint-Patrick,2014-03-17,,Culture|Fêtes,"Fête nationale irlandaise le 17 mars, commémorant la mort de saint Patrick (461).",
Début du Printemps — Équinoxe de printemps,2014-03-20,,Saisons|Astronomie,L'équinoxe de printemps marque le début astronomique du printemps.,
Journée nationale de lutte contre les discriminations,2014-03-21,,Société,Créée par l'ONU en 1966 en mémoire du massacre de Sharpeville.,
Journée mondiale de l'eau,2014-03-22,,Environnement|Société,Proclamée par l'ONU en 1993.,
Dernier Quartier,2014-03-24,,Astronomie|Lunaire,Phase lunaire : Dernier Quartier.,
Nouvelle Lune,2014-03-30,,Astronomie|Lunaire,La face de la Lune tournée vers la Terre n'est pas éclairée — elle est invisible dans le ciel.,
Passage à l'heure d'été,2014-03-30,,Changement d'heure,"Dans la nuit du samedi au dimanche, les montres avancent d'une heure (2h → 3h).",
Poisson d'avril,2014-04-01,,Culture,Journée des farces et des canulars.,
Journée mondiale de la Santé,2014-04-07,,Santé,Commémore la fondation de l'OMS le 7 avril 1948.,
Premier Quartier,2014-04-07,,Astronomie|Lunaire,La moitié droite de la Lune est éclairée. Mi-chemin entre la Nouvelle Lune et la Pleine Lune.,
Dimanche des Rameaux,2014-04-13,,Christianisme,Ouvre la Semaine Sainte en rappelant l'entrée triomphale de Jésus à Jérusalem.,
Pleine Lune,2014-04-15,,Astronomie|Lunaire,La face de la Lune est entièrement éclairée par le Soleil.,
Vendredi Saint,2014-04-18,,Jours fériés|Christianisme,"Commémore la crucifixion du Christ. Jour férié uniquement en Alsace-Moselle (départements 57, 67, 68) en vertu du régime concordataire.",AM
Vendredi Saint,2014-04-18,,Christianisme,Commémore la crucifixion du Christ. Non férié en France depuis la loi de 1905 — sauf en Alsace-Moselle.,
Pâques,2014-04-20,,Christianisme,Fête chrétienne célébrant la résurrection du Christ. Sa date varie chaque année car elle suit le calendrier lunaire.,
Lundi de Pâques,2014-04-21,,Jours fériés|Christianisme,"Jour férié qui prolonge le dimanche de Pâques. La tradition des œufs vient du Carême : l'Église interdisait d'en manger pendant 40 jours, on offrait donc à Pâques ceux accumulés.",
Dernier Quartier,2014-04-22,,Astronomie|Lunaire,Phase lunaire : Dernier Quartier.,
Jour de la Terre,2014-04-22,,Environnement|Société,Né le 22 avril 1970 après une marée noire en Californie.,
Nouvelle Lune,2014-04-29,,Astronomie|Lunaire,La face de la Lune tournée vers la Terre n'est pas éclairée — elle est invisible dans le ciel.,
Fête du Travail,2014-05-01,,Jours fériés|Société,"Commémore la grève de Chicago du 1er mai 1886 pour les 8 heures de travail, réprimée dans le sang. Férié et chômé en France depuis 1947. La tradition d'offrir du muguet vient d'une coutume de Charles IX datant de 1561.",
Pont possible — Fête du Travail,2014-05-02,,Ponts / Congés,Fête du Travail tombe un jeudi le 01/05/2014. Le vendredi 02/05/2014 est un pont potentiel — vérifiez auprès de votre employeur.,
Premier Quartier,2014-05-07,,Astronomie|Lunaire,La moitié droite de la Lune est éclairée. Mi-chemin entre la Nouvelle Lune et la Pleine Lune.,
Fête de la Victoire 1945,2014-05-08,,Jours fériés,"Le 8 mai 1945, l'Allemagne nazie signe sa capitulation sans condition, mettant fin à la guerre en Europe. Férié depuis 1953, supprimé par Giscard en 1975, puis rétabli par Mitterrand en 1981.",
Pont possible — Fête de la Victoire,2014-05-09,,Ponts / Congés,Fête de la Victoire tombe un jeudi le 08/05/2014. Le vendredi 09/05/2014 est un pont potentiel — vérifiez auprès de votre employeur.,
Abolition de l'esclavage en France — Commémoration,2014-05-10,,Mémoire|Société,Journée nationale instaurée par la loi Taubira de 2001.,
Festival de Cannes — Ouverture,2014-05-14,,Culture|Cinéma,"Le Festival International du Film de Cannes, créé en 1946.",
Pleine Lune,2014-05-14,,Astronomie|Lunaire,La face de la Lune est entièrement éclairée par le Soleil.,
Nuit des Musées,2014-05-17,,Culture,Créée en France en 2005 et étendue à toute l'Europe.,
Dernier Quartier,2014-05-21,,Astronomie|Lunaire,Phase lunaire : Dernier Quartier.,
Journée mondiale de la biodiversité,2014-05-22,,Environnement,Commémore l'adoption de la Convention sur la Diversité Biologique à Rio.,
Fête des Mères,2014-05-25,,Fêtes|Culture,"Célébrée le dernier dimanche de mai, sauf si c'est la Pentecôte.",
Journée nationale de la Résistance,2014-05-27,,Mémoire|Société,"Le 27 mai 1943, Jean Moulin préside la première réunion secrète du CNR.",
Nouvelle Lune,2014-05-28,,Astronomie|Lunaire,La face de la Lune tournée vers la Terre n'est pas éclairée — elle est invisible dans le ciel.,
Ascension,2014-05-29,,Jours fériés|Christianisme,"Fête chrétienne commémorant la montée du Christ au ciel, 40 jours après Pâques. Toujours un jeudi, ce qui en fait naturellement un pont avec le vendredi.",
Fête des Voisins,2014-05-30,,Société,Créée en 2000 pour lutter contre l'isolement urbain.,
Pont possible — Ascension,2014-05-30,,Ponts / Congés,Ascension tombe un jeudi le 29/05/2014. Le vendredi 30/05/2014 est un pont potentiel — vérifiez auprès de votre employeur.,
Journée mondiale sans tabac,2014-05-31,,Santé,Lancée par l'OMS en 1987.,
Premier Quartier,2014-06-05,,Astronomie|Lunaire,La moitié droite de la Lune est éclairée. Mi-chemin entre la Nouvelle Lune et la Pleine Lune.,
Débarquement en Normandie — Commémoration du Jour J,2014-06-06,,Mémoire|Dates spéciales,"Le 6 juin 1944, 156 000 soldats alliés débarquent sur les plages de Normandie.",
Journée mondiale de l'océan,2014-06-08,,Environnement,Proposée lors du Sommet de la Terre de Rio en 1992.,
Pentecôte,2014-06-08,,Christianisme,"Célèbre la descente de l'Esprit Saint sur les apôtres, 50 jours après Pâques.",
Lundi de Pentecôte,2014-06-09,,Jours fériés|Christianisme,"Jour férié désigné depuis 2004 Journée de solidarité envers les personnes âgées. Les salariés travaillent ce jour sans rémunération supplémentaire, finançant ainsi la prise en charge de la dépendance — instauré après la canicule de 2003 qui fit 15 000 morts en France.",
Pleine Lune,2014-06-13,,Astronomie|Lunaire,La face de la Lune est entièrement éclairée par le Soleil.,
Fête des Pères,2014-06-15,,Fêtes|Culture,"Née aux États-Unis en 1910, introduite en France dans les années 1950.",
Appel du 18 juin 1940 — Anniversaire,2014-06-18,,Mémoire|Dates spéciales,"Le 18 juin 1940, de Gaulle lance depuis Londres un appel à la Résistance sur la BBC.",
Dernier Quartier,2014-06-19,,Astronomie|Lunaire,Phase lunaire : Dernier Quartier.,
Début de l'Été — Solstice d'été,2014-06-21,,Saisons|Astronomie,Le solstice d'été est le jour le plus long de l'année.,
Fête de la Musique,2014-06-21,,Culture|Fêtes,Créée en 1982 par le ministre Jack Lang.,
Jour le plus long de l'année,2014-06-21,,Saisons|Astronomie,Le 21 June est le jour le plus long de l'année 2014.,
Fête du Cinéma,2014-06-22,,Culture|Cinéma,"Créée en 1985, elle propose chaque fin juin des places à tarif réduit.",
Nouvelle Lune,2014-06-27,,Astronomie|Lunaire,La face de la Lune tournée vers la Terre n'est pas éclairée — elle est invisible dans le ciel.,
Milieu de l'année,2014-07-02,,Dates spéciales,Ce jour marque le point médian exact de l'année 2014.,
Festival d'Avignon — Ouverture,2014-07-05,,Culture|Théâtre,Créé par Jean Vilar en 1947 dans la cour du Palais des Papes.,
Premier Quartier,2014-07-05,,Astronomie|Lunaire,La moitié droite de la Lune est éclairée. Mi-chemin entre la Nouvelle Lune et la Pleine Lune.,
Pleine Lune,2014-07-12,,Astronomie|Lunaire,La face de la Lune est entièrement éclairée par le Soleil.,
Commémoration de la Rafle du Vél d'Hiv,2014-07-13,,Mémoire|Société,"Les 16-17 juillet 1942, la police française arrêta 13 152 Juifs à Paris.",
Fête Nationale,2014-07-14,,Jours fériés|Société|Dates spéciales,Commémore la prise de la Bastille le 14 juillet 1789.,
Fête nationale,2014-07-14,,Jours fériés,"Commémore la prise de la Bastille le 14 juillet 1789, symbole de la Révolution française. Jour férié depuis 1880. Défilé militaire sur les Champs-Élysées, bals des pompiers et feux d'artifice dans toute la France.",
Dernier Quartier,2014-07-19,,Astronomie|Lunaire,Phase lunaire : Dernier Quartier.,
Nouvelle Lune,2014-07-27,,Astronomie|Lunaire,La face de la Lune tournée vers la Terre n'est pas éclairée — elle est invisible dans le ciel.,
Nuit des Étoiles,2014-08-02,,Astronomie|Éducation|Culture,Organisée chaque premier week-end d'août par l'Association Française d'Astronomie depuis 1991.,
Premier Quartier,2014-08-04,,Astronomie|Lunaire,La moitié droite de la Lune est éclairée. Mi-chemin entre la Nouvelle Lune et la Pleine Lune.,
Pleine Lune,2014-08-10,,Astronomie|Lunaire,La face de la Lune est entièrement éclairée par le Soleil.,
Assomption,2014-08-15,,Jours fériés,"Célèbre l'élévation de la Vierge Marie au ciel. Fête chrétienne ancienne, jour férié en France depuis le Concordat de 1802. Elle tombe en plein cœur de l'été, au milieu des grandes vacances.",
Assomption de Marie,2014-08-15,,Christianisme|Jours fériés,Célèbre l'élévation de la Vierge Marie au ciel.,
Dernier Quartier,2014-08-17,,Astronomie|Lunaire,Phase lunaire : Dernier Quartier.,
Nouvelle Lune,2014-08-25,,Astronomie|Lunaire,La face de la Lune tournée vers la Terre n'est pas éclairée — elle est invisible dans le ciel.,
Premier Quartier,2014-09-02,,Astronomie|Lunaire,La moitié droite de la Lune est éclairée. Mi-chemin entre la Nouvelle Lune et la Pleine Lune.,
Rentrée des classes,2014-09-02,,Éducation|Société,La rentrée de septembre mobilise 12 millions d'élèves et 870 000 enseignants en France.,
Braderie de Lille,2014-09-06,,Culture|Commerce,"Plus grande braderie d'Europe, organisée le premier week-end de septembre à Lille.",
Pleine Lune,2014-09-09,,Astronomie|Lunaire,La face de la Lune est entièrement éclairée par le Soleil.,
Dernier Quartier,2014-09-16,,Astronomie|Lunaire,Phase lunaire : Dernier Quartier.,
Journées du Patrimoine,2014-09-20,,Culture|Société,"Créées en France en 1984 par Jack Lang, étendues à toute l'Europe en 1991.",
Journée mondiale sans voiture,2014-09-22,,Environnement|Société,Lancée en France en 1998 par La Rochelle.,
Début de l'Automne — Équinoxe d'automne,2014-09-23,,Saisons|Astronomie,L'équinoxe d'automne marque le début de l'automne.,
Nouvelle Lune,2014-09-24,,Astronomie|Lunaire,La face de la Lune tournée vers la Terre n'est pas éclairée — elle est invisible dans le ciel.,
Journée mondiale du cacao et du chocolat,2014-10-01,,Gastronomie|Culture,Célébrée le 1er octobre et associée à l'Organisation internationale du cacao (ICCO).,
Lancement d'Octobre Rose,2014-10-01,,Santé,Tout octobre est dédié à la sensibilisation au cancer du sein.,
Premier Quartier,2014-10-01,,Astronomie|Lunaire,La moitié droite de la Lune est éclairée. Mi-chemin entre la Nouvelle Lune et la Pleine Lune.,
Nuit Blanche,2014-10-04,,Culture,Initiée à Paris en 2002 par le maire Bertrand Delanoë.,
Fête des Grands-Pères,2014-10-05,,Fêtes|Culture,"Créée en 2008, elle a lieu chaque premier dimanche d'octobre.",
Pleine Lune,2014-10-08,,Astronomie|Lunaire,La face de la Lune est entièrement éclairée par le Soleil.,
Journée mondiale de la santé mentale,2014-10-10,,Santé|Société,Créée par la Fédération Mondiale pour la Santé Mentale en 1992.,
Semaine du Goût,2014-10-13,,Gastronomie|Culture,Créée en 1990 par le chef Joël Robuchon.,
Dernier Quartier,2014-10-15,,Astronomie|Lunaire,Phase lunaire : Dernier Quartier.,
Journée mondiale de l'alimentation,2014-10-16,,Gastronomie|Société|Santé,Commémore la fondation de la FAO le 16 octobre 1945.,
Nouvelle Lune,2014-10-23,,Astronomie|Lunaire,La face de la Lune tournée vers la Terre n'est pas éclairée — elle est invisible dans le ciel.,
Passage à l'heure d'hiver,2014-10-26,,Changement d'heure,"Dans la nuit du samedi au dimanche, les montres reculent d'une heure (3h → 2h).",
Halloween,2014-10-31,,Culture|Fêtes,Fête d'origine celtique (la nuit de Samain) christianisée puis popularisée par la diaspora irlandaise.,
Premier Quartier,2014-10-31,,Astronomie|Lunaire,La moitié droite de la Lune est éclairée. Mi-chemin entre la Nouvelle Lune et la Pleine Lune.,
Lancement du Mois sans Tabac,2014-11-01,,Santé,Lancé en France en 2016 par Santé Publique France.,
Toussaint,2014-11-01,,Jours fériés|Christianisme,"Fête de tous les saints, instituée par le pape Grégoire IV en 835. En France, la tradition de fleurir les tombes avec des chrysanthèmes s'est greffée dessus — ces fleurs sont désormais intimement liées à ce jour.",
Journée nationale de l'arbre,2014-11-06,,Environnement,Célébrée chaque premier jeudi de novembre.,
Pleine Lune,2014-11-06,,Astronomie|Lunaire,La face de la Lune est entièrement éclairée par le Soleil.,
Pont possible — Armistice 1918,2014-11-10,,Ponts / Congés,Armistice 1918 tombe un mardi le 11/11/2014. Le lundi 10/11/2014 est un pont potentiel — vérifiez auprès de votre employeur.,
Armistice 1918,2014-11-11,,Jours fériés,"Le 11 novembre 1918 à 11h, l'armistice met fin à la Première Guerre mondiale après quatre ans de combats. Jour férié depuis 1922. Chaque commune française a son monument aux morts — 36 000 érigés entre 1920 et 1925.",
Armistice de 1918 — Journée du Souvenir,2014-11-11,,Jours fériés|Mémoire|Dates spéciales,"Le 11 novembre 1918 à 11h, l'armistice met fin à la Première Guerre mondiale.",
Dernier Quartier,2014-11-14,,Astronomie|Lunaire,Phase lunaire : Dernier Quartier.,
Beaujolais Nouveau,2014-11-20,,Gastronomie|Culture|Commercial,"Chaque troisième jeudi de novembre, le Beaujolais Nouveau est mis en vente.",
Journée internationale des droits de l'enfant,2014-11-20,,Société,Commémore l'adoption de la Convention des Nations Unies relative aux droits de l'enfant.,
Nouvelle Lune,2014-11-22,,Astronomie|Lunaire,La face de la Lune tournée vers la Terre n'est pas éclairée — elle est invisible dans le ciel.,
Premier Quartier,2014-11-29,,Astronomie|Lunaire,La moitié droite de la Lune est éclairée. Mi-chemin entre la Nouvelle Lune et la Pleine Lune.,
Fête de la Bretagne,2014-11-30,,Culture|Société,Célébrée le 30 novembre (Saint-André) depuis les années 1990.,
Journée mondiale des personnes handicapées,2014-12-03,,Société,Instaurée par l'ONU en 1992.,
Journée mondiale du Bénévolat,2014-12-05,,Société,Créée par l'ONU en 1985.,
Pleine Lune,2014-12-06,,Astronomie|Lunaire,La face de la Lune est entièrement éclairée par le Soleil.,
Saint-Nicolas,2014-12-06,,Christianisme|Culture|Fêtes,"Fête de Nicolas de Myre, évêque du IVe siècle devenu patron des enfants.",
Journée de la Laïcité,2014-12-09,,Société|Dates spéciales,Commémore la loi du 9 décembre 1905 séparant les Églises de l'État.,
Dernier Quartier,2014-12-14,,Astronomie|Lunaire,Phase lunaire : Dernier Quartier.,
Début de l'Hiver — Solstice d'hiver,2014-12-21,,Saisons|Astronomie,Le solstice d'hiver est le jour le plus court de l'année.,
Jour le plus court de l'année,2014-12-21,,Saisons|Astronomie,Le 21 December est le jour le plus court de l'année 2014.,
Nouvelle Lune,2014-12-22,,Astronomie|Lunaire,La face de la Lune tournée vers la Terre n'est pas éclairée — elle est invisible dans le ciel.,
Noël,2014-12-25,,Jours fériés|Christianisme|Fêtes,"Célèbre la naissance du Christ. La date du 25 décembre a été fixée au IVe siècle sur une fête solaire romaine préexistante. Le sapin, la bûche et les cadeaux sont des traditions popularisées bien plus tard, au XIXe siècle.",
Pont possible — Noël,2014-12-26,,Ponts / Congés,Noël tombe un jeudi le 25/12/2014. Le vendredi 26/12/2014 est un pont potentiel — vérifiez auprès de votre employeur.,
Saint-Étienne,2014-12-26,,Jours fériés|Christianisme,"Le 26 décembre est férié uniquement en Alsace-Moselle (depts 57, 67, 68). Fête de saint Étienne, premier martyr chrétien.",AM
Premier Quartier,2014-12-28,,Astronomie|Lunaire,La moitié droite de la Lune est éclairée. Mi-chemin entre la Nouvelle Lune et la Pleine Lune.,
Dernier jour de l'année,2014-12-31,,Dates spéciales,Clôture de l'année civile 2014.,
Saint-Sylvestre / Réveillon du Nouvel An,2014-12-31,,Fêtes|Culture,"Dernier jour de l'année, nommé d'après le pape Sylvestre Ier mort ce jour en 335.",
Jour de l'an,2015-01-01,,Jours fériés,Premier jour de l'année civile grégorienne. La tradition des vœux existe depuis l'Antiquité romaine. Le gui porte-bonheur vient d'une coutume druidique bien antérieure au christianisme.,
Pont possible — Jour de l'an,2015-01-02,,Ponts / Congés,Jour de l'an tombe un jeudi le 01/01/2015. Le vendredi 02/01/2015 est un pont potentiel — vérifiez auprès de votre employeur.,
Pleine Lune,2015-01-05,,Astronomie|Lunaire,La face de la Lune est entièrement éclairée par le Soleil.,
Épiphanie,2015-01-06,,Christianisme|Culture|Gastronomie,"Célèbre la visite des Rois Mages à Jésus, 12 jours après Noël.",
Dernier Quartier,2015-01-13,,Astronomie|Lunaire,Phase lunaire : Dernier Quartier.,
Nouvelle Lune,2015-01-20,,Astronomie|Lunaire,La face de la Lune tournée vers la Terre n'est pas éclairée — elle est invisible dans le ciel.,
Journée internationale de l'Éducation,2015-01-24,,Éducation|Société,Proclamée par l'ONU en 2019.,
Journée nationale de la Mémoire de la Shoah,2015-01-27,,Mémoire|Société,Commémore la libération du camp d'Auschwitz le 27 janvier 1945.,
Premier Quartier,2015-01-27,,Astronomie|Lunaire,La moitié droite de la Lune est éclairée. Mi-chemin entre la Nouvelle Lune et la Pleine Lune.,
Chandeleur,2015-02-02,,Culture|Christianisme|Gastronomie,"Fête de la Présentation de Jésus au Temple, 40 jours après Noël.",
Journée mondiale des zones humides,2015-02-02,,Environnement,Commémore la Convention de Ramsar signée le 2 février 1971.,
Journée mondiale contre le cancer,2015-02-04,,Santé,Initiée par l'Union Internationale Contre le Cancer depuis 2000.,
Pleine Lune,2015-02-04,,Astronomie|Lunaire,La face de la Lune est entièrement éclairée par le Soleil.,
Dernier Quartier,2015-02-12,,Astronomie|Lunaire,Phase lunaire : Dernier Quartier.,
Saint-Valentin,2015-02-14,,Fêtes|Culture,Fête des amoureux le 14 février.,
Mardi Gras,2015-02-17,,Christianisme|Culture|Fêtes,"Dernier jour avant le Carême, où la tradition voulait qu'on fasse bombance avant l'abstinence.",
Début du Carême,2015-02-18,,Christianisme,"Le Carême commence le Mercredi des Cendres, 46 jours avant Pâques.",
Nouvelle Lune,2015-02-19,,Astronomie|Lunaire,La face de la Lune tournée vers la Terre n'est pas éclairée — elle est invisible dans le ciel.,
Premier Quartier,2015-02-25,,Astronomie|Lunaire,La moitié droite de la Lune est éclairée. Mi-chemin entre la Nouvelle Lune et la Pleine Lune.,
Salon de l'Agriculture — Ouverture,2015-02-28,,Gastronomie|Agriculture|Culture,Le Salon International de l'Agriculture se tient chaque fin février à Paris.,
Fête des Grands-Mères,2015-03-01,,Fêtes|Culture,Créée en 1987 par la marque de café Grand'Mère.,
Pleine Lune,2015-03-05,,Astronomie|Lunaire,La face de la Lune est entièrement éclairée par le Soleil.,
Journée internationale des femmes,2015-03-08,,Société,Issue des luttes ouvrières du début du XXe siècle en Europe et aux États-Unis.,
Dernier Quartier,2015-03-13,,Astronomie|Lunaire,Phase lunaire : Dernier Quartier.,
Saint-Patrick,2015-03-17,,Culture|Fêtes,"Fête nationale irlandaise le 17 mars, commémorant la mort de saint Patrick (461).",
Début du Printemps — Équinoxe de printemps,2015-03-20,,Saisons|Astronomie,L'équinoxe de printemps marque le début astronomique du printemps.,
Nouvelle Lune,2015-03-20,,Astronomie|Lunaire,La face de la Lune tournée vers la Terre n'est pas éclairée — elle est invisible dans le ciel.,
Journée nationale de lutte contre les discriminations,2015-03-21,,Société,Créée par l'ONU en 1966 en mémoire du massacre de Sharpeville.,
Journée mondiale de l'eau,2015-03-22,,Environnement|Société,Proclamée par l'ONU en 1993.,
Premier Quartier,2015-03-27,,Astronomie|Lunaire,La moitié droite de la Lune est éclairée. Mi-chemin entre la Nouvelle Lune et la Pleine Lune.,
Dimanche des Rameaux,2015-03-29,,Christianisme,Ouvre la Semaine Sainte en rappelant l'entrée triomphale de Jésus à Jérusalem.,
Passage à l'heure d'été,2015-03-29,,Changement d'heure,"Dans la nuit du samedi au dimanche, les montres avancent d'une heure (2h → 3h).",
Poisson d'avril,2015-04-01,,Culture,Journée des farces et des canulars.,
Vendredi Saint,2015-04-03,,Jours fériés|Christianisme,"Commémore la crucifixion du Christ. Jour férié uniquement en Alsace-Moselle (départements 57, 67, 68) en vertu du régime concordataire.",AM
Vendredi Saint,2015-04-03,,Christianisme,Commémore la crucifixion du Christ. Non férié en France depuis la loi de 1905 — sauf en Alsace-Moselle.,
Pleine Lune,2015-04-04,,Astronomie|Lunaire,La face de la Lune est entièrement éclairée par le Soleil.,
Pâques,2015-04-05,,Christianisme,Fête chrétienne célébrant la résurrection du Christ. Sa date varie chaque année car elle suit le calendrier lunaire.,
Lundi de Pâques,2015-04-06,,Jours fériés|Christianisme,"Jour férié qui prolonge le dimanche de Pâques. La tradition des œufs vient du Carême : l'Église interdisait d'en manger pendant 40 jours, on offrait donc à Pâques ceux accumulés.",
Journée mondiale de la Santé,2015-04-07,,Santé,Commémore la fondation de l'OMS le 7 avril 1948.,
Dernier Quartier,2015-04-12,,Astronomie|Lunaire,Phase lunaire : Dernier Quartier.,
Nouvelle Lune,2015-04-18,,Astronomie|Lunaire,La face de la Lune tournée vers la Terre n'est pas éclairée — elle est invisible dans le ciel.,
Jour de la Terre,2015-04-22,,Environnement|Société,Né le 22 avril 1970 après une marée noire en Californie.,
Premier Quartier,2015-04-26,,Astronomie|Lunaire,La moitié droite de la Lune est éclairée. Mi-chemin entre la Nouvelle Lune et la Pleine Lune.,
Fête du Travail,2015-05-01,,Jours fériés|Société,"Commémore la grève de Chicago du 1er mai 1886 pour les 8 heures de travail, réprimée dans le sang. Férié et chômé en France depuis 1947. La tradition d'offrir du muguet vient d'une coutume de Charles IX datant de 1561.",
Pleine Lune,2015-05-04,,Astronomie|Lunaire,La face de la Lune est entièrement éclairée par le Soleil.,
Fête de la Victoire 1945,2015-05-08,,Jours fériés,"Le 8 mai 1945, l'Allemagne nazie signe sa capitulation sans condition, mettant fin à la guerre en Europe. Férié depuis 1953, supprimé par Giscard en 1975, puis rétabli par Mitterrand en 1981.",
Abolition de l'esclavage en France — Commémoration,2015-05-10,,Mémoire|Société,Journée nationale instaurée par la loi Taubira de 2001.,
Dernier Quartier,2015-05-11,,Astronomie|Lunaire,Phase lunaire : Dernier Quartier.,
Ascension,2015-05-14,,Jours fériés|Christianisme,"Fête chrétienne commémorant la montée du Christ au ciel, 40 jours après Pâques. Toujours un jeudi, ce qui en fait naturellement un pont avec le vendredi.",
Festival de Cannes — Ouverture,2015-05-14,,Culture|Cinéma,"Le Festival International du Film de Cannes, créé en 1946.",
Pont possible — Ascension,2015-05-15,,Ponts / Congés,Ascension tombe un jeudi le 14/05/2015. Le vendredi 15/05/2015 est un pont potentiel — vérifiez auprès de votre employeur.,
Nuit des Musées,2015-05-16,,Culture,Créée en France en 2005 et étendue à toute l'Europe.,
Nouvelle Lune,2015-05-18,,Astronomie|Lunaire,La face de la Lune tournée vers la Terre n'est pas éclairée — elle est invisible dans le ciel.,
Journée mondiale de la biodiversité,2015-05-22,,Environnement,Commémore l'adoption de la Convention sur la Diversité Biologique à Rio.,
Pentecôte,2015-05-24,,Christianisme,"Célèbre la descente de l'Esprit Saint sur les apôtres, 50 jours après Pâques.",
Lundi de Pentecôte,2015-05-25,,Jours fériés|Christianisme,"Jour férié désigné depuis 2004 Journée de solidarité envers les personnes âgées. Les salariés travaillent ce jour sans rémunération supplémentaire, finançant ainsi la prise en charge de la dépendance — instauré après la canicule de 2003 qui fit 15 000 morts en France.",
Premier Quartier,2015-05-25,,Astronomie|Lunaire,La moitié droite de la Lune est éclairée. Mi-chemin entre la Nouvelle Lune et la Pleine Lune.,
Journée nationale de la Résistance,2015-05-27,,Mémoire|Société,"Le 27 mai 1943, Jean Moulin préside la première réunion secrète du CNR.",
Fête des Voisins,2015-05-29,,Société,Créée en 2000 pour lutter contre l'isolement urbain.,
Fête des Mères,2015-05-31,,Fêtes|Culture,"Célébrée le dernier dimanche de mai, sauf si c'est la Pentecôte.",
Journée mondiale sans tabac,2015-05-31,,Santé,Lancée par l'OMS en 1987.,
Pleine Lune,2015-06-02,,Astronomie|Lunaire,La face de la Lune est entièrement éclairée par le Soleil.,
Débarquement en Normandie — Commémoration du Jour J,2015-06-06,,Mémoire|Dates spéciales,"Le 6 juin 1944, 156 000 soldats alliés débarquent sur les plages de Normandie.",
Journée mondiale de l'océan,2015-06-08,,Environnement,Proposée lors du Sommet de la Terre de Rio en 1992.,
Dernier Quartier,2015-06-09,,Astronomie|Lunaire,Phase lunaire : Dernier Quartier.,
Nouvelle Lune,2015-06-16,,Astronomie|Lunaire,La face de la Lune tournée vers la Terre n'est pas éclairée — elle est invisible dans le ciel.,
Appel du 18 juin 1940 — Anniversaire,2015-06-18,,Mémoire|Dates spéciales,"Le 18 juin 1940, de Gaulle lance depuis Londres un appel à la Résistance sur la BBC.",
Début de l'Été — Solstice d'été,2015-06-21,,Saisons|Astronomie,Le solstice d'été est le jour le plus long de l'année.,
Fête de la Musique,2015-06-21,,Culture|Fêtes,Créée en 1982 par le ministre Jack Lang.,
Fête des Pères,2015-06-21,,Fêtes|Culture,"Née aux États-Unis en 1910, introduite en France dans les années 1950.",
Jour le plus long de l'année,2015-06-21,,Saisons|Astronomie,Le 21 June est le jour le plus long de l'année 2015.,
Premier Quartier,2015-06-24,,Astronomie|Lunaire,La moitié droite de la Lune est éclairée. Mi-chemin entre la Nouvelle Lune et la Pleine Lune.,
Fête du Cinéma,2015-06-28,,Culture|Cinéma,"Créée en 1985, elle propose chaque fin juin des places à tarif réduit.",
Milieu de l'année,2015-07-02,,Dates spéciales,Ce jour marque le point médian exact de l'année 2015.,
Pleine Lune,2015-07-02,,Astronomie|Lunaire,La face de la Lune est entièrement éclairée par le Soleil.,
Festival d'Avignon — Ouverture,2015-07-05,,Culture|Théâtre,Créé par Jean Vilar en 1947 dans la cour du Palais des Papes.,
Dernier Quartier,2015-07-08,,Astronomie|Lunaire,Phase lunaire : Dernier Quartier.,
Commémoration de la Rafle du Vél d'Hiv,2015-07-12,,Mémoire|Société,"Les 16-17 juillet 1942, la police française arrêta 13 152 Juifs à Paris.",
Pont possible — Fête nationale,2015-07-13,,Ponts / Congés,Fête nationale tombe un mardi le 14/07/2015. Le lundi 13/07/2015 est un pont potentiel — vérifiez auprès de votre employeur.,
Fête Nationale,2015-07-14,,Jours fériés|Société|Dates spéciales,Commémore la prise de la Bastille le 14 juillet 1789.,
Fête nationale,2015-07-14,,Jours fériés,"Commémore la prise de la Bastille le 14 juillet 1789, symbole de la Révolution française. Jour férié depuis 1880. Défilé militaire sur les Champs-Élysées, bals des pompiers et feux d'artifice dans toute la France.",
Nouvelle Lune,2015-07-16,,Astronomie|Lunaire,La face de la Lune tournée vers la Terre n'est pas éclairée — elle est invisible dans le ciel.,
Premier Quartier,2015-07-24,,Astronomie|Lunaire,La moitié droite de la Lune est éclairée. Mi-chemin entre la Nouvelle Lune et la Pleine Lune.,
Pleine Lune,2015-07-31,,Astronomie|Lunaire,La face de la Lune est entièrement éclairée par le Soleil.,
Nuit des Étoiles,2015-08-01,,Astronomie|Éducation|Culture,Organisée chaque premier week-end d'août par l'Association Française d'Astronomie depuis 1991.,
Dernier Quartier,2015-08-07,,Astronomie|Lunaire,Phase lunaire : Dernier Quartier.,
Nouvelle Lune,2015-08-14,,Astronomie|Lunaire,La face de la Lune tournée vers la Terre n'est pas éclairée — elle est invisible dans le ciel.,
Assomption,2015-08-15,,Jours fériés,"Célèbre l'élévation de la Vierge Marie au ciel. Fête chrétienne ancienne, jour férié en France depuis le Concordat de 1802. Elle tombe en plein cœur de l'été, au milieu des grandes vacances.",
Assomption de Marie,2015-08-15,,Christianisme|Jours fériés,Célèbre l'élévation de la Vierge Marie au ciel.,
Premier Quartier,2015-08-22,,Astronomie|Lunaire,La moitié droite de la Lune est éclairée. Mi-chemin entre la Nouvelle Lune et la Pleine Lune.,
Pleine Lune,2015-08-29,,Astronomie|Lunaire,La face de la Lune est entièrement éclairée par le Soleil.,
Rentrée des classes,2015-09-02,,Éducation|Société,La rentrée de septembre mobilise 12 millions d'élèves et 870 000 enseignants en France.,
Braderie de Lille,2015-09-05,,Culture|Commerce,"Plus grande braderie d'Europe, organisée le premier week-end de septembre à Lille.",
Dernier Quartier,2015-09-05,,Astronomie|Lunaire,Phase lunaire : Dernier Quartier.,
Nouvelle Lune,2015-09-13,,Astronomie|Lunaire,La face de la Lune tournée vers la Terre n'est pas éclairée — elle est invisible dans le ciel.,
Journées du Patrimoine,2015-09-19,,Culture|Société,"Créées en France en 1984 par Jack Lang, étendues à toute l'Europe en 1991.",
Premier Quartier,2015-09-21,,Astronomie|Lunaire,La moitié droite de la Lune est éclairée. Mi-chemin entre la Nouvelle Lune et la Pleine Lune.,
Journée mondiale sans voiture,2015-09-22,,Environnement|Société,Lancée en France en 1998 par La Rochelle.,
Début de l'Automne — Équinoxe d'automne,2015-09-23,,Saisons|Astronomie,L'équinoxe d'automne marque le début de l'automne.,
Pleine Lune,2015-09-28,,Astronomie|Lunaire,La face de la Lune est entièrement éclairée par le Soleil.,
Journée mondiale du cacao et du chocolat,2015-10-01,,Gastronomie|Culture,Célébrée le 1er octobre et associée à l'Organisation internationale du cacao (ICCO).,
Lancement d'Octobre Rose,2015-10-01,,Santé,Tout octobre est dédié à la sensibilisation au cancer du sein.,
Nuit Blanche,2015-10-03,,Culture,Initiée à Paris en 2002 par le maire Bertrand Delanoë.,
Dernier Quartier,2015-10-04,,Astronomie|Lunaire,Phase lunaire : Dernier Quartier.,
Fête des Grands-Pères,2015-10-04,,Fêtes|Culture,"Créée en 2008, elle a lieu chaque premier dimanche d'octobre.",
Journée mondiale de la santé mentale,2015-10-10,,Santé|Société,Créée par la Fédération Mondiale pour la Santé Mentale en 1992.,
Semaine du Goût,2015-10-12,,Gastronomie|Culture,Créée en 1990 par le chef Joël Robuchon.,
Nouvelle Lune,2015-10-13,,Astronomie|Lunaire,La face de la Lune tournée vers la Terre n'est pas éclairée — elle est invisible dans le ciel.,
Journée mondiale de l'alimentation,2015-10-16,,Gastronomie|Société|Santé,Commémore la fondation de la FAO le 16 octobre 1945.,
Premier Quartier,2015-10-20,,Astronomie|Lunaire,La moitié droite de la Lune est éclairée. Mi-chemin entre la Nouvelle Lune et la Pleine Lune.,
Passage à l'heure d'hiver,2015-10-25,,Changement d'heure,"Dans la nuit du samedi au dimanche, les montres reculent d'une heure (3h → 2h).",
Pleine Lune,2015-10-27,,Astronomie|Lunaire,La face de la Lune est entièrement éclairée par le Soleil.,
Halloween,2015-10-31,,Culture|Fêtes,Fête d'origine celtique (la nuit de Samain) christianisée puis popularisée par la diaspora irlandaise.,
Lancement du Mois sans Tabac,2015-11-01,,Santé,Lancé en France en 2016 par Santé Publique France.,
Toussaint,2015-11-01,,Jours fériés|Christianisme,"Fête de tous les saints, instituée par le pape Grégoire IV en 835. En France, la tradition de fleurir les tombes avec des chrysanthèmes s'est greffée dessus — ces fleurs sont désormais intimement liées à ce jour.",
Dernier Quartier,2015-11-03,,Astronomie|Lunaire,Phase lunaire : Dernier Quartier.,
Journée nationale de l'arbre,2015-11-05,,Environnement,Célébrée chaque premier jeudi de novembre.,
Armistice 1918,2015-11-11,,Jours fériés,"Le 11 novembre 1918 à 11h, l'armistice met fin à la Première Guerre mondiale après quatre ans de combats. Jour férié depuis 1922. Chaque commune française a son monument aux morts — 36 000 érigés entre 1920 et 1925.",
Armistice de 1918 — Journée du Souvenir,2015-11-11,,Jours fériés|Mémoire|Dates spéciales,"Le 11 novembre 1918 à 11h, l'armistice met fin à la Première Guerre mondiale.",
Nouvelle Lune,2015-11-11,,Astronomie|Lunaire,La face de la Lune tournée vers la Terre n'est pas éclairée — elle est invisible dans le ciel.,
Beaujolais Nouveau,2015-11-19,,Gastronomie|Culture|Commercial,"Chaque troisième jeudi de novembre, le Beaujolais Nouveau est mis en vente.",
Premier Quartier,2015-11-19,,Astronomie|Lunaire,La moitié droite de la Lune est éclairée. Mi-chemin entre la Nouvelle Lune et la Pleine Lune.,
Journée internationale des droits de l'enfant,2015-11-20,,Société,Commémore l'adoption de la Convention des Nations Unies relative aux droits de l'enfant.,
Pleine Lune,2015-11-25,,Astronomie|Lunaire,La face de la Lune est entièrement éclairée par le Soleil.,
Fête de la Bretagne,2015-11-30,,Culture|Société,Célébrée le 30 novembre (Saint-André) depuis les années 1990.,
Dernier Quartier,2015-12-03,,Astronomie|Lunaire,Phase lunaire : Dernier Quartier.,
Journée mondiale des personnes handicapées,2015-12-03,,Société,Instaurée par l'ONU en 1992.,
Journée mondiale du Bénévolat,2015-12-05,,Société,Créée par l'ONU en 1985.,
Saint-Nicolas,2015-12-06,,Christianisme|Culture|Fêtes,"Fête de Nicolas de Myre, évêque du IVe siècle devenu patron des enfants.",
Journée de la Laïcité,2015-12-09,,Société|Dates spéciales,Commémore la loi du 9 décembre 1905 séparant les Églises de l'État.,
Nouvelle Lune,2015-12-11,,Astronomie|Lunaire,La face de la Lune tournée vers la Terre n'est pas éclairée — elle est invisible dans le ciel.,
Premier Quartier,2015-12-18,,Astronomie|Lunaire,La moitié droite de la Lune est éclairée. Mi-chemin entre la Nouvelle Lune et la Pleine Lune.,
Début de l'Hiver — Solstice d'hiver,2015-12-22,,Saisons|Astronomie,Le solstice d'hiver est le jour le plus court de l'année.,
Jour le plus court de l'année,2015-12-22,,Saisons|Astronomie,Le 22 December est le jour le plus court de l'année 2015.,
Noël,2015-12-25,,Jours fériés|Christianisme|Fêtes,"Célèbre la naissance du Christ. La date du 25 décembre a été fixée au IVe siècle sur une fête solaire romaine préexistante. Le sapin, la bûche et les cadeaux sont des traditions popularisées bien plus tard, au XIXe siècle.",
Pleine Lune,2015-12-25,,Astronomie|Lunaire,La face de la Lune est entièrement éclairée par le Soleil.,
Saint-Étienne,2015-12-26,,Jours fériés|Christianisme,"Le 26 décembre est férié uniquement en Alsace-Moselle (depts 57, 67, 68). Fête de saint Étienne, premier martyr chrétien.",AM
Année avec 53e semaine ISO,2015-12-28,,Dates spéciales,L'année 2015 comporte une semaine 53 dans le calendrier ISO.,
Dernier jour de l'année,2015-12-31,,Dates spéciales,Clôture de l'année civile 2015.,
Saint-Sylvestre / Réveillon du Nouvel An,2015-12-31,,Fêtes|Culture,"Dernier jour de l'année, nommé d'après le pape Sylvestre Ier mort ce jour en 335.",
Jour de l'an,2016-01-01,,Jours fériés,Premier jour de l'année civile grégorienne. La tradition des vœux existe depuis l'Antiquité romaine. Le gui porte-bonheur vient d'une coutume druidique bien antérieure au christianisme.,
Dernier Quartier,2016-01-02,,Astronomie|Lunaire,Phase lunaire : Dernier Quartier.,
Épiphanie,2016-01-06,,Christianisme|Culture|Gastronomie,"Célèbre la visite des Rois Mages à Jésus, 12 jours après Noël.",
Nouvelle Lune,2016-01-10,,Astronomie|Lunaire,La face de la Lune tournée vers la Terre n'est pas éclairée — elle est invisible dans le ciel.,
Premier Quartier,2016-01-17,,Astronomie|Lunaire,La moitié droite de la Lune est éclairée. Mi-chemin entre la Nouvelle Lune et la Pleine Lune.,
Journée internationale de l'Éducation,2016-01-24,,Éducation|Société,Proclamée par l'ONU en 2019.,
Pleine Lune,2016-01-24,,Astronomie|Lunaire,La face de la Lune est entièrement éclairée par le Soleil.,
Journée nationale de la Mémoire de la Shoah,2016-01-27,,Mémoire|Société,Commémore la libération du camp d'Auschwitz le 27 janvier 1945.,
Dernier Quartier,2016-02-01,,Astronomie|Lunaire,Phase lunaire : Dernier Quartier.,
Chandeleur,2016-02-02,,Culture|Christianisme|Gastronomie,"Fête de la Présentation de Jésus au Temple, 40 jours après Noël.",
Journée mondiale des zones humides,2016-02-02,,Environnement,Commémore la Convention de Ramsar signée le 2 février 1971.,
Journée mondiale contre le cancer,2016-02-04,,Santé,Initiée par l'Union Internationale Contre le Cancer depuis 2000.,
Nouvelle Lune,2016-02-08,,Astronomie|Lunaire,La face de la Lune tournée vers la Terre n'est pas éclairée — elle est invisible dans le ciel.,
Mardi Gras,2016-02-09,,Christianisme|Culture|Fêtes,"Dernier jour avant le Carême, où la tradition voulait qu'on fasse bombance avant l'abstinence.",
Début du Carême,2016-02-10,,Christianisme,"Le Carême commence le Mercredi des Cendres, 46 jours avant Pâques.",
Saint-Valentin,2016-02-14,,Fêtes|Culture,Fête des amoureux le 14 février.,
Premier Quartier,2016-02-15,,Astronomie|Lunaire,La moitié droite de la Lune est éclairée. Mi-chemin entre la Nouvelle Lune et la Pleine Lune.,
Pleine Lune,2016-02-22,,Astronomie|Lunaire,La face de la Lune est entièrement éclairée par le Soleil.,
Salon de l'Agriculture — Ouverture,2016-02-27,,Gastronomie|Agriculture|Culture,Le Salon International de l'Agriculture se tient chaque fin février à Paris.,
Jour supplémentaire (année bissextile),2016-02-29,,Dates spéciales,"Une année solaire dure 365,2422 jours. 2016 est l'une des années rares à 366 jours.",
Dernier Quartier,2016-03-02,,Astronomie|Lunaire,Phase lunaire : Dernier Quartier.,
Fête des Grands-Mères,2016-03-06,,Fêtes|Culture,Créée en 1987 par la marque de café Grand'Mère.,
Journée internationale des femmes,2016-03-08,,Société,Issue des luttes ouvrières du début du XXe siècle en Europe et aux États-Unis.,
Nouvelle Lune,2016-03-09,,Astronomie|Lunaire,La face de la Lune tournée vers la Terre n'est pas éclairée — elle est invisible dans le ciel.,
Premier Quartier,2016-03-15,,Astronomie|Lunaire,La moitié droite de la Lune est éclairée. Mi-chemin entre la Nouvelle Lune et la Pleine Lune.,
Saint-Patrick,2016-03-17,,Culture|Fêtes,"Fête nationale irlandaise le 17 mars, commémorant la mort de saint Patrick (461).",
Dimanche des Rameaux,2016-03-20,,Christianisme,Ouvre la Semaine Sainte en rappelant l'entrée triomphale de Jésus à Jérusalem.,
Début du Printemps — Équinoxe de printemps,2016-03-20,,Saisons|Astronomie,L'équinoxe de printemps marque le début astronomique du printemps.,
Journée nationale de lutte contre les discriminations,2016-03-21,,Société,Créée par l'ONU en 1966 en mémoire du massacre de Sharpeville.,
Journée mondiale de l'eau,2016-03-22,,Environnement|Société,Proclamée par l'ONU en 1993.,
Pleine Lune,2016-03-23,,Astronomie|Lunaire,La face de la Lune est entièrement éclairée par le Soleil.,
Vendredi Saint,2016-03-25,,Jours fériés|Christianisme,"Commémore la crucifixion du Christ. Jour férié uniquement en Alsace-Moselle (départements 57, 67, 68) en vertu du régime concordataire.",AM
Vendredi Saint,2016-03-25,,Christianisme,Commémore la crucifixion du Christ. Non férié en France depuis la loi de 1905 — sauf en Alsace-Moselle.,
Passage à l'heure d'été,2016-03-27,,Changement d'heure,"Dans la nuit du samedi au dimanche, les montres avancent d'une heure (2h → 3h).",
Pâques,2016-03-27,,Christianisme,Fête chrétienne célébrant la résurrection du Christ. Sa date varie chaque année car elle suit le calendrier lunaire.,
Lundi de Pâques,2016-03-28,,Jours fériés|Christianisme,"Jour férié qui prolonge le dimanche de Pâques. La tradition des œufs vient du Carême : l'Église interdisait d'en manger pendant 40 jours, on offrait donc à Pâques ceux accumulés.",
Dernier Quartier,2016-03-31,,Astronomie|Lunaire,Phase lunaire : Dernier Quartier.,
Poisson d'avril,2016-04-01,,Culture,Journée des farces et des canulars.,
Journée mondiale de la Santé,2016-04-07,,Santé,Commémore la fondation de l'OMS le 7 avril 1948.,
Nouvelle Lune,2016-04-07,,Astronomie|Lunaire,La face de la Lune tournée vers la Terre n'est pas éclairée — elle est invisible dans le ciel.,
Premier Quartier,2016-04-14,,Astronomie|Lunaire,La moitié droite de la Lune est éclairée. Mi-chemin entre la Nouvelle Lune et la Pleine Lune.,
Jour de la Terre,2016-04-22,,Environnement|Société,Né le 22 avril 1970 après une marée noire en Californie.,
Pleine Lune,2016-04-22,,Astronomie|Lunaire,La face de la Lune est entièrement éclairée par le Soleil.,
Dernier Quartier,2016-04-30,,Astronomie|Lunaire,Phase lunaire : Dernier Quartier.,
Fête du Travail,2016-05-01,,Jours fériés|Société,"Commémore la grève de Chicago du 1er mai 1886 pour les 8 heures de travail, réprimée dans le sang. Férié et chômé en France depuis 1947. La tradition d'offrir du muguet vient d'une coutume de Charles IX datant de 1561.",
Ascension,2016-05-05,,Jours fériés|Christianisme,"Fête chrétienne commémorant la montée du Christ au ciel, 40 jours après Pâques. Toujours un jeudi, ce qui en fait naturellement un pont avec le vendredi.",
Nouvelle Lune,2016-05-06,,Astronomie|Lunaire,La face de la Lune tournée vers la Terre n'est pas éclairée — elle est invisible dans le ciel.,
Pont possible — Ascension,2016-05-06,,Ponts / Congés,Ascension tombe un jeudi le 05/05/2016. Le vendredi 06/05/2016 est un pont potentiel — vérifiez auprès de votre employeur.,
Fête de la Victoire 1945,2016-05-08,,Jours fériés,"Le 8 mai 1945, l'Allemagne nazie signe sa capitulation sans condition, mettant fin à la guerre en Europe. Férié depuis 1953, supprimé par Giscard en 1975, puis rétabli par Mitterrand en 1981.",
Abolition de l'esclavage en France — Commémoration,2016-05-10,,Mémoire|Société,Journée nationale instaurée par la loi Taubira de 2001.,
Premier Quartier,2016-05-13,,Astronomie|Lunaire,La moitié droite de la Lune est éclairée. Mi-chemin entre la Nouvelle Lune et la Pleine Lune.,
Festival de Cannes — Ouverture,2016-05-14,,Culture|Cinéma,"Le Festival International du Film de Cannes, créé en 1946.",
Pentecôte,2016-05-15,,Christianisme,"Célèbre la descente de l'Esprit Saint sur les apôtres, 50 jours après Pâques.",
Lundi de Pentecôte,2016-05-16,,Jours fériés|Christianisme,"Jour férié désigné depuis 2004 Journée de solidarité envers les personnes âgées. Les salariés travaillent ce jour sans rémunération supplémentaire, finançant ainsi la prise en charge de la dépendance — instauré après la canicule de 2003 qui fit 15 000 morts en France.",
Nuit des Musées,2016-05-21,,Culture,Créée en France en 2005 et étendue à toute l'Europe.,
Pleine Lune,2016-05-21,,Astronomie|Lunaire,La face de la Lune est entièrement éclairée par le Soleil.,
Journée mondiale de la biodiversité,2016-05-22,,Environnement,Commémore l'adoption de la Convention sur la Diversité Biologique à Rio.,
Fête des Voisins,2016-05-27,,Société,Créée en 2000 pour lutter contre l'isolement urbain.,
Journée nationale de la Résistance,2016-05-27,,Mémoire|Société,"Le 27 mai 1943, Jean Moulin préside la première réunion secrète du CNR.",
Dernier Quartier,2016-05-29,,Astronomie|Lunaire,Phase lunaire : Dernier Quartier.,
Fête des Mères,2016-05-29,,Fêtes|Culture,"Célébrée le dernier dimanche de mai, sauf si c'est la Pentecôte.",
Journée mondiale sans tabac,2016-05-31,,Santé,Lancée par l'OMS en 1987.,
Nouvelle Lune,2016-06-05,,Astronomie|Lunaire,La face de la Lune tournée vers la Terre n'est pas éclairée — elle est invisible dans le ciel.,
Débarquement en Normandie — Commémoration du Jour J,2016-06-06,,Mémoire|Dates spéciales,"Le 6 juin 1944, 156 000 soldats alliés débarquent sur les plages de Normandie.",
Journée mondiale de l'océan,2016-06-08,,Environnement,Proposée lors du Sommet de la Terre de Rio en 1992.,
Premier Quartier,2016-06-12,,Astronomie|Lunaire,La moitié droite de la Lune est éclairée. Mi-chemin entre la Nouvelle Lune et la Pleine Lune.,
Appel du 18 juin 1940 — Anniversaire,2016-06-18,,Mémoire|Dates spéciales,"Le 18 juin 1940, de Gaulle lance depuis Londres un appel à la Résistance sur la BBC.",
Fête des Pères,2016-06-19,,Fêtes|Culture,"Née aux États-Unis en 1910, introduite en France dans les années 1950.",
Début de l'Été — Solstice d'été,2016-06-20,,Saisons|Astronomie,Le solstice d'été est le jour le plus long de l'année.,
Jour le plus long de l'année,2016-06-20,,Saisons|Astronomie,Le 20 June est le jour le plus long de l'année 2016.,
Pleine Lune,2016-06-20,,Astronomie|Lunaire,La face de la Lune est entièrement éclairée par le Soleil.,
Fête de la Musique,2016-06-21,,Culture|Fêtes,Créée en 1982 par le ministre Jack Lang.,
Fête du Cinéma,2016-06-26,,Culture|Cinéma,"Créée en 1985, elle propose chaque fin juin des places à tarif réduit.",
Dernier Quartier,2016-06-27,,Astronomie|Lunaire,Phase lunaire : Dernier Quartier.,
Milieu de l'année,2016-07-01,,Dates spéciales,Ce jour marque le point médian exact de l'année 2016.,
Nouvelle Lune,2016-07-04,,Astronomie|Lunaire,La face de la Lune tournée vers la Terre n'est pas éclairée — elle est invisible dans le ciel.,
Festival d'Avignon — Ouverture,2016-07-05,,Culture|Théâtre,Créé par Jean Vilar en 1947 dans la cour du Palais des Papes.,
Commémoration de la Rafle du Vél d'Hiv,2016-07-10,,Mémoire|Société,"Les 16-17 juillet 1942, la police française arrêta 13 152 Juifs à Paris.",
Premier Quartier,2016-07-12,,Astronomie|Lunaire,La moitié droite de la Lune est éclairée. Mi-chemin entre la Nouvelle Lune et la Pleine Lune.,
Fête Nationale,2016-07-14,,Jours fériés|Société|Dates spéciales,Commémore la prise de la Bastille le 14 juillet 1789.,
Fête nationale,2016-07-14,,Jours fériés,"Commémore la prise de la Bastille le 14 juillet 1789, symbole de la Révolution française. Jour férié depuis 1880. Défilé militaire sur les Champs-Élysées, bals des pompiers et feux d'artifice dans toute la France.",
Pont possible — Fête nationale,2016-07-15,,Ponts / Congés,Fête nationale tombe un jeudi le 14/07/2016. Le vendredi 15/07/2016 est un pont potentiel — vérifiez auprès de votre employeur.,
Pleine Lune,2016-07-20,,Astronomie|Lunaire,La face de la Lune est entièrement éclairée par le Soleil.,
Dernier Quartier,2016-07-27,,Astronomie|Lunaire,Phase lunaire : Dernier Quartier.,
Nouvelle Lune,2016-08-02,,Astronomie|Lunaire,La face de la Lune tournée vers la Terre n'est pas éclairée — elle est invisible dans le ciel.,
Nuit des Étoiles,2016-08-06,,Astronomie|Éducation|Culture,Organisée chaque premier week-end d'août par l'Association Française d'Astronomie depuis 1991.,
Premier Quartier,2016-08-10,,Astronomie|Lunaire,La moitié droite de la Lune est éclairée. Mi-chemin entre la Nouvelle Lune et la Pleine Lune.,
Assomption,2016-08-15,,Jours fériés,"Célèbre l'élévation de la Vierge Marie au ciel. Fête chrétienne ancienne, jour férié en France depuis le Concordat de 1802. Elle tombe en plein cœur de l'été, au milieu des grandes vacances.",
Assomption de Marie,2016-08-15,,Christianisme|Jours fériés,Célèbre l'élévation de la Vierge Marie au ciel.,
Pleine Lune,2016-08-18,,Astronomie|Lunaire,La face de la Lune est entièrement éclairée par le Soleil.,
Dernier Quartier,2016-08-25,,Astronomie|Lunaire,Phase lunaire : Dernier Quartier.,
Nouvelle Lune,2016-09-01,,Astronomie|Lunaire,La face de la Lune tournée vers la Terre n'est pas éclairée — elle est invisible dans le ciel.,
Rentrée des classes,2016-09-02,,Éducation|Société,La rentrée de septembre mobilise 12 millions d'élèves et 870 000 enseignants en France.,
Braderie de Lille,2016-09-03,,Culture|Commerce,"Plus grande braderie d'Europe, organisée le premier week-end de septembre à Lille.",
Premier Quartier,2016-09-09,,Astronomie|Lunaire,La moitié droite de la Lune est éclairée. Mi-chemin entre la Nouvelle Lune et la Pleine Lune.,
Pleine Lune,2016-09-16,,Astronomie|Lunaire,La face de la Lune est entièrement éclairée par le Soleil.,
Journées du Patrimoine,2016-09-17,,Culture|Société,"Créées en France en 1984 par Jack Lang, étendues à toute l'Europe en 1991.",
Début de l'Automne — Équinoxe d'automne,2016-09-22,,Saisons|Astronomie,L'équinoxe d'automne marque le début de l'automne.,
Journée mondiale sans voiture,2016-09-22,,Environnement|Société,Lancée en France en 1998 par La Rochelle.,
Dernier Quartier,2016-09-23,,Astronomie|Lunaire,Phase lunaire : Dernier Quartier.,
Journée mondiale du cacao et du chocolat,2016-10-01,,Gastronomie|Culture,Célébrée le 1er octobre et associée à l'Organisation internationale du cacao (ICCO).,
Lancement d'Octobre Rose,2016-10-01,,Santé,Tout octobre est dédié à la sensibilisation au cancer du sein.,
Nouvelle Lune,2016-10-01,,Astronomie|Lunaire,La face de la Lune tournée vers la Terre n'est pas éclairée — elle est invisible dans le ciel.,
Nuit Blanche,2016-10-01,,Culture,Initiée à Paris en 2002 par le maire Bertrand Delanoë.,
Fête des Grands-Pères,2016-10-02,,Fêtes|Culture,"Créée en 2008, elle a lieu chaque premier dimanche d'octobre.",
Premier Quartier,2016-10-09,,Astronomie|Lunaire,La moitié droite de la Lune est éclairée. Mi-chemin entre la Nouvelle Lune et la Pleine Lune.,
Journée mondiale de la santé mentale,2016-10-10,,Santé|Société,Créée par la Fédération Mondiale pour la Santé Mentale en 1992.,
Semaine du Goût,2016-10-10,,Gastronomie|Culture,Créée en 1990 par le chef Joël Robuchon.,
Journée mondiale de l'alimentation,2016-10-16,,Gastronomie|Société|Santé,Commémore la fondation de la FAO le 16 octobre 1945.,
Pleine Lune,2016-10-16,,Astronomie|Lunaire,La face de la Lune est entièrement éclairée par le Soleil.,
Dernier Quartier,2016-10-22,,Astronomie|Lunaire,Phase lunaire : Dernier Quartier.,
Nouvelle Lune,2016-10-30,,Astronomie|Lunaire,La face de la Lune tournée vers la Terre n'est pas éclairée — elle est invisible dans le ciel.,
Passage à l'heure d'hiver,2016-10-30,,Changement d'heure,"Dans la nuit du samedi au dimanche, les montres reculent d'une heure (3h → 2h).",
Halloween,2016-10-31,,Culture|Fêtes,Fête d'origine celtique (la nuit de Samain) christianisée puis popularisée par la diaspora irlandaise.,
Pont possible — Toussaint,2016-10-31,,Ponts / Congés,Toussaint tombe un mardi le 01/11/2016. Le lundi 31/10/2016 est un pont potentiel — vérifiez auprès de votre employeur.,
Lancement du Mois sans Tabac,2016-11-01,,Santé,Lancé en France en 2016 par Santé Publique France.,
Toussaint,2016-11-01,,Jours fériés|Christianisme,"Fête de tous les saints, instituée par le pape Grégoire IV en 835. En France, la tradition de fleurir les tombes avec des chrysanthèmes s'est greffée dessus — ces fleurs sont désormais intimement liées à ce jour.",
Journée nationale de l'arbre,2016-11-03,,Environnement,Célébrée chaque premier jeudi de novembre.,
Premier Quartier,2016-11-07,,Astronomie|Lunaire,La moitié droite de la Lune est éclairée. Mi-chemin entre la Nouvelle Lune et la Pleine Lune.,
Armistice 1918,2016-11-11,,Jours fériés,"Le 11 novembre 1918 à 11h, l'armistice met fin à la Première Guerre mondiale après quatre ans de combats. Jour férié depuis 1922. Chaque commune française a son monument aux morts — 36 000 érigés entre 1920 et 1925.",
Armistice de 1918 — Journée du Souvenir,2016-11-11,,Jours fériés|Mémoire|Dates spéciales,"Le 11 novembre 1918 à 11h, l'armistice met fin à la Première Guerre mondiale.",
Pleine Lune,2016-11-14,,Astronomie|Lunaire,La face de la Lune est entièrement éclairée par le Soleil.,
Beaujolais Nouveau,2016-11-17,,Gastronomie|Culture|Commercial,"Chaque troisième jeudi de novembre, le Beaujolais Nouveau est mis en vente.",
Journée internationale des droits de l'enfant,2016-11-20,,Société,Commémore l'adoption de la Convention des Nations Unies relative aux droits de l'enfant.,
Dernier Quartier,2016-11-21,,Astronomie|Lunaire,Phase lunaire : Dernier Quartier.,
Nouvelle Lune,2016-11-29,,Astronomie|Lunaire,La face de la Lune tournée vers la Terre n'est pas éclairée — elle est invisible dans le ciel.,
Fête de la Bretagne,2016-11-30,,Culture|Société,Célébrée le 30 novembre (Saint-André) depuis les années 1990.,
Journée mondiale des personnes handicapées,2016-12-03,,Société,Instaurée par l'ONU en 1992.,
Journée mondiale du Bénévolat,2016-12-05,,Société,Créée par l'ONU en 1985.,
Saint-Nicolas,2016-12-06,,Christianisme|Culture|Fêtes,"Fête de Nicolas de Myre, évêque du IVe siècle devenu patron des enfants.",
Premier Quartier,2016-12-07,,Astronomie|Lunaire,La moitié droite de la Lune est éclairée. Mi-chemin entre la Nouvelle Lune et la Pleine Lune.,
Journée de la Laïcité,2016-12-09,,Société|Dates spéciales,Commémore la loi du 9 décembre 1905 séparant les Églises de l'État.,
Pleine Lune,2016-12-14,,Astronomie|Lunaire,La face de la Lune est entièrement éclairée par le Soleil.,
Dernier Quartier,2016-12-21,,Astronomie|Lunaire,Phase lunaire : Dernier Quartier.,
Début de l'Hiver — Solstice d'hiver,2016-12-21,,Saisons|Astronomie,Le solstice d'hiver est le jour le plus court de l'année.,
Jour le plus court de l'année,2016-12-21,,Saisons|Astronomie,Le 21 December est le jour le plus court de l'année 2016.,
Noël,2016-12-25,,Jours fériés|Christianisme|Fêtes,"Célèbre la naissance du Christ. La date du 25 décembre a été fixée au IVe siècle sur une fête solaire romaine préexistante. Le sapin, la bûche et les cadeaux sont des traditions popularisées bien plus tard, au XIXe siècle.",
Saint-Étienne,2016-12-26,,Jours fériés|Christianisme,"Le 26 décembre est férié uniquement en Alsace-Moselle (depts 57, 67, 68). Fête de saint Étienne, premier martyr chrétien.",AM
Nouvelle Lune,2016-12-29,,Astronomie|Lunaire,La face de la Lune tournée vers la Terre n'est pas éclairée — elle est invisible dans le ciel.,
Dernier jour de l'année,2016-12-31,,Dates spéciales,Clôture de l'année civile 2016.,
Saint-Sylvestre / Réveillon du Nouvel An,2016-12-31,,Fêtes|Culture,"Dernier jour de l'année, nommé d'après le pape Sylvestre Ier mort ce jour en 335.",
Jour de l'an,2017-01-01,,Jours fériés,Premier jour de l'année civile grégorienne. La tradition des vœux existe depuis l'Antiquité romaine. Le gui porte-bonheur vient d'une coutume druidique bien antérieure au christianisme.,
Premier Quartier,2017-01-05,,Astronomie|Lunaire,La moitié droite de la Lune est éclairée. Mi-chemin entre la Nouvelle Lune et la Pleine Lune.,
Épiphanie,2017-01-06,,Christianisme|Culture|Gastronomie,"Célèbre la visite des Rois Mages à Jésus, 12 jours après Noël.",
Pleine Lune,2017-01-12,,Astronomie|Lunaire,La face de la Lune est entièrement éclairée par le Soleil.,
Dernier Quartier,2017-01-19,,Astronomie|Lunaire,Phase lunaire : Dernier Quartier.,
Journée internationale de l'Éducation,2017-01-24,,Éducation|Société,Proclamée par l'ONU en 2019.,
Journée nationale de la Mémoire de la Shoah,2017-01-27,,Mémoire|Société,Commémore la libération du camp d'Auschwitz le 27 janvier 1945.,
Nouvelle Lune,2017-01-28,,Astronomie|Lunaire,La face de la Lune tournée vers la Terre n'est pas éclairée — elle est invisible dans le ciel.,
Chandeleur,2017-02-02,,Culture|Christianisme|Gastronomie,"Fête de la Présentation de Jésus au Temple, 40 jours après Noël.",
Journée mondiale des zones humides,2017-02-02,,Environnement,Commémore la Convention de Ramsar signée le 2 février 1971.,
Journée mondiale contre le cancer,2017-02-04,,Santé,Initiée par l'Union Internationale Contre le Cancer depuis 2000.,
Premier Quartier,2017-02-04,,Astronomie|Lunaire,La moitié droite de la Lune est éclairée. Mi-chemin entre la Nouvelle Lune et la Pleine Lune.,
Pleine Lune,2017-02-11,,Astronomie|Lunaire,La face de la Lune est entièrement éclairée par le Soleil.,
Saint-Valentin,2017-02-14,,Fêtes|Culture,Fête des amoureux le 14 février.,
Dernier Quartier,2017-02-18,,Astronomie|Lunaire,Phase lunaire : Dernier Quartier.,
Salon de l'Agriculture — Ouverture,2017-02-25,,Gastronomie|Agriculture|Culture,Le Salon International de l'Agriculture se tient chaque fin février à Paris.,
Nouvelle Lune,2017-02-26,,Astronomie|Lunaire,La face de la Lune tournée vers la Terre n'est pas éclairée — elle est invisible dans le ciel.,
Mardi Gras,2017-02-28,,Christianisme|Culture|Fêtes,"Dernier jour avant le Carême, où la tradition voulait qu'on fasse bombance avant l'abstinence.",
Début du Carême,2017-03-01,,Christianisme,"Le Carême commence le Mercredi des Cendres, 46 jours avant Pâques.",
Fête des Grands-Mères,2017-03-05,,Fêtes|Culture,Créée en 1987 par la marque de café Grand'Mère.,
Premier Quartier,2017-03-05,,Astronomie|Lunaire,La moitié droite de la Lune est éclairée. Mi-chemin entre la Nouvelle Lune et la Pleine Lune.,
Journée internationale des femmes,2017-03-08,,Société,Issue des luttes ouvrières du début du XXe siècle en Europe et aux États-Unis.,
Pleine Lune,2017-03-12,,Astronomie|Lunaire,La face de la Lune est entièrement éclairée par le Soleil.,
Saint-Patrick,2017-03-17,,Culture|Fêtes,"Fête nationale irlandaise le 17 mars, commémorant la mort de saint Patrick (461).",
Dernier Quartier,2017-03-20,,Astronomie|Lunaire,Phase lunaire : Dernier Quartier.,
Début du Printemps — Équinoxe de printemps,2017-03-20,,Saisons|Astronomie,L'équinoxe de printemps marque le début astronomique du printemps.,
Journée nationale de lutte contre les discriminations,2017-03-21,,Société,Créée par l'ONU en 1966 en mémoire du massacre de Sharpeville.,
Journée mondiale de l'eau,2017-03-22,,Environnement|Société,Proclamée par l'ONU en 1993.,
Passage à l'heure d'été,2017-03-26,,Changement d'heure,"Dans la nuit du samedi au dimanche, les montres avancent d'une heure (2h → 3h).",
Nouvelle Lune,2017-03-28,,Astronomie|Lunaire,La face de la Lune tournée vers la Terre n'est pas éclairée — elle est invisible dans le ciel.,
Poisson d'avril,2017-04-01,,Culture,Journée des farces et des canulars.,
Premier Quartier,2017-04-03,,Astronomie|Lunaire,La moitié droite de la Lune est éclairée. Mi-chemin entre la Nouvelle Lune et la Pleine Lune.,
Journée mondiale de la Santé,2017-04-07,,Santé,Commémore la fondation de l'OMS le 7 avril 1948.,
Dimanche des Rameaux,2017-04-09,,Christianisme,Ouvre la Semaine Sainte en rappelant l'entrée triomphale de Jésus à Jérusalem.,
Pleine Lune,2017-04-11,,Astronomie|Lunaire,La face de la Lune est entièrement éclairée par le Soleil.,
Vendredi Saint,2017-04-14,,Jours fériés|Christianisme,"Commémore la crucifixion du Christ. Jour férié uniquement en Alsace-Moselle (départements 57, 67, 68) en vertu du régime concordataire.",AM
Vendredi Saint,2017-04-14,,Christianisme,Commémore la crucifixion du Christ. Non férié en France depuis la loi de 1905 — sauf en Alsace-Moselle.,
Pâques,2017-04-16,,Christianisme,Fête chrétienne célébrant la résurrection du Christ. Sa date varie chaque année car elle suit le calendrier lunaire.,
Lundi de Pâques,2017-04-17,,Jours fériés|Christianisme,"Jour férié qui prolonge le dimanche de Pâques. La tradition des œufs vient du Carême : l'Église interdisait d'en manger pendant 40 jours, on offrait donc à Pâques ceux accumulés.",
Dernier Quartier,2017-04-19,,Astronomie|Lunaire,Phase lunaire : Dernier Quartier.,
Jour de la Terre,2017-04-22,,Environnement|Société,Né le 22 avril 1970 après une marée noire en Californie.,
Nouvelle Lune,2017-04-26,,Astronomie|Lunaire,La face de la Lune tournée vers la Terre n'est pas éclairée — elle est invisible dans le ciel.,
Fête du Travail,2017-05-01,,Jours fériés|Société,"Commémore la grève de Chicago du 1er mai 1886 pour les 8 heures de travail, réprimée dans le sang. Férié et chômé en France depuis 1947. La tradition d'offrir du muguet vient d'une coutume de Charles IX datant de 1561.",
Premier Quartier,2017-05-03,,Astronomie|Lunaire,La moitié droite de la Lune est éclairée. Mi-chemin entre la Nouvelle Lune et la Pleine Lune.,
Fête de la Victoire 1945,2017-05-08,,Jours fériés,"Le 8 mai 1945, l'Allemagne nazie signe sa capitulation sans condition, mettant fin à la guerre en Europe. Férié depuis 1953, supprimé par Giscard en 1975, puis rétabli par Mitterrand en 1981.",
Abolition de l'esclavage en France — Commémoration,2017-05-10,,Mémoire|Société,Journée nationale instaurée par la loi Taubira de 2001.,
Pleine Lune,2017-05-10,,Astronomie|Lunaire,La face de la Lune est entièrement éclairée par le Soleil.,
Festival de Cannes — Ouverture,2017-05-14,,Culture|Cinéma,"Le Festival International du Film de Cannes, créé en 1946.",
Dernier Quartier,2017-05-19,,Astronomie|Lunaire,Phase lunaire : Dernier Quartier.,
Nuit des Musées,2017-05-20,,Culture,Créée en France en 2005 et étendue à toute l'Europe.,
Journée mondiale de la biodiversité,2017-05-22,,Environnement,Commémore l'adoption de la Convention sur la Diversité Biologique à Rio.,
Ascension,2017-05-25,,Jours fériés|Christianisme,"Fête chrétienne commémorant la montée du Christ au ciel, 40 jours après Pâques. Toujours un jeudi, ce qui en fait naturellement un pont avec le vendredi.",
Nouvelle Lune,2017-05-25,,Astronomie|Lunaire,La face de la Lune tournée vers la Terre n'est pas éclairée — elle est invisible dans le ciel.,
Fête des Voisins,2017-05-26,,Société,Créée en 2000 pour lutter contre l'isolement urbain.,
Pont possible — Ascension,2017-05-26,,Ponts / Congés,Ascension tombe un jeudi le 25/05/2017. Le vendredi 26/05/2017 est un pont potentiel — vérifiez auprès de votre employeur.,
Journée nationale de la Résistance,2017-05-27,,Mémoire|Société,"Le 27 mai 1943, Jean Moulin préside la première réunion secrète du CNR.",
Fête des Mères,2017-05-28,,Fêtes|Culture,"Célébrée le dernier dimanche de mai, sauf si c'est la Pentecôte.",
Journée mondiale sans tabac,2017-05-31,,Santé,Lancée par l'OMS en 1987.,
Premier Quartier,2017-06-01,,Astronomie|Lunaire,La moitié droite de la Lune est éclairée. Mi-chemin entre la Nouvelle Lune et la Pleine Lune.,
Pentecôte,2017-06-04,,Christianisme,"Célèbre la descente de l'Esprit Saint sur les apôtres, 50 jours après Pâques.",
Lundi de Pentecôte,2017-06-05,,Jours fériés|Christianisme,"Jour férié désigné depuis 2004 Journée de solidarité envers les personnes âgées. Les salariés travaillent ce jour sans rémunération supplémentaire, finançant ainsi la prise en charge de la dépendance — instauré après la canicule de 2003 qui fit 15 000 morts en France.",
Débarquement en Normandie — Commémoration du Jour J,2017-06-06,,Mémoire|Dates spéciales,"Le 6 juin 1944, 156 000 soldats alliés débarquent sur les plages de Normandie.",
Journée mondiale de l'océan,2017-06-08,,Environnement,Proposée lors du Sommet de la Terre de Rio en 1992.,
Pleine Lune,2017-06-09,,Astronomie|Lunaire,La face de la Lune est entièrement éclairée par le Soleil.,
Dernier Quartier,2017-06-17,,Astronomie|Lunaire,Phase lunaire : Dernier Quartier.,
Appel du 18 juin 1940 — Anniversaire,2017-06-18,,Mémoire|Dates spéciales,"Le 18 juin 1940, de Gaulle lance depuis Londres un appel à la Résistance sur la BBC.",
Fête des Pères,2017-06-18,,Fêtes|Culture,"Née aux États-Unis en 1910, introduite en France dans les années 1950.",
Début de l'Été — Solstice d'été,2017-06-21,,Saisons|Astronomie,Le solstice d'été est le jour le plus long de l'année.,
Fête de la Musique,2017-06-21,,Culture|Fêtes,Créée en 1982 par le ministre Jack Lang.,
Jour le plus long de l'année,2017-06-21,,Saisons|Astronomie,Le 21 June est le jour le plus long de l'année 2017.,
Nouvelle Lune,2017-06-24,,Astronomie|Lunaire,La face de la Lune tournée vers la Terre n'est pas éclairée — elle est invisible dans le ciel.,
Fête du Cinéma,2017-06-25,,Culture|Cinéma,"Créée en 1985, elle propose chaque fin juin des places à tarif réduit.",
Premier Quartier,2017-07-01,,Astronomie|Lunaire,La moitié droite de la Lune est éclairée. Mi-chemin entre la Nouvelle Lune et la Pleine Lune.,
Milieu de l'année,2017-07-02,,Dates spéciales,Ce jour marque le point médian exact de l'année 2017.,
Festival d'Avignon — Ouverture,2017-07-05,,Culture|Théâtre,Créé par Jean Vilar en 1947 dans la cour du Palais des Papes.,
Commémoration de la Rafle du Vél d'Hiv,2017-07-09,,Mémoire|Société,"Les 16-17 juillet 1942, la police française arrêta 13 152 Juifs à Paris.",
Pleine Lune,2017-07-09,,Astronomie|Lunaire,La face de la Lune est entièrement éclairée par le Soleil.,
Fête Nationale,2017-07-14,,Jours fériés|Société|Dates spéciales,Commémore la prise de la Bastille le 14 juillet 1789.,
Fête nationale,2017-07-14,,Jours fériés,"Commémore la prise de la Bastille le 14 juillet 1789, symbole de la Révolution française. Jour férié depuis 1880. Défilé militaire sur les Champs-Élysées, bals des pompiers et feux d'artifice dans toute la France.",
Dernier Quartier,2017-07-16,,Astronomie|Lunaire,Phase lunaire : Dernier Quartier.,
Nouvelle Lune,2017-07-23,,Astronomie|Lunaire,La face de la Lune tournée vers la Terre n'est pas éclairée — elle est invisible dans le ciel.,
Premier Quartier,2017-07-30,,Astronomie|Lunaire,La moitié droite de la Lune est éclairée. Mi-chemin entre la Nouvelle Lune et la Pleine Lune.,
Nuit des Étoiles,2017-08-05,,Astronomie|Éducation|Culture,Organisée chaque premier week-end d'août par l'Association Française d'Astronomie depuis 1991.,
Pleine Lune,2017-08-07,,Astronomie|Lunaire,La face de la Lune est entièrement éclairée par le Soleil.,
Pont possible — Assomption,2017-08-14,,Ponts / Congés,Assomption tombe un mardi le 15/08/2017. Le lundi 14/08/2017 est un pont potentiel — vérifiez auprès de votre employeur.,
Assomption,2017-08-15,,Jours fériés,"Célèbre l'élévation de la Vierge Marie au ciel. Fête chrétienne ancienne, jour férié en France depuis le Concordat de 1802. Elle tombe en plein cœur de l'été, au milieu des grandes vacances.",
Assomption de Marie,2017-08-15,,Christianisme|Jours fériés,Célèbre l'élévation de la Vierge Marie au ciel.,
Dernier Quartier,2017-08-15,,Astronomie|Lunaire,Phase lunaire : Dernier Quartier.,
Nouvelle Lune,2017-08-21,,Astronomie|Lunaire,La face de la Lune tournée vers la Terre n'est pas éclairée — elle est invisible dans le ciel.,
Premier Quartier,2017-08-29,,Astronomie|Lunaire,La moitié droite de la Lune est éclairée. Mi-chemin entre la Nouvelle Lune et la Pleine Lune.,
Braderie de Lille,2017-09-02,,Culture|Commerce,"Plus grande braderie d'Europe, organisée le premier week-end de septembre à Lille.",
Rentrée des classes,2017-09-02,,Éducation|Société,La rentrée de septembre mobilise 12 millions d'élèves et 870 000 enseignants en France.,
Pleine Lune,2017-09-06,,Astronomie|Lunaire,La face de la Lune est entièrement éclairée par le Soleil.,
Dernier Quartier,2017-09-13,,Astronomie|Lunaire,Phase lunaire : Dernier Quartier.,
Journées du Patrimoine,2017-09-16,,Culture|Société,"Créées en France en 1984 par Jack Lang, étendues à toute l'Europe en 1991.",
Nouvelle Lune,2017-09-20,,Astronomie|Lunaire,La face de la Lune tournée vers la Terre n'est pas éclairée — elle est invisible dans le ciel.,
Début de l'Automne — Équinoxe d'automne,2017-09-22,,Saisons|Astronomie,L'équinoxe d'automne marque le début de l'automne.,
Journée mondiale sans voiture,2017-09-22,,Environnement|Société,Lancée en France en 1998 par La Rochelle.,
Premier Quartier,2017-09-28,,Astronomie|Lunaire,La moitié droite de la Lune est éclairée. Mi-chemin entre la Nouvelle Lune et la Pleine Lune.,
Fête des Grands-Pères,2017-10-01,,Fêtes|Culture,"Créée en 2008, elle a lieu chaque premier dimanche d'octobre.",
Journée mondiale du cacao et du chocolat,2017-10-01,,Gastronomie|Culture,Célébrée le 1er octobre et associée à l'Organisation internationale du cacao (ICCO).,
Lancement d'Octobre Rose,2017-10-01,,Santé,Tout octobre est dédié à la sensibilisation au cancer du sein.,
Pleine Lune,2017-10-05,,Astronomie|Lunaire,La face de la Lune est entièrement éclairée par le Soleil.,
Nuit Blanche,2017-10-07,,Culture,Initiée à Paris en 2002 par le maire Bertrand Delanoë.,
Semaine du Goût,2017-10-09,,Gastronomie|Culture,Créée en 1990 par le chef Joël Robuchon.,
Journée mondiale de la santé mentale,2017-10-10,,Santé|Société,Créée par la Fédération Mondiale pour la Santé Mentale en 1992.,
Dernier Quartier,2017-10-12,,Astronomie|Lunaire,Phase lunaire : Dernier Quartier.,
Journée mondiale de l'alimentation,2017-10-16,,Gastronomie|Société|Santé,Commémore la fondation de la FAO le 16 octobre 1945.,
Nouvelle Lune,2017-10-19,,Astronomie|Lunaire,La face de la Lune tournée vers la Terre n'est pas éclairée — elle est invisible dans le ciel.,
"Vacances de la Toussaint - Zones A, B et C",2017-10-21,2017-11-05,Vacances scolaires,"Vacances de la Toussaint pour toutes les zones (A, B et C). Durée : 16 jours, du 21/10/2017 au 05/11/2017.",A|B|C
Premier Quartier,2017-10-28,,Astronomie|Lunaire,La moitié droite de la Lune est éclairée. Mi-chemin entre la Nouvelle Lune et la Pleine Lune.,
Passage à l'heure d'hiver,2017-10-29,,Changement d'heure,"Dans la nuit du samedi au dimanche, les montres reculent d'une heure (3h → 2h).",
Halloween,2017-10-31,,Culture|Fêtes,Fête d'origine celtique (la nuit de Samain) christianisée puis popularisée par la diaspora irlandaise.,
Lancement du Mois sans Tabac,2017-11-01,,Santé,Lancé en France en 2016 par Santé Publique France.,
Toussaint,2017-11-01,,Jours fériés|Christianisme,"Fête de tous les saints, instituée par le pape Grégoire IV en 835. En France, la tradition de fleurir les tombes avec des chrysanthèmes s'est greffée dessus — ces fleurs sont désormais intimement liées à ce jour.",
Journée nationale de l'arbre,2017-11-02,,Environnement,Célébrée chaque premier jeudi de novembre.,
Pleine Lune,2017-11-04,,Astronomie|Lunaire,La face de la Lune est entièrement éclairée par le Soleil.,
Dernier Quartier,2017-11-10,,Astronomie|Lunaire,Phase lunaire : Dernier Quartier.,
Armistice 1918,2017-11-11,,Jours fériés,"Le 11 novembre 1918 à 11h, l'armistice met fin à la Première Guerre mondiale après quatre ans de combats. Jour férié depuis 1922. Chaque commune française a son monument aux morts — 36 000 érigés entre 1920 et 1925.",
Armistice de 1918 — Journée du Souvenir,2017-11-11,,Jours fériés|Mémoire|Dates spéciales,"Le 11 novembre 1918 à 11h, l'armistice met fin à la Première Guerre mondiale.",
Beaujolais Nouveau,2017-11-16,,Gastronomie|Culture|Commercial,"Chaque troisième jeudi de novembre, le Beaujolais Nouveau est mis en vente.",
Nouvelle Lune,2017-11-18,,Astronomie|Lunaire,La face de la Lune tournée vers la Terre n'est pas éclairée — elle est invisible dans le ciel.,
Journée internationale des droits de l'enfant,2017-11-20,,Société,Commémore l'adoption de la Convention des Nations Unies relative aux droits de l'enfant.,
Premier Quartier,2017-11-26,,Astronomie|Lunaire,La moitié droite de la Lune est éclairée. Mi-chemin entre la Nouvelle Lune et la Pleine Lune.,
Fête de la Bretagne,2017-11-30,,Culture|Société,Célébrée le 30 novembre (Saint-André) depuis les années 1990.,
Journée mondiale des personnes handicapées,2017-12-03,,Société,Instaurée par l'ONU en 1992.,
Pleine Lune,2017-12-03,,Astronomie|Lunaire,La face de la Lune est entièrement éclairée par le Soleil.,
Journée mondiale du Bénévolat,2017-12-05,,Société,Créée par l'ONU en 1985.,
Saint-Nicolas,2017-12-06,,Christianisme|Culture|Fêtes,"Fête de Nicolas de Myre, évêque du IVe siècle devenu patron des enfants.",
Journée de la Laïcité,2017-12-09,,Société|Dates spéciales,Commémore la loi du 9 décembre 1905 séparant les Églises de l'État.,
Dernier Quartier,2017-12-10,,Astronomie|Lunaire,Phase lunaire : Dernier Quartier.,
Nouvelle Lune,2017-12-18,,Astronomie|Lunaire,La face de la Lune tournée vers la Terre n'est pas éclairée — elle est invisible dans le ciel.,
Début de l'Hiver — Solstice d'hiver,2017-12-21,,Saisons|Astronomie,Le solstice d'hiver est le jour le plus court de l'année.,
Jour le plus court de l'année,2017-12-21,,Saisons|Astronomie,Le 21 December est le jour le plus court de l'année 2017.,
"Vacances de Noël - Zones A, B et C",2017-12-23,2018-01-07,Vacances scolaires,"Vacances de Noël pour toutes les zones (A, B et C). Durée : 16 jours, du 23/12/2017 au 07/01/2018.",A|B|C
Noël,2017-12-25,,Jours fériés|Christianisme|Fêtes,"Célèbre la naissance du Christ. La date du 25 décembre a été fixée au IVe siècle sur une fête solaire romaine préexistante. Le sapin, la bûche et les cadeaux sont des traditions popularisées bien plus tard, au XIXe siècle.",
Premier Quartier,2017-12-26,,Astronomie|Lunaire,La moitié droite de la Lune est éclairée. Mi-chemin entre la Nouvelle Lune et la Pleine Lune.,
Saint-Étienne,2017-12-26,,Jours fériés|Christianisme,"Le 26 décembre est férié uniquement en Alsace-Moselle (depts 57, 67, 68). Fête de saint Étienne, premier martyr chrétien.",AM
Dernier jour de l'année,2017-12-31,,Dates spéciales,Clôture de l'année civile 2017.,
Saint-Sylvestre / Réveillon du Nouvel An,2017-12-31,,Fêtes|Culture,"Dernier jour de l'année, nommé d'après le pape Sylvestre Ier mort ce jour en 335.",
Jour de l'an,2018-01-01,,Jours fériés,Premier jour de l'année civile grégorienne. La tradition des vœux existe depuis l'Antiquité romaine. Le gui porte-bonheur vient d'une coutume druidique bien antérieure au christianisme.,
Pleine Lune,2018-01-02,,Astronomie|Lunaire,La face de la Lune est entièrement éclairée par le Soleil.,
Épiphanie,2018-01-06,,Christianisme|Culture|Gastronomie,"Célèbre la visite des Rois Mages à Jésus, 12 jours après Noël.",
Dernier Quartier,2018-01-08,,Astronomie|Lunaire,Phase lunaire : Dernier Quartier.,
Nouvelle Lune,2018-01-17,,Astronomie|Lunaire,La face de la Lune tournée vers la Terre n'est pas éclairée — elle est invisible dans le ciel.,
Journée internationale de l'Éducation,2018-01-24,,Éducation|Société,Proclamée par l'ONU en 2019.,
Premier Quartier,2018-01-24,,Astronomie|Lunaire,La moitié droite de la Lune est éclairée. Mi-chemin entre la Nouvelle Lune et la Pleine Lune.,
Journée nationale de la Mémoire de la Shoah,2018-01-27,,Mémoire|Société,Commémore la libération du camp d'Auschwitz le 27 janvier 1945.,
Pleine Lune,2018-01-31,,Astronomie|Lunaire,La face de la Lune est entièrement éclairée par le Soleil.,
Chandeleur,2018-02-02,,Culture|Christianisme|Gastronomie,"Fête de la Présentation de Jésus au Temple, 40 jours après Noël.",
Journée mondiale des zones humides,2018-02-02,,Environnement,Commémore la Convention de Ramsar signée le 2 février 1971.,
Journée mondiale contre le cancer,2018-02-04,,Santé,Initiée par l'Union Internationale Contre le Cancer depuis 2000.,
Dernier Quartier,2018-02-07,,Astronomie|Lunaire,Phase lunaire : Dernier Quartier.,
Vacances d'Hiver - Zone A,2018-02-10,2018-02-25,Vacances scolaires,"Vacances d'Hiver pour la zone scolaire A. Durée : 16 jours, du 10/02/2018 au 25/02/2018. Le découpage en zones A, B et C a été instauré en 1972.",A
Mardi Gras,2018-02-13,,Christianisme|Culture|Fêtes,"Dernier jour avant le Carême, où la tradition voulait qu'on fasse bombance avant l'abstinence.",
Début du Carême,2018-02-14,,Christianisme,"Le Carême commence le Mercredi des Cendres, 46 jours avant Pâques.",
Saint-Valentin,2018-02-14,,Fêtes|Culture,Fête des amoureux le 14 février.,
Nouvelle Lune,2018-02-15,,Astronomie|Lunaire,La face de la Lune tournée vers la Terre n'est pas éclairée — elle est invisible dans le ciel.,
Vacances d'Hiver - Zone C,2018-02-17,2018-03-04,Vacances scolaires,"Vacances d'Hiver pour la zone scolaire C. Durée : 16 jours, du 17/02/2018 au 04/03/2018. Le découpage en zones A, B et C a été instauré en 1972.",C
Premier Quartier,2018-02-23,,Astronomie|Lunaire,La moitié droite de la Lune est éclairée. Mi-chemin entre la Nouvelle Lune et la Pleine Lune.,
Salon de l'Agriculture — Ouverture,2018-02-24,,Gastronomie|Agriculture|Culture,Le Salon International de l'Agriculture se tient chaque fin février à Paris.,
Vacances d'Hiver - Zone B,2018-02-24,2018-03-11,Vacances scolaires,"Vacances d'Hiver pour la zone scolaire B. Durée : 16 jours, du 24/02/2018 au 11/03/2018. Le découpage en zones A, B et C a été instauré en 1972.",B
Pleine Lune,2018-03-02,,Astronomie|Lunaire,La face de la Lune est entièrement éclairée par le Soleil.,
Fête des Grands-Mères,2018-03-04,,Fêtes|Culture,Créée en 1987 par la marque de café Grand'Mère.,
Journée internationale des femmes,2018-03-08,,Société,Issue des luttes ouvrières du début du XXe siècle en Europe et aux États-Unis.,
Dernier Quartier,2018-03-09,,Astronomie|Lunaire,Phase lunaire : Dernier Quartier.,
Nouvelle Lune,2018-03-17,,Astronomie|Lunaire,La face de la Lune tournée vers la Terre n'est pas éclairée — elle est invisible dans le ciel.,
Saint-Patrick,2018-03-17,,Culture|Fêtes,"Fête nationale irlandaise le 17 mars, commémorant la mort de saint Patrick (461).",
Début du Printemps — Équinoxe de printemps,2018-03-20,,Saisons|Astronomie,L'équinoxe de printemps marque le début astronomique du printemps.,
Journée nationale de lutte contre les discriminations,2018-03-21,,Société,Créée par l'ONU en 1966 en mémoire du massacre de Sharpeville.,
Journée mondiale de l'eau,2018-03-22,,Environnement|Société,Proclamée par l'ONU en 1993.,
Premier Quartier,2018-03-24,,Astronomie|Lunaire,La moitié droite de la Lune est éclairée. Mi-chemin entre la Nouvelle Lune et la Pleine Lune.,
Dimanche des Rameaux,2018-03-25,,Christianisme,Ouvre la Semaine Sainte en rappelant l'entrée triomphale de Jésus à Jérusalem.,
Passage à l'heure d'été,2018-03-25,,Changement d'heure,"Dans la nuit du samedi au dimanche, les montres avancent d'une heure (2h → 3h).",
Vendredi Saint,2018-03-30,,Jours fériés|Christianisme,"Commémore la crucifixion du Christ. Jour férié uniquement en Alsace-Moselle (départements 57, 67, 68) en vertu du régime concordataire.",AM
Vendredi Saint,2018-03-30,,Christianisme,Commémore la crucifixion du Christ. Non férié en France depuis la loi de 1905 — sauf en Alsace-Moselle.,
Pleine Lune,2018-03-31,,Astronomie|Lunaire,La face de la Lune est entièrement éclairée par le Soleil.,
Poisson d'avril,2018-04-01,,Culture,Journée des farces et des canulars.,
Pâques,2018-04-01,,Christianisme,Fête chrétienne célébrant la résurrection du Christ. Sa date varie chaque année car elle suit le calendrier lunaire.,
Lundi de Pâques,2018-04-02,,Jours fériés|Christianisme,"Jour férié qui prolonge le dimanche de Pâques. La tradition des œufs vient du Carême : l'Église interdisait d'en manger pendant 40 jours, on offrait donc à Pâques ceux accumulés.",
Journée mondiale de la Santé,2018-04-07,,Santé,Commémore la fondation de l'OMS le 7 avril 1948.,
Vacances de Printemps - Zone A,2018-04-07,2018-04-22,Vacances scolaires,"Vacances de Printemps pour la zone scolaire A. Durée : 16 jours, du 07/04/2018 au 22/04/2018. Le découpage en zones A, B et C a été instauré en 1972.",A
Dernier Quartier,2018-04-08,,Astronomie|Lunaire,Phase lunaire : Dernier Quartier.,
Vacances de Printemps - Zone C,2018-04-14,2018-04-29,Vacances scolaires,"Vacances de Printemps pour la zone scolaire C. Durée : 16 jours, du 14/04/2018 au 29/04/2018. Le découpage en zones A, B et C a été instauré en 1972.",C
Nouvelle Lune,2018-04-16,,Astronomie|Lunaire,La face de la Lune tournée vers la Terre n'est pas éclairée — elle est invisible dans le ciel.,
Vacances de Printemps - Zone B,2018-04-21,2018-05-06,Vacances scolaires,"Vacances de Printemps pour la zone scolaire B. Durée : 16 jours, du 21/04/2018 au 06/05/2018. Le découpage en zones A, B et C a été instauré en 1972.",B
Jour de la Terre,2018-04-22,,Environnement|Société,Né le 22 avril 1970 après une marée noire en Californie.,
Premier Quartier,2018-04-22,,Astronomie|Lunaire,La moitié droite de la Lune est éclairée. Mi-chemin entre la Nouvelle Lune et la Pleine Lune.,
Pleine Lune,2018-04-30,,Astronomie|Lunaire,La face de la Lune est entièrement éclairée par le Soleil.,
Pont possible — Fête du Travail,2018-04-30,,Ponts / Congés,Fête du Travail tombe un mardi le 01/05/2018. Le lundi 30/04/2018 est un pont potentiel — vérifiez auprès de votre employeur.,
Fête du Travail,2018-05-01,,Jours fériés|Société,"Commémore la grève de Chicago du 1er mai 1886 pour les 8 heures de travail, réprimée dans le sang. Férié et chômé en France depuis 1947. La tradition d'offrir du muguet vient d'une coutume de Charles IX datant de 1561.",
Pont possible — Fête de la Victoire,2018-05-07,,Ponts / Congés,Fête de la Victoire tombe un mardi le 08/05/2018. Le lundi 07/05/2018 est un pont potentiel — vérifiez auprès de votre employeur.,
Dernier Quartier,2018-05-08,,Astronomie|Lunaire,Phase lunaire : Dernier Quartier.,
Fête de la Victoire 1945,2018-05-08,,Jours fériés,"Le 8 mai 1945, l'Allemagne nazie signe sa capitulation sans condition, mettant fin à la guerre en Europe. Férié depuis 1953, supprimé par Giscard en 1975, puis rétabli par Mitterrand en 1981.",
Abolition de l'esclavage en France — Commémoration,2018-05-10,,Mémoire|Société,Journée nationale instaurée par la loi Taubira de 2001.,
Ascension,2018-05-10,,Jours fériés|Christianisme,"Fête chrétienne commémorant la montée du Christ au ciel, 40 jours après Pâques. Toujours un jeudi, ce qui en fait naturellement un pont avec le vendredi.",
Pont possible — Ascension,2018-05-11,,Ponts / Congés,Ascension tombe un jeudi le 10/05/2018. Le vendredi 11/05/2018 est un pont potentiel — vérifiez auprès de votre employeur.,
Festival de Cannes — Ouverture,2018-05-14,,Culture|Cinéma,"Le Festival International du Film de Cannes, créé en 1946.",
Nouvelle Lune,2018-05-15,,Astronomie|Lunaire,La face de la Lune tournée vers la Terre n'est pas éclairée — elle est invisible dans le ciel.,
Nuit des Musées,2018-05-19,,Culture,Créée en France en 2005 et étendue à toute l'Europe.,
Pentecôte,2018-05-20,,Christianisme,"Célèbre la descente de l'Esprit Saint sur les apôtres, 50 jours après Pâques.",
Lundi de Pentecôte,2018-05-21,,Jours fériés|Christianisme,"Jour férié désigné depuis 2004 Journée de solidarité envers les personnes âgées. Les salariés travaillent ce jour sans rémunération supplémentaire, finançant ainsi la prise en charge de la dépendance — instauré après la canicule de 2003 qui fit 15 000 morts en France.",
Journée mondiale de la biodiversité,2018-05-22,,Environnement,Commémore l'adoption de la Convention sur la Diversité Biologique à Rio.,
Premier Quartier,2018-05-22,,Astronomie|Lunaire,La moitié droite de la Lune est éclairée. Mi-chemin entre la Nouvelle Lune et la Pleine Lune.,
Fête des Voisins,2018-05-25,,Société,Créée en 2000 pour lutter contre l'isolement urbain.,
Fête des Mères,2018-05-27,,Fêtes|Culture,"Célébrée le dernier dimanche de mai, sauf si c'est la Pentecôte.",
Journée nationale de la Résistance,2018-05-27,,Mémoire|Société,"Le 27 mai 1943, Jean Moulin préside la première réunion secrète du CNR.",
Pleine Lune,2018-05-29,,Astronomie|Lunaire,La face de la Lune est entièrement éclairée par le Soleil.,
Journée mondiale sans tabac,2018-05-31,,Santé,Lancée par l'OMS en 1987.,
Dernier Quartier,2018-06-06,,Astronomie|Lunaire,Phase lunaire : Dernier Quartier.,
Débarquement en Normandie — Commémoration du Jour J,2018-06-06,,Mémoire|Dates spéciales,"Le 6 juin 1944, 156 000 soldats alliés débarquent sur les plages de Normandie.",
Journée mondiale de l'océan,2018-06-08,,Environnement,Proposée lors du Sommet de la Terre de Rio en 1992.,
Nouvelle Lune,2018-06-13,,Astronomie|Lunaire,La face de la Lune tournée vers la Terre n'est pas éclairée — elle est invisible dans le ciel.,
Fête des Pères,2018-06-17,,Fêtes|Culture,"Née aux États-Unis en 1910, introduite en France dans les années 1950.",
Appel du 18 juin 1940 — Anniversaire,2018-06-18,,Mémoire|Dates spéciales,"Le 18 juin 1940, de Gaulle lance depuis Londres un appel à la Résistance sur la BBC.",
Premier Quartier,2018-06-20,,Astronomie|Lunaire,La moitié droite de la Lune est éclairée. Mi-chemin entre la Nouvelle Lune et la Pleine Lune.,
Début de l'Été — Solstice d'été,2018-06-21,,Saisons|Astronomie,Le solstice d'été est le jour le plus long de l'année.,
Fête de la Musique,2018-06-21,,Culture|Fêtes,Créée en 1982 par le ministre Jack Lang.,
Jour le plus long de l'année,2018-06-21,,Saisons|Astronomie,Le 21 June est le jour le plus long de l'année 2018.,
Fête du Cinéma,2018-06-24,,Culture|Cinéma,"Créée en 1985, elle propose chaque fin juin des places à tarif réduit.",
Pleine Lune,2018-06-28,,Astronomie|Lunaire,La face de la Lune est entièrement éclairée par le Soleil.,
Milieu de l'année,2018-07-02,,Dates spéciales,Ce jour marque le point médian exact de l'année 2018.,
Festival d'Avignon — Ouverture,2018-07-05,,Culture|Théâtre,Créé par Jean Vilar en 1947 dans la cour du Palais des Papes.,
Dernier Quartier,2018-07-06,,Astronomie|Lunaire,Phase lunaire : Dernier Quartier.,
"Vacances d'Été - Zones A, B et C",2018-07-07,2018-09-02,Vacances scolaires,"Vacances d'Été pour toutes les zones (A, B et C). Durée : 58 jours, du 07/07/2018 au 02/09/2018.",A|B|C
Commémoration de la Rafle du Vél d'Hiv,2018-07-08,,Mémoire|Société,"Les 16-17 juillet 1942, la police française arrêta 13 152 Juifs à Paris.",
Nouvelle Lune,2018-07-13,,Astronomie|Lunaire,La face de la Lune tournée vers la Terre n'est pas éclairée — elle est invisible dans le ciel.,
Fête Nationale,2018-07-14,,Jours fériés|Société|Dates spéciales,Commémore la prise de la Bastille le 14 juillet 1789.,
Fête nationale,2018-07-14,,Jours fériés,"Commémore la prise de la Bastille le 14 juillet 1789, symbole de la Révolution française. Jour férié depuis 1880. Défilé militaire sur les Champs-Élysées, bals des pompiers et feux d'artifice dans toute la France.",
Premier Quartier,2018-07-19,,Astronomie|Lunaire,La moitié droite de la Lune est éclairée. Mi-chemin entre la Nouvelle Lune et la Pleine Lune.,
Pleine Lune,2018-07-27,,Astronomie|Lunaire,La face de la Lune est entièrement éclairée par le Soleil.,
Dernier Quartier,2018-08-04,,Astronomie|Lunaire,Phase lunaire : Dernier Quartier.,
Nuit des Étoiles,2018-08-04,,Astronomie|Éducation|Culture,Organisée chaque premier week-end d'août par l'Association Française d'Astronomie depuis 1991.,
Nouvelle Lune,2018-08-11,,Astronomie|Lunaire,La face de la Lune tournée vers la Terre n'est pas éclairée — elle est invisible dans le ciel.,
Assomption,2018-08-15,,Jours fériés,"Célèbre l'élévation de la Vierge Marie au ciel. Fête chrétienne ancienne, jour férié en France depuis le Concordat de 1802. Elle tombe en plein cœur de l'été, au milieu des grandes vacances.",
Assomption de Marie,2018-08-15,,Christianisme|Jours fériés,Célèbre l'élévation de la Vierge Marie au ciel.,
Premier Quartier,2018-08-18,,Astronomie|Lunaire,La moitié droite de la Lune est éclairée. Mi-chemin entre la Nouvelle Lune et la Pleine Lune.,
Pleine Lune,2018-08-26,,Astronomie|Lunaire,La face de la Lune est entièrement éclairée par le Soleil.,
Braderie de Lille,2018-09-01,,Culture|Commerce,"Plus grande braderie d'Europe, organisée le premier week-end de septembre à Lille.",
Rentrée des classes,2018-09-02,,Éducation|Société,La rentrée de septembre mobilise 12 millions d'élèves et 870 000 enseignants en France.,
Dernier Quartier,2018-09-03,,Astronomie|Lunaire,Phase lunaire : Dernier Quartier.,
Nouvelle Lune,2018-09-09,,Astronomie|Lunaire,La face de la Lune tournée vers la Terre n'est pas éclairée — elle est invisible dans le ciel.,
Journées du Patrimoine,2018-09-15,,Culture|Société,"Créées en France en 1984 par Jack Lang, étendues à toute l'Europe en 1991.",
Premier Quartier,2018-09-17,,Astronomie|Lunaire,La moitié droite de la Lune est éclairée. Mi-chemin entre la Nouvelle Lune et la Pleine Lune.,
Journée mondiale sans voiture,2018-09-22,,Environnement|Société,Lancée en France en 1998 par La Rochelle.,
Début de l'Automne — Équinoxe d'automne,2018-09-23,,Saisons|Astronomie,L'équinoxe d'automne marque le début de l'automne.,
Pleine Lune,2018-09-25,,Astronomie|Lunaire,La face de la Lune est entièrement éclairée par le Soleil.,
Journée mondiale du cacao et du chocolat,2018-10-01,,Gastronomie|Culture,Célébrée le 1er octobre et associée à l'Organisation internationale du cacao (ICCO).,
Lancement d'Octobre Rose,2018-10-01,,Santé,Tout octobre est dédié à la sensibilisation au cancer du sein.,
Dernier Quartier,2018-10-02,,Astronomie|Lunaire,Phase lunaire : Dernier Quartier.,
Nuit Blanche,2018-10-06,,Culture,Initiée à Paris en 2002 par le maire Bertrand Delanoë.,
Fête des Grands-Pères,2018-10-07,,Fêtes|Culture,"Créée en 2008, elle a lieu chaque premier dimanche d'octobre.",
Semaine du Goût,2018-10-08,,Gastronomie|Culture,Créée en 1990 par le chef Joël Robuchon.,
Nouvelle Lune,2018-10-09,,Astronomie|Lunaire,La face de la Lune tournée vers la Terre n'est pas éclairée — elle est invisible dans le ciel.,
Journée mondiale de la santé mentale,2018-10-10,,Santé|Société,Créée par la Fédération Mondiale pour la Santé Mentale en 1992.,
Journée mondiale de l'alimentation,2018-10-16,,Gastronomie|Société|Santé,Commémore la fondation de la FAO le 16 octobre 1945.,
Premier Quartier,2018-10-16,,Astronomie|Lunaire,La moitié droite de la Lune est éclairée. Mi-chemin entre la Nouvelle Lune et la Pleine Lune.,
"Vacances de la Toussaint - Zones A, B et C",2018-10-20,2018-11-04,Vacances scolaires,"Vacances de la Toussaint pour toutes les zones (A, B et C). Durée : 16 jours, du 20/10/2018 au 04/11/2018.",A|B|C
Pleine Lune,2018-10-24,,Astronomie|Lunaire,La face de la Lune est entièrement éclairée par le Soleil.,
Passage à l'heure d'hiver,2018-10-28,,Changement d'heure,"Dans la nuit du samedi au dimanche, les montres reculent d'une heure (3h → 2h).",
Dernier Quartier,2018-10-31,,Astronomie|Lunaire,Phase lunaire : Dernier Quartier.,
Halloween,2018-10-31,,Culture|Fêtes,Fête d'origine celtique (la nuit de Samain) christianisée puis popularisée par la diaspora irlandaise.,
Journée nationale de l'arbre,2018-11-01,,Environnement,Célébrée chaque premier jeudi de novembre.,
Lancement du Mois sans Tabac,2018-11-01,,Santé,Lancé en France en 2016 par Santé Publique France.,
Toussaint,2018-11-01,,Jours fériés|Christianisme,"Fête de tous les saints, instituée par le pape Grégoire IV en 835. En France, la tradition de fleurir les tombes avec des chrysanthèmes s'est greffée dessus — ces fleurs sont désormais intimement liées à ce jour.",
Pont possible — Toussaint,2018-11-02,,Ponts / Congés,Toussaint tombe un jeudi le 01/11/2018. Le vendredi 02/11/2018 est un pont potentiel — vérifiez auprès de votre employeur.,
Nouvelle Lune,2018-11-07,,Astronomie|Lunaire,La face de la Lune tournée vers la Terre n'est pas éclairée — elle est invisible dans le ciel.,
Armistice 1918,2018-11-11,,Jours fériés,"Le 11 novembre 1918 à 11h, l'armistice met fin à la Première Guerre mondiale après quatre ans de combats. Jour férié depuis 1922. Chaque commune française a son monument aux morts — 36 000 érigés entre 1920 et 1925.",
Armistice de 1918 — Journée du Souvenir,2018-11-11,,Jours fériés|Mémoire|Dates spéciales,"Le 11 novembre 1918 à 11h, l'armistice met fin à la Première Guerre mondiale.",
Beaujolais Nouveau,2018-11-15,,Gastronomie|Culture|Commercial,"Chaque troisième jeudi de novembre, le Beaujolais Nouveau est mis en vente.",
Premier Quartier,2018-11-15,,Astronomie|Lunaire,La moitié droite de la Lune est éclairée. Mi-chemin entre la Nouvelle Lune et la Pleine Lune.,
Journée internationale des droits de l'enfant,2018-11-20,,Société,Commémore l'adoption de la Convention des Nations Unies relative aux droits de l'enfant.,
Pleine Lune,2018-11-23,,Astronomie|Lunaire,La face de la Lune est entièrement éclairée par le Soleil.,
Dernier Quartier,2018-11-30,,Astronomie|Lunaire,Phase lunaire : Dernier Quartier.,
Fête de la Bretagne,2018-11-30,,Culture|Société,Célébrée le 30 novembre (Saint-André) depuis les années 1990.,
Journée mondiale des personnes handicapées,2018-12-03,,Société,Instaurée par l'ONU en 1992.,
Journée mondiale du Bénévolat,2018-12-05,,Société,Créée par l'ONU en 1985.,
Saint-Nicolas,2018-12-06,,Christianisme|Culture|Fêtes,"Fête de Nicolas de Myre, évêque du IVe siècle devenu patron des enfants.",
Nouvelle Lune,2018-12-07,,Astronomie|Lunaire,La face de la Lune tournée vers la Terre n'est pas éclairée — elle est invisible dans le ciel.,
Journée de la Laïcité,2018-12-09,,Société|Dates spéciales,Commémore la loi du 9 décembre 1905 séparant les Églises de l'État.,
Premier Quartier,2018-12-15,,Astronomie|Lunaire,La moitié droite de la Lune est éclairée. Mi-chemin entre la Nouvelle Lune et la Pleine Lune.,
Début de l'Hiver — Solstice d'hiver,2018-12-21,,Saisons|Astronomie,Le solstice d'hiver est le jour le plus court de l'année.,
Jour le plus court de l'année,2018-12-21,,Saisons|Astronomie,Le 21 December est le jour le plus court de l'année 2018.,
Pleine Lune,2018-12-22,,Astronomie|Lunaire,La face de la Lune est entièrement éclairée par le Soleil.,
"Vacances de Noël - Zones A, B et C",2018-12-22,2019-01-06,Vacances scolaires,"Vacances de Noël pour toutes les zones (A, B et C). Durée : 16 jours, du 22/12/2018 au 06/01/2019.",A|B|C
Pont possible — Noël,2018-12-24,,Ponts / Congés,Noël tombe un mardi le 25/12/2018. Le lundi 24/12/2018 est un pont potentiel — vérifiez auprès de votre employeur.,
Noël,2018-12-25,,Jours fériés|Christianisme|Fêtes,"Célèbre la naissance du Christ. La date du 25 décembre a été fixée au IVe siècle sur une fête solaire romaine préexistante. Le sapin, la bûche et les cadeaux sont des traditions popularisées bien plus tard, au XIXe siècle.",
Saint-Étienne,2018-12-26,,Jours fériés|Christianisme,"Le 26 décembre est férié uniquement en Alsace-Moselle (depts 57, 67, 68). Fête de saint Étienne, premier martyr chrétien.",AM
Dernier Quartier,2018-12-29,,Astronomie|Lunaire,Phase lunaire : Dernier Quartier.,
Dernier jour de l'année,2018-12-31,,Dates spéciales,Clôture de l'année civile 2018.,
Pont possible — Jour de l'an,2018-12-31,,Ponts / Congés,Jour de l'an tombe un mardi le 01/01/2019. Le lundi 31/12/2018 est un pont potentiel — vérifiez auprès de votre employeur.,
Saint-Sylvestre / Réveillon du Nouvel An,2018-12-31,,Fêtes|Culture,"Dernier jour de l'année, nommé d'après le pape Sylvestre Ier mort ce jour en 335.",
Jour de l'an,2019-01-01,,Jours fériés,Premier jour de l'année civile grégorienne. La tradition des vœux existe depuis l'Antiquité romaine. Le gui porte-bonheur vient d'une coutume druidique bien antérieure au christianisme.,
Nouvelle Lune,2019-01-06,,Astronomie|Lunaire,La face de la Lune tournée vers la Terre n'est pas éclairée — elle est invisible dans le ciel.,
Épiphanie,2019-01-06,,Christianisme|Culture|Gastronomie,"Célèbre la visite des Rois Mages à Jésus, 12 jours après Noël.",
Premier Quartier,2019-01-14,,Astronomie|Lunaire,La moitié droite de la Lune est éclairée. Mi-chemin entre la Nouvelle Lune et la Pleine Lune.,
Pleine Lune,2019-01-21,,Astronomie|Lunaire,La face de la Lune est entièrement éclairée par le Soleil.,
Journée internationale de l'Éducation,2019-01-24,,Éducation|Société,Proclamée par l'ONU en 2019.,
Dernier Quartier,2019-01-27,,Astronomie|Lunaire,Phase lunaire : Dernier Quartier.,
Journée nationale de la Mémoire de la Shoah,2019-01-27,,Mémoire|Société,Commémore la libération du camp d'Auschwitz le 27 janvier 1945.,
Chandeleur,2019-02-02,,Culture|Christianisme|Gastronomie,"Fête de la Présentation de Jésus au Temple, 40 jours après Noël.",
Journée mondiale des zones humides,2019-02-02,,Environnement,Commémore la Convention de Ramsar signée le 2 février 1971.,
Journée mondiale contre le cancer,2019-02-04,,Santé,Initiée par l'Union Internationale Contre le Cancer depuis 2000.,
Nouvelle Lune,2019-02-04,,Astronomie|Lunaire,La face de la Lune tournée vers la Terre n'est pas éclairée — elle est invisible dans le ciel.,
Vacances d'Hiver - Zone B,2019-02-09,2019-02-24,Vacances scolaires,"Vacances d'Hiver pour la zone scolaire B. Durée : 16 jours, du 09/02/2019 au 24/02/2019. Le découpage en zones A, B et C a été instauré en 1972.",B
Premier Quartier,2019-02-12,,Astronomie|Lunaire,La moitié droite de la Lune est éclairée. Mi-chemin entre la Nouvelle Lune et la Pleine Lune.,
Saint-Valentin,2019-02-14,,Fêtes|Culture,Fête des amoureux le 14 février.,
Vacances d'Hiver - Zone A,2019-02-16,2019-03-03,Vacances scolaires,"Vacances d'Hiver pour la zone scolaire A. Durée : 16 jours, du 16/02/2019 au 03/03/2019. Le découpage en zones A, B et C a été instauré en 1972.",A
Pleine Lune,2019-02-19,,Astronomie|Lunaire,La face de la Lune est entièrement éclairée par le Soleil.,
Salon de l'Agriculture — Ouverture,2019-02-23,,Gastronomie|Agriculture|Culture,Le Salon International de l'Agriculture se tient chaque fin février à Paris.,
Vacances d'Hiver - Zone C,2019-02-23,2019-03-10,Vacances scolaires,"Vacances d'Hiver pour la zone scolaire C. Durée : 16 jours, du 23/02/2019 au 10/03/2019. Le découpage en zones A, B et C a été instauré en 1972.",C
Dernier Quartier,2019-02-26,,Astronomie|Lunaire,Phase lunaire : Dernier Quartier.,
Fête des Grands-Mères,2019-03-03,,Fêtes|Culture,Créée en 1987 par la marque de café Grand'Mère.,
Mardi Gras,2019-03-05,,Christianisme|Culture|Fêtes,"Dernier jour avant le Carême, où la tradition voulait qu'on fasse bombance avant l'abstinence.",
Début du Carême,2019-03-06,,Christianisme,"Le Carême commence le Mercredi des Cendres, 46 jours avant Pâques.",
Nouvelle Lune,2019-03-06,,Astronomie|Lunaire,La face de la Lune tournée vers la Terre n'est pas éclairée — elle est invisible dans le ciel.,
Journée internationale des femmes,2019-03-08,,Société,Issue des luttes ouvrières du début du XXe siècle en Europe et aux États-Unis.,
Premier Quartier,2019-03-14,,Astronomie|Lunaire,La moitié droite de la Lune est éclairée. Mi-chemin entre la Nouvelle Lune et la Pleine Lune.,
Saint-Patrick,2019-03-17,,Culture|Fêtes,"Fête nationale irlandaise le 17 mars, commémorant la mort de saint Patrick (461).",
Début du Printemps — Équinoxe de printemps,2019-03-20,,Saisons|Astronomie,L'équinoxe de printemps marque le début astronomique du printemps.,
Journée nationale de lutte contre les discriminations,2019-03-21,,Société,Créée par l'ONU en 1966 en mémoire du massacre de Sharpeville.,
Pleine Lune,2019-03-21,,Astronomie|Lunaire,La face de la Lune est entièrement éclairée par le Soleil.,
Journée mondiale de l'eau,2019-03-22,,Environnement|Société,Proclamée par l'ONU en 1993.,
Dernier Quartier,2019-03-28,,Astronomie|Lunaire,Phase lunaire : Dernier Quartier.,
Passage à l'heure d'été,2019-03-31,,Changement d'heure,"Dans la nuit du samedi au dimanche, les montres avancent d'une heure (2h → 3h).",
Poisson d'avril,2019-04-01,,Culture,Journée des farces et des canulars.,
Nouvelle Lune,2019-04-05,,Astronomie|Lunaire,La face de la Lune tournée vers la Terre n'est pas éclairée — elle est invisible dans le ciel.,
Vacances de Printemps - Zone B,2019-04-06,2019-04-22,Vacances scolaires,"Vacances de Printemps pour la zone scolaire B. Durée : 17 jours, du 06/04/2019 au 22/04/2019. Le découpage en zones A, B et C a été instauré en 1972.",B
Journée mondiale de la Santé,2019-04-07,,Santé,Commémore la fondation de l'OMS le 7 avril 1948.,
Premier Quartier,2019-04-12,,Astronomie|Lunaire,La moitié droite de la Lune est éclairée. Mi-chemin entre la Nouvelle Lune et la Pleine Lune.,
Vacances de Printemps - Zone A,2019-04-13,2019-04-28,Vacances scolaires,"Vacances de Printemps pour la zone scolaire A. Durée : 16 jours, du 13/04/2019 au 28/04/2019. Le découpage en zones A, B et C a été instauré en 1972.",A
Dimanche des Rameaux,2019-04-14,,Christianisme,Ouvre la Semaine Sainte en rappelant l'entrée triomphale de Jésus à Jérusalem.,
Pleine Lune,2019-04-19,,Astronomie|Lunaire,La face de la Lune est entièrement éclairée par le Soleil.,
Vendredi Saint,2019-04-19,,Jours fériés|Christianisme,"Commémore la crucifixion du Christ. Jour férié uniquement en Alsace-Moselle (départements 57, 67, 68) en vertu du régime concordataire.",AM
Vendredi Saint,2019-04-19,,Christianisme,Commémore la crucifixion du Christ. Non férié en France depuis la loi de 1905 — sauf en Alsace-Moselle.,
Vacances de Printemps - Zone C,2019-04-20,2019-05-05,Vacances scolaires,"Vacances de Printemps pour la zone scolaire C. Durée : 16 jours, du 20/04/2019 au 05/05/2019. Le découpage en zones A, B et C a été instauré en 1972.",C
Pâques,2019-04-21,,Christianisme,Fête chrétienne célébrant la résurrection du Christ. Sa date varie chaque année car elle suit le calendrier lunaire.,
Jour de la Terre,2019-04-22,,Environnement|Société,Né le 22 avril 1970 après une marée noire en Californie.,
Lundi de Pâques,2019-04-22,,Jours fériés|Christianisme,"Jour férié qui prolonge le dimanche de Pâques. La tradition des œufs vient du Carême : l'Église interdisait d'en manger pendant 40 jours, on offrait donc à Pâques ceux accumulés.",
Dernier Quartier,2019-04-27,,Astronomie|Lunaire,Phase lunaire : Dernier Quartier.,
Fête du Travail,2019-05-01,,Jours fériés|Société,"Commémore la grève de Chicago du 1er mai 1886 pour les 8 heures de travail, réprimée dans le sang. Férié et chômé en France depuis 1947. La tradition d'offrir du muguet vient d'une coutume de Charles IX datant de 1561.",
Nouvelle Lune,2019-05-05,,Astronomie|Lunaire,La face de la Lune tournée vers la Terre n'est pas éclairée — elle est invisible dans le ciel.,
Fête de la Victoire 1945,2019-05-08,,Jours fériés,"Le 8 mai 1945, l'Allemagne nazie signe sa capitulation sans condition, mettant fin à la guerre en Europe. Férié depuis 1953, supprimé par Giscard en 1975, puis rétabli par Mitterrand en 1981.",
Abolition de l'esclavage en France — Commémoration,2019-05-10,,Mémoire|Société,Journée nationale instaurée par la loi Taubira de 2001.,
Premier Quartier,2019-05-12,,Astronomie|Lunaire,La moitié droite de la Lune est éclairée. Mi-chemin entre la Nouvelle Lune et la Pleine Lune.,
Festival de Cannes — Ouverture,2019-05-14,,Culture|Cinéma,"Le Festival International du Film de Cannes, créé en 1946.",
Nuit des Musées,2019-05-18,,Culture,Créée en France en 2005 et étendue à toute l'Europe.,
Pleine Lune,2019-05-18,,Astronomie|Lunaire,La face de la Lune est entièrement éclairée par le Soleil.,
Journée mondiale de la biodiversité,2019-05-22,,Environnement,Commémore l'adoption de la Convention sur la Diversité Biologique à Rio.,
Dernier Quartier,2019-05-26,,Astronomie|Lunaire,Phase lunaire : Dernier Quartier.,
Fête des Mères,2019-05-26,,Fêtes|Culture,"Célébrée le dernier dimanche de mai, sauf si c'est la Pentecôte.",
Journée nationale de la Résistance,2019-05-27,,Mémoire|Société,"Le 27 mai 1943, Jean Moulin préside la première réunion secrète du CNR.",
"Pont de l'Ascension - Zones A, B et C",2019-05-29,2019-06-02,Vacances scolaires,"Pont de l'Ascension pour toutes les zones (A, B et C). Durée : 5 jours, du 29/05/2019 au 02/06/2019.",A|B|C
Ascension,2019-05-30,,Jours fériés|Christianisme,"Fête chrétienne commémorant la montée du Christ au ciel, 40 jours après Pâques. Toujours un jeudi, ce qui en fait naturellement un pont avec le vendredi.",
Fête des Voisins,2019-05-31,,Société,Créée en 2000 pour lutter contre l'isolement urbain.,
Journée mondiale sans tabac,2019-05-31,,Santé,Lancée par l'OMS en 1987.,
Pont possible — Ascension,2019-05-31,,Ponts / Congés,Ascension tombe un jeudi le 30/05/2019. Le vendredi 31/05/2019 est un pont potentiel — vérifiez auprès de votre employeur.,
Nouvelle Lune,2019-06-03,,Astronomie|Lunaire,La face de la Lune tournée vers la Terre n'est pas éclairée — elle est invisible dans le ciel.,
Débarquement en Normandie — Commémoration du Jour J,2019-06-06,,Mémoire|Dates spéciales,"Le 6 juin 1944, 156 000 soldats alliés débarquent sur les plages de Normandie.",
Journée mondiale de l'océan,2019-06-08,,Environnement,Proposée lors du Sommet de la Terre de Rio en 1992.,
Pentecôte,2019-06-09,,Christianisme,"Célèbre la descente de l'Esprit Saint sur les apôtres, 50 jours après Pâques.",
Lundi de Pentecôte,2019-06-10,,Jours fériés|Christianisme,"Jour férié désigné depuis 2004 Journée de solidarité envers les personnes âgées. Les salariés travaillent ce jour sans rémunération supplémentaire, finançant ainsi la prise en charge de la dépendance — instauré après la canicule de 2003 qui fit 15 000 morts en France.",
Premier Quartier,2019-06-10,,Astronomie|Lunaire,La moitié droite de la Lune est éclairée. Mi-chemin entre la Nouvelle Lune et la Pleine Lune.,
Fête des Pères,2019-06-16,,Fêtes|Culture,"Née aux États-Unis en 1910, introduite en France dans les années 1950.",
Pleine Lune,2019-06-17,,Astronomie|Lunaire,La face de la Lune est entièrement éclairée par le Soleil.,
Appel du 18 juin 1940 — Anniversaire,2019-06-18,,Mémoire|Dates spéciales,"Le 18 juin 1940, de Gaulle lance depuis Londres un appel à la Résistance sur la BBC.",
Début de l'Été — Solstice d'été,2019-06-21,,Saisons|Astronomie,Le solstice d'été est le jour le plus long de l'année.,
Fête de la Musique,2019-06-21,,Culture|Fêtes,Créée en 1982 par le ministre Jack Lang.,
Jour le plus long de l'année,2019-06-21,,Saisons|Astronomie,Le 21 June est le jour le plus long de l'année 2019.,
Fête du Cinéma,2019-06-23,,Culture|Cinéma,"Créée en 1985, elle propose chaque fin juin des places à tarif réduit.",
Dernier Quartier,2019-06-25,,Astronomie|Lunaire,Phase lunaire : Dernier Quartier.,
Milieu de l'année,2019-07-02,,Dates spéciales,Ce jour marque le point médian exact de l'année 2019.,
Nouvelle Lune,2019-07-02,,Astronomie|Lunaire,La face de la Lune tournée vers la Terre n'est pas éclairée — elle est invisible dans le ciel.,
Festival d'Avignon — Ouverture,2019-07-05,,Culture|Théâtre,Créé par Jean Vilar en 1947 dans la cour du Palais des Papes.,
"Vacances d'Été - Zones A, B et C",2019-07-06,2019-09-01,Vacances scolaires,"Vacances d'Été pour toutes les zones (A, B et C). Durée : 58 jours, du 06/07/2019 au 01/09/2019.",A|B|C
Premier Quartier,2019-07-09,,Astronomie|Lunaire,La moitié droite de la Lune est éclairée. Mi-chemin entre la Nouvelle Lune et la Pleine Lune.,
Commémoration de la Rafle du Vél d'Hiv,2019-07-14,,Mémoire|Société,"Les 16-17 juillet 1942, la police française arrêta 13 152 Juifs à Paris.",
Fête Nationale,2019-07-14,,Jours fériés|Société|Dates spéciales,Commémore la prise de la Bastille le 14 juillet 1789.,
Fête nationale,2019-07-14,,Jours fériés,"Commémore la prise de la Bastille le 14 juillet 1789, symbole de la Révolution française. Jour férié depuis 1880. Défilé militaire sur les Champs-Élysées, bals des pompiers et feux d'artifice dans toute la France.",
Pleine Lune,2019-07-16,,Astronomie|Lunaire,La face de la Lune est entièrement éclairée par le Soleil.,
Dernier Quartier,2019-07-25,,Astronomie|Lunaire,Phase lunaire : Dernier Quartier.,
Nouvelle Lune,2019-08-01,,Astronomie|Lunaire,La face de la Lune tournée vers la Terre n'est pas éclairée — elle est invisible dans le ciel.,
Nuit des Étoiles,2019-08-03,,Astronomie|Éducation|Culture,Organisée chaque premier week-end d'août par l'Association Française d'Astronomie depuis 1991.,
Premier Quartier,2019-08-07,,Astronomie|Lunaire,La moitié droite de la Lune est éclairée. Mi-chemin entre la Nouvelle Lune et la Pleine Lune.,
Ligue 1 2019-2020 (arrêtée),2019-08-09,2020-04-28,Sport,Saison arrêtée par le Covid-19 avant son terme. Le PSG est déclaré champion.,all
Assomption,2019-08-15,,Jours fériés,"Célèbre l'élévation de la Vierge Marie au ciel. Fête chrétienne ancienne, jour férié en France depuis le Concordat de 1802. Elle tombe en plein cœur de l'été, au milieu des grandes vacances.",
Assomption de Marie,2019-08-15,,Christianisme|Jours fériés,Célèbre l'élévation de la Vierge Marie au ciel.,
Pleine Lune,2019-08-15,,Astronomie|Lunaire,La face de la Lune est entièrement éclairée par le Soleil.,
Pont possible — Assomption,2019-08-16,,Ponts / Congés,Assomption tombe un jeudi le 15/08/2019. Le vendredi 16/08/2019 est un pont potentiel — vérifiez auprès de votre employeur.,
Dernier Quartier,2019-08-23,,Astronomie|Lunaire,Phase lunaire : Dernier Quartier.,
Nouvelle Lune,2019-08-30,,Astronomie|Lunaire,La face de la Lune tournée vers la Terre n'est pas éclairée — elle est invisible dans le ciel.,
Rentrée des classes,2019-09-02,,Éducation|Société,La rentrée de septembre mobilise 12 millions d'élèves et 870 000 enseignants en France.,
Premier Quartier,2019-09-06,,Astronomie|Lunaire,La moitié droite de la Lune est éclairée. Mi-chemin entre la Nouvelle Lune et la Pleine Lune.,
Braderie de Lille,2019-09-07,,Culture|Commerce,"Plus grande braderie d'Europe, organisée le premier week-end de septembre à Lille.",
Pleine Lune,2019-09-14,,Astronomie|Lunaire,La face de la Lune est entièrement éclairée par le Soleil.,
Journées du Patrimoine,2019-09-21,,Culture|Société,"Créées en France en 1984 par Jack Lang, étendues à toute l'Europe en 1991.",
Dernier Quartier,2019-09-22,,Astronomie|Lunaire,Phase lunaire : Dernier Quartier.,
Journée mondiale sans voiture,2019-09-22,,Environnement|Société,Lancée en France en 1998 par La Rochelle.,
Début de l'Automne — Équinoxe d'automne,2019-09-23,,Saisons|Astronomie,L'équinoxe d'automne marque le début de l'automne.,
Nouvelle Lune,2019-09-28,,Astronomie|Lunaire,La face de la Lune tournée vers la Terre n'est pas éclairée — elle est invisible dans le ciel.,
Journée mondiale du cacao et du chocolat,2019-10-01,,Gastronomie|Culture,Célébrée le 1er octobre et associée à l'Organisation internationale du cacao (ICCO).,
Lancement d'Octobre Rose,2019-10-01,,Santé,Tout octobre est dédié à la sensibilisation au cancer du sein.,
Nuit Blanche,2019-10-05,,Culture,Initiée à Paris en 2002 par le maire Bertrand Delanoë.,
Premier Quartier,2019-10-05,,Astronomie|Lunaire,La moitié droite de la Lune est éclairée. Mi-chemin entre la Nouvelle Lune et la Pleine Lune.,
Fête des Grands-Pères,2019-10-06,,Fêtes|Culture,"Créée en 2008, elle a lieu chaque premier dimanche d'octobre.",
Journée mondiale de la santé mentale,2019-10-10,,Santé|Société,Créée par la Fédération Mondiale pour la Santé Mentale en 1992.,
Pleine Lune,2019-10-13,,Astronomie|Lunaire,La face de la Lune est entièrement éclairée par le Soleil.,
Semaine du Goût,2019-10-14,,Gastronomie|Culture,Créée en 1990 par le chef Joël Robuchon.,
Journée mondiale de l'alimentation,2019-10-16,,Gastronomie|Société|Santé,Commémore la fondation de la FAO le 16 octobre 1945.,
"Vacances de la Toussaint - Zones A, B et C",2019-10-19,2019-11-03,Vacances scolaires,"Vacances de la Toussaint pour toutes les zones (A, B et C). Durée : 16 jours, du 19/10/2019 au 03/11/2019.",A|B|C
Dernier Quartier,2019-10-21,,Astronomie|Lunaire,Phase lunaire : Dernier Quartier.,
Passage à l'heure d'hiver,2019-10-27,,Changement d'heure,"Dans la nuit du samedi au dimanche, les montres reculent d'une heure (3h → 2h).",
Nouvelle Lune,2019-10-28,,Astronomie|Lunaire,La face de la Lune tournée vers la Terre n'est pas éclairée — elle est invisible dans le ciel.,
Halloween,2019-10-31,,Culture|Fêtes,Fête d'origine celtique (la nuit de Samain) christianisée puis popularisée par la diaspora irlandaise.,
Lancement du Mois sans Tabac,2019-11-01,,Santé,Lancé en France en 2016 par Santé Publique France.,
Toussaint,2019-11-01,,Jours fériés|Christianisme,"Fête de tous les saints, instituée par le pape Grégoire IV en 835. En France, la tradition de fleurir les tombes avec des chrysanthèmes s'est greffée dessus — ces fleurs sont désormais intimement liées à ce jour.",
Premier Quartier,2019-11-04,,Astronomie|Lunaire,La moitié droite de la Lune est éclairée. Mi-chemin entre la Nouvelle Lune et la Pleine Lune.,
Journée nationale de l'arbre,2019-11-07,,Environnement,Célébrée chaque premier jeudi de novembre.,
Armistice 1918,2019-11-11,,Jours fériés,"Le 11 novembre 1918 à 11h, l'armistice met fin à la Première Guerre mondiale après quatre ans de combats. Jour férié depuis 1922. Chaque commune française a son monument aux morts — 36 000 érigés entre 1920 et 1925.",
Armistice de 1918 — Journée du Souvenir,2019-11-11,,Jours fériés|Mémoire|Dates spéciales,"Le 11 novembre 1918 à 11h, l'armistice met fin à la Première Guerre mondiale.",
Pleine Lune,2019-11-12,,Astronomie|Lunaire,La face de la Lune est entièrement éclairée par le Soleil.,
Dernier Quartier,2019-11-19,,Astronomie|Lunaire,Phase lunaire : Dernier Quartier.,
Journée internationale des droits de l'enfant,2019-11-20,,Société,Commémore l'adoption de la Convention des Nations Unies relative aux droits de l'enfant.,
Beaujolais Nouveau,2019-11-21,,Gastronomie|Culture|Commercial,"Chaque troisième jeudi de novembre, le Beaujolais Nouveau est mis en vente.",
Nouvelle Lune,2019-11-26,,Astronomie|Lunaire,La face de la Lune tournée vers la Terre n'est pas éclairée — elle est invisible dans le ciel.,
Fête de la Bretagne,2019-11-30,,Culture|Société,Célébrée le 30 novembre (Saint-André) depuis les années 1990.,
Journée mondiale des personnes handicapées,2019-12-03,,Société,Instaurée par l'ONU en 1992.,
Premier Quartier,2019-12-04,,Astronomie|Lunaire,La moitié droite de la Lune est éclairée. Mi-chemin entre la Nouvelle Lune et la Pleine Lune.,
Journée mondiale du Bénévolat,2019-12-05,,Société,Créée par l'ONU en 1985.,
Saint-Nicolas,2019-12-06,,Christianisme|Culture|Fêtes,"Fête de Nicolas de Myre, évêque du IVe siècle devenu patron des enfants.",
Journée de la Laïcité,2019-12-09,,Société|Dates spéciales,Commémore la loi du 9 décembre 1905 séparant les Églises de l'État.,
Pleine Lune,2019-12-12,,Astronomie|Lunaire,La face de la Lune est entièrement éclairée par le Soleil.,
Dernier Quartier,2019-12-19,,Astronomie|Lunaire,Phase lunaire : Dernier Quartier.,
"Vacances de Noël - Zones A, B et C",2019-12-21,2020-01-05,Vacances scolaires,"Vacances de Noël pour toutes les zones (A, B et C). Durée : 16 jours, du 21/12/2019 au 05/01/2020.",A|B|C
Début de l'Hiver — Solstice d'hiver,2019-12-22,,Saisons|Astronomie,Le solstice d'hiver est le jour le plus court de l'année.,
Jour le plus court de l'année,2019-12-22,,Saisons|Astronomie,Le 22 December est le jour le plus court de l'année 2019.,
Noël,2019-12-25,,Jours fériés|Christianisme|Fêtes,"Célèbre la naissance du Christ. La date du 25 décembre a été fixée au IVe siècle sur une fête solaire romaine préexistante. Le sapin, la bûche et les cadeaux sont des traditions popularisées bien plus tard, au XIXe siècle.",
Nouvelle Lune,2019-12-26,,Astronomie|Lunaire,La face de la Lune tournée vers la Terre n'est pas éclairée — elle est invisible dans le ciel.,
Saint-Étienne,2019-12-26,,Jours fériés|Christianisme,"Le 26 décembre est férié uniquement en Alsace-Moselle (depts 57, 67, 68). Fête de saint Étienne, premier martyr chrétien.",AM
Dernier jour de l'année,2019-12-31,,Dates spéciales,Clôture de l'année civile 2019.,
Fin d'une décennie,2019-12-31,,Dates spéciales,Le 31 décembre 2019 clôture la décennie 2010–2019.,
Saint-Sylvestre / Réveillon du Nouvel An,2019-12-31,,Fêtes|Culture,"Dernier jour de l'année, nommé d'après le pape Sylvestre Ier mort ce jour en 335.",
Début d'une nouvelle décennie,2020-01-01,,Dates spéciales,Le 1er janvier 2020 ouvre la décennie 2020–2029.,
Jour de l'an,2020-01-01,,Jours fériés,Premier jour de l'année civile grégorienne. La tradition des vœux existe depuis l'Antiquité romaine. Le gui porte-bonheur vient d'une coutume druidique bien antérieure au christianisme.,
Premier Quartier,2020-01-03,,Astronomie|Lunaire,La moitié droite de la Lune est éclairée. Mi-chemin entre la Nouvelle Lune et la Pleine Lune.,
Épiphanie,2020-01-06,,Christianisme|Culture|Gastronomie,"Célèbre la visite des Rois Mages à Jésus, 12 jours après Noël.",
Pleine Lune,2020-01-10,,Astronomie|Lunaire,La face de la Lune est entièrement éclairée par le Soleil.,
Dernier Quartier,2020-01-17,,Astronomie|Lunaire,Phase lunaire : Dernier Quartier.,
Journée internationale de l'Éducation,2020-01-24,,Éducation|Société,Proclamée par l'ONU en 2019.,
Nouvelle Lune,2020-01-24,,Astronomie|Lunaire,La face de la Lune tournée vers la Terre n'est pas éclairée — elle est invisible dans le ciel.,
Journée nationale de la Mémoire de la Shoah,2020-01-27,,Mémoire|Société,Commémore la libération du camp d'Auschwitz le 27 janvier 1945.,
Tournoi des Six Nations 2020,2020-02-01,2020-10-31,Sport,"Édition perturbée par le Covid-19, terminée en octobre. L'Angleterre remporte le titre.",all
Chandeleur,2020-02-02,,Culture|Christianisme|Gastronomie,"Fête de la Présentation de Jésus au Temple, 40 jours après Noël.",
Date palindrome,2020-02-02,,Dates spéciales,La date du 02/02/2020 se lit de la même façon dans les deux sens (02022020).,
Journée mondiale des zones humides,2020-02-02,,Environnement,Commémore la Convention de Ramsar signée le 2 février 1971.,
Premier Quartier,2020-02-02,,Astronomie|Lunaire,La moitié droite de la Lune est éclairée. Mi-chemin entre la Nouvelle Lune et la Pleine Lune.,
Journée mondiale contre le cancer,2020-02-04,,Santé,Initiée par l'Union Internationale Contre le Cancer depuis 2000.,
Vacances d'Hiver - Zone C,2020-02-08,2020-02-23,Vacances scolaires,"Vacances d'Hiver pour la zone scolaire C. Durée : 16 jours, du 08/02/2020 au 23/02/2020. Le découpage en zones A, B et C a été instauré en 1972.",C
Pleine Lune,2020-02-09,,Astronomie|Lunaire,La face de la Lune est entièrement éclairée par le Soleil.,
Saint-Valentin,2020-02-14,,Fêtes|Culture,Fête des amoureux le 14 février.,
Dernier Quartier,2020-02-15,,Astronomie|Lunaire,Phase lunaire : Dernier Quartier.,
Vacances d'Hiver - Zone B,2020-02-15,2020-03-01,Vacances scolaires,"Vacances d'Hiver pour la zone scolaire B. Durée : 16 jours, du 15/02/2020 au 01/03/2020. Le découpage en zones A, B et C a été instauré en 1972.",B
Salon de l'Agriculture — Ouverture,2020-02-22,,Gastronomie|Agriculture|Culture,Le Salon International de l'Agriculture se tient chaque fin février à Paris.,
Vacances d'Hiver - Zone A,2020-02-22,2020-03-08,Vacances scolaires,"Vacances d'Hiver pour la zone scolaire A. Durée : 16 jours, du 22/02/2020 au 08/03/2020. Le découpage en zones A, B et C a été instauré en 1972.",A
Nouvelle Lune,2020-02-23,,Astronomie|Lunaire,La face de la Lune tournée vers la Terre n'est pas éclairée — elle est invisible dans le ciel.,
Mardi Gras,2020-02-25,,Christianisme|Culture|Fêtes,"Dernier jour avant le Carême, où la tradition voulait qu'on fasse bombance avant l'abstinence.",
Début du Carême,2020-02-26,,Christianisme,"Le Carême commence le Mercredi des Cendres, 46 jours avant Pâques.",
Jour supplémentaire (année bissextile),2020-02-29,,Dates spéciales,"Une année solaire dure 365,2422 jours. 2020 est l'une des années rares à 366 jours.",
Fête des Grands-Mères,2020-03-01,,Fêtes|Culture,Créée en 1987 par la marque de café Grand'Mère.,
Premier Quartier,2020-03-02,,Astronomie|Lunaire,La moitié droite de la Lune est éclairée. Mi-chemin entre la Nouvelle Lune et la Pleine Lune.,
Journée internationale des femmes,2020-03-08,,Société,Issue des luttes ouvrières du début du XXe siècle en Europe et aux États-Unis.,
Pleine Lune,2020-03-09,,Astronomie|Lunaire,La face de la Lune est entièrement éclairée par le Soleil.,
Dernier Quartier,2020-03-16,,Astronomie|Lunaire,Phase lunaire : Dernier Quartier.,
Saint-Patrick,2020-03-17,,Culture|Fêtes,"Fête nationale irlandaise le 17 mars, commémorant la mort de saint Patrick (461).",
Début du Printemps — Équinoxe de printemps,2020-03-20,,Saisons|Astronomie,L'équinoxe de printemps marque le début astronomique du printemps.,
Journée nationale de lutte contre les discriminations,2020-03-21,,Société,Créée par l'ONU en 1966 en mémoire du massacre de Sharpeville.,
Journée mondiale de l'eau,2020-03-22,,Environnement|Société,Proclamée par l'ONU en 1993.,
Nouvelle Lune,2020-03-24,,Astronomie|Lunaire,La face de la Lune tournée vers la Terre n'est pas éclairée — elle est invisible dans le ciel.,
Passage à l'heure d'été,2020-03-29,,Changement d'heure,"Dans la nuit du samedi au dimanche, les montres avancent d'une heure (2h → 3h).",
Poisson d'avril,2020-04-01,,Culture,Journée des farces et des canulars.,
Premier Quartier,2020-04-01,,Astronomie|Lunaire,La moitié droite de la Lune est éclairée. Mi-chemin entre la Nouvelle Lune et la Pleine Lune.,
Vacances de Printemps - Zone C,2020-04-04,2020-04-19,Vacances scolaires,"Vacances de Printemps pour la zone scolaire C. Durée : 16 jours, du 04/04/2020 au 19/04/2020. Le découpage en zones A, B et C a été instauré en 1972.",C
Dimanche des Rameaux,2020-04-05,,Christianisme,Ouvre la Semaine Sainte en rappelant l'entrée triomphale de Jésus à Jérusalem.,
Journée mondiale de la Santé,2020-04-07,,Santé,Commémore la fondation de l'OMS le 7 avril 1948.,
Pleine Lune,2020-04-08,,Astronomie|Lunaire,La face de la Lune est entièrement éclairée par le Soleil.,
Vendredi Saint,2020-04-10,,Jours fériés|Christianisme,"Commémore la crucifixion du Christ. Jour férié uniquement en Alsace-Moselle (départements 57, 67, 68) en vertu du régime concordataire.",AM
Vendredi Saint,2020-04-10,,Christianisme,Commémore la crucifixion du Christ. Non férié en France depuis la loi de 1905 — sauf en Alsace-Moselle.,
Vacances de Printemps - Zone B,2020-04-11,2020-04-26,Vacances scolaires,"Vacances de Printemps pour la zone scolaire B. Durée : 16 jours, du 11/04/2020 au 26/04/2020. Le découpage en zones A, B et C a été instauré en 1972.",B
Pâques,2020-04-12,,Christianisme,Fête chrétienne célébrant la résurrection du Christ. Sa date varie chaque année car elle suit le calendrier lunaire.,
Lundi de Pâques,2020-04-13,,Jours fériés|Christianisme,"Jour férié qui prolonge le dimanche de Pâques. La tradition des œufs vient du Carême : l'Église interdisait d'en manger pendant 40 jours, on offrait donc à Pâques ceux accumulés.",
Dernier Quartier,2020-04-15,,Astronomie|Lunaire,Phase lunaire : Dernier Quartier.,
Vacances de Printemps - Zone A,2020-04-18,2020-05-03,Vacances scolaires,"Vacances de Printemps pour la zone scolaire A. Durée : 16 jours, du 18/04/2020 au 03/05/2020. Le découpage en zones A, B et C a été instauré en 1972.",A
Jour de la Terre,2020-04-22,,Environnement|Société,Né le 22 avril 1970 après une marée noire en Californie.,
Nouvelle Lune,2020-04-23,,Astronomie|Lunaire,La face de la Lune tournée vers la Terre n'est pas éclairée — elle est invisible dans le ciel.,
Premier Quartier,2020-04-30,,Astronomie|Lunaire,La moitié droite de la Lune est éclairée. Mi-chemin entre la Nouvelle Lune et la Pleine Lune.,
Fête du Travail,2020-05-01,,Jours fériés|Société,"Commémore la grève de Chicago du 1er mai 1886 pour les 8 heures de travail, réprimée dans le sang. Férié et chômé en France depuis 1947. La tradition d'offrir du muguet vient d'une coutume de Charles IX datant de 1561.",
Pleine Lune,2020-05-07,,Astronomie|Lunaire,La face de la Lune est entièrement éclairée par le Soleil.,
Fête de la Victoire 1945,2020-05-08,,Jours fériés,"Le 8 mai 1945, l'Allemagne nazie signe sa capitulation sans condition, mettant fin à la guerre en Europe. Férié depuis 1953, supprimé par Giscard en 1975, puis rétabli par Mitterrand en 1981.",
Abolition de l'esclavage en France — Commémoration,2020-05-10,,Mémoire|Société,Journée nationale instaurée par la loi Taubira de 2001.,
Dernier Quartier,2020-05-14,,Astronomie|Lunaire,Phase lunaire : Dernier Quartier.,
Festival de Cannes — Ouverture,2020-05-14,,Culture|Cinéma,"Le Festival International du Film de Cannes, créé en 1946.",
Nuit des Musées,2020-05-16,,Culture,Créée en France en 2005 et étendue à toute l'Europe.,
"Pont de l'Ascension - Zones A, B et C",2020-05-20,2020-05-24,Vacances scolaires,"Pont de l'Ascension pour toutes les zones (A, B et C). Durée : 5 jours, du 20/05/2020 au 24/05/2020.",A|B|C
Ascension,2020-05-21,,Jours fériés|Christianisme,"Fête chrétienne commémorant la montée du Christ au ciel, 40 jours après Pâques. Toujours un jeudi, ce qui en fait naturellement un pont avec le vendredi.",
Journée mondiale de la biodiversité,2020-05-22,,Environnement,Commémore l'adoption de la Convention sur la Diversité Biologique à Rio.,
Nouvelle Lune,2020-05-22,,Astronomie|Lunaire,La face de la Lune tournée vers la Terre n'est pas éclairée — elle est invisible dans le ciel.,
Pont possible — Ascension,2020-05-22,,Ponts / Congés,Ascension tombe un jeudi le 21/05/2020. Le vendredi 22/05/2020 est un pont potentiel — vérifiez auprès de votre employeur.,
Journée nationale de la Résistance,2020-05-27,,Mémoire|Société,"Le 27 mai 1943, Jean Moulin préside la première réunion secrète du CNR.",
Fête des Voisins,2020-05-29,,Société,Créée en 2000 pour lutter contre l'isolement urbain.,
Premier Quartier,2020-05-30,,Astronomie|Lunaire,La moitié droite de la Lune est éclairée. Mi-chemin entre la Nouvelle Lune et la Pleine Lune.,
Journée mondiale sans tabac,2020-05-31,,Santé,Lancée par l'OMS en 1987.,
Pentecôte,2020-05-31,,Christianisme,"Célèbre la descente de l'Esprit Saint sur les apôtres, 50 jours après Pâques.",
Lundi de Pentecôte,2020-06-01,,Jours fériés|Christianisme,"Jour férié désigné depuis 2004 Journée de solidarité envers les personnes âgées. Les salariés travaillent ce jour sans rémunération supplémentaire, finançant ainsi la prise en charge de la dépendance — instauré après la canicule de 2003 qui fit 15 000 morts en France.",
Pleine Lune,2020-06-05,,Astronomie|Lunaire,La face de la Lune est entièrement éclairée par le Soleil.,
Débarquement en Normandie — Commémoration du Jour J,2020-06-06,,Mémoire|Dates spéciales,"Le 6 juin 1944, 156 000 soldats alliés débarquent sur les plages de Normandie.",
Fête des Mères,2020-06-07,,Fêtes|Culture,"Célébrée le dernier dimanche de mai, sauf si c'est la Pentecôte.",
Journée mondiale de l'océan,2020-06-08,,Environnement,Proposée lors du Sommet de la Terre de Rio en 1992.,
Dernier Quartier,2020-06-13,,Astronomie|Lunaire,Phase lunaire : Dernier Quartier.,
Appel du 18 juin 1940 — Anniversaire,2020-06-18,,Mémoire|Dates spéciales,"Le 18 juin 1940, de Gaulle lance depuis Londres un appel à la Résistance sur la BBC.",
Début de l'Été — Solstice d'été,2020-06-20,,Saisons|Astronomie,Le solstice d'été est le jour le plus long de l'année.,
Jour le plus long de l'année,2020-06-20,,Saisons|Astronomie,Le 20 June est le jour le plus long de l'année 2020.,
Fête de la Musique,2020-06-21,,Culture|Fêtes,Créée en 1982 par le ministre Jack Lang.,
Fête des Pères,2020-06-21,,Fêtes|Culture,"Née aux États-Unis en 1910, introduite en France dans les années 1950.",
Nouvelle Lune,2020-06-21,,Astronomie|Lunaire,La face de la Lune tournée vers la Terre n'est pas éclairée — elle est invisible dans le ciel.,
Fête du Cinéma,2020-06-28,,Culture|Cinéma,"Créée en 1985, elle propose chaque fin juin des places à tarif réduit.",
Premier Quartier,2020-06-28,,Astronomie|Lunaire,La moitié droite de la Lune est éclairée. Mi-chemin entre la Nouvelle Lune et la Pleine Lune.,
Milieu de l'année,2020-07-01,,Dates spéciales,Ce jour marque le point médian exact de l'année 2020.,
"Vacances d'Été - Zones A, B et C",2020-07-04,2020-08-31,Vacances scolaires,"Vacances d'Été pour toutes les zones (A, B et C). Durée : 59 jours, du 04/07/2020 au 31/08/2020.",A|B|C
Festival d'Avignon — Ouverture,2020-07-05,,Culture|Théâtre,Créé par Jean Vilar en 1947 dans la cour du Palais des Papes.,
Pleine Lune,2020-07-05,,Astronomie|Lunaire,La face de la Lune est entièrement éclairée par le Soleil.,
Commémoration de la Rafle du Vél d'Hiv,2020-07-12,,Mémoire|Société,"Les 16-17 juillet 1942, la police française arrêta 13 152 Juifs à Paris.",
Dernier Quartier,2020-07-13,,Astronomie|Lunaire,Phase lunaire : Dernier Quartier.,
Pont possible — Fête nationale,2020-07-13,,Ponts / Congés,Fête nationale tombe un mardi le 14/07/2020. Le lundi 13/07/2020 est un pont potentiel — vérifiez auprès de votre employeur.,
Fête Nationale,2020-07-14,,Jours fériés|Société|Dates spéciales,Commémore la prise de la Bastille le 14 juillet 1789.,
Fête nationale,2020-07-14,,Jours fériés,"Commémore la prise de la Bastille le 14 juillet 1789, symbole de la Révolution française. Jour férié depuis 1880. Défilé militaire sur les Champs-Élysées, bals des pompiers et feux d'artifice dans toute la France.",
Nouvelle Lune,2020-07-20,,Astronomie|Lunaire,La face de la Lune tournée vers la Terre n'est pas éclairée — elle est invisible dans le ciel.,
Premier Quartier,2020-07-27,,Astronomie|Lunaire,La moitié droite de la Lune est éclairée. Mi-chemin entre la Nouvelle Lune et la Pleine Lune.,
Nuit des Étoiles,2020-08-01,,Astronomie|Éducation|Culture,Organisée chaque premier week-end d'août par l'Association Française d'Astronomie depuis 1991.,
Pleine Lune,2020-08-03,,Astronomie|Lunaire,La face de la Lune est entièrement éclairée par le Soleil.,
Dernier Quartier,2020-08-11,,Astronomie|Lunaire,Phase lunaire : Dernier Quartier.,
Assomption,2020-08-15,,Jours fériés,"Célèbre l'élévation de la Vierge Marie au ciel. Fête chrétienne ancienne, jour férié en France depuis le Concordat de 1802. Elle tombe en plein cœur de l'été, au milieu des grandes vacances.",
Assomption de Marie,2020-08-15,,Christianisme|Jours fériés,Célèbre l'élévation de la Vierge Marie au ciel.,
Nouvelle Lune,2020-08-19,,Astronomie|Lunaire,La face de la Lune tournée vers la Terre n'est pas éclairée — elle est invisible dans le ciel.,
Ligue 1 2020-2021,2020-08-21,2021-05-23,Sport,LOSC Lille remporte le titre pour la 4e fois de son histoire.,all
Premier Quartier,2020-08-25,,Astronomie|Lunaire,La moitié droite de la Lune est éclairée. Mi-chemin entre la Nouvelle Lune et la Pleine Lune.,
Tour de France 2020,2020-08-29,2020-09-20,Sport,Édition décalée en raison du Covid-19. Victoire de Tadej Pogacar (Slovénie).,all
Pleine Lune,2020-09-02,,Astronomie|Lunaire,La face de la Lune est entièrement éclairée par le Soleil.,
Rentrée des classes,2020-09-02,,Éducation|Société,La rentrée de septembre mobilise 12 millions d'élèves et 870 000 enseignants en France.,
Braderie de Lille,2020-09-05,,Culture|Commerce,"Plus grande braderie d'Europe, organisée le premier week-end de septembre à Lille.",
Dernier Quartier,2020-09-10,,Astronomie|Lunaire,Phase lunaire : Dernier Quartier.,
Nouvelle Lune,2020-09-17,,Astronomie|Lunaire,La face de la Lune tournée vers la Terre n'est pas éclairée — elle est invisible dans le ciel.,
24 Heures du Mans 2020,2020-09-19,2020-09-20,Sport,"Course à huis clos en raison du Covid-19. Victoire Toyota (Conway, Kobayashi, López).",all
Journées du Patrimoine,2020-09-19,,Culture|Société,"Créées en France en 1984 par Jack Lang, étendues à toute l'Europe en 1991.",
Début de l'Automne — Équinoxe d'automne,2020-09-22,,Saisons|Astronomie,L'équinoxe d'automne marque le début de l'automne.,
Journée mondiale sans voiture,2020-09-22,,Environnement|Société,Lancée en France en 1998 par La Rochelle.,
Premier Quartier,2020-09-24,,Astronomie|Lunaire,La moitié droite de la Lune est éclairée. Mi-chemin entre la Nouvelle Lune et la Pleine Lune.,
Roland-Garros 2020,2020-09-27,2020-10-11,Sport,Reporté à l'automne en raison du Covid-19. Victoire de Nadal et Swiatek.,all
Journée mondiale du cacao et du chocolat,2020-10-01,,Gastronomie|Culture,Célébrée le 1er octobre et associée à l'Organisation internationale du cacao (ICCO).,
Lancement d'Octobre Rose,2020-10-01,,Santé,Tout octobre est dédié à la sensibilisation au cancer du sein.,
Pleine Lune,2020-10-01,,Astronomie|Lunaire,La face de la Lune est entièrement éclairée par le Soleil.,
Nuit Blanche,2020-10-03,,Culture,Initiée à Paris en 2002 par le maire Bertrand Delanoë.,
Fête des Grands-Pères,2020-10-04,,Fêtes|Culture,"Créée en 2008, elle a lieu chaque premier dimanche d'octobre.",
Dernier Quartier,2020-10-10,,Astronomie|Lunaire,Phase lunaire : Dernier Quartier.,
Journée mondiale de la santé mentale,2020-10-10,,Santé|Société,Créée par la Fédération Mondiale pour la Santé Mentale en 1992.,
Semaine du Goût,2020-10-12,,Gastronomie|Culture,Créée en 1990 par le chef Joël Robuchon.,
Journée mondiale de l'alimentation,2020-10-16,,Gastronomie|Société|Santé,Commémore la fondation de la FAO le 16 octobre 1945.,
Nouvelle Lune,2020-10-16,,Astronomie|Lunaire,La face de la Lune tournée vers la Terre n'est pas éclairée — elle est invisible dans le ciel.,
"Vacances de la Toussaint - Zones A, B et C",2020-10-17,2020-11-01,Vacances scolaires,"Vacances de la Toussaint pour toutes les zones (A, B et C). Durée : 16 jours, du 17/10/2020 au 01/11/2020.",A|B|C
Premier Quartier,2020-10-23,,Astronomie|Lunaire,La moitié droite de la Lune est éclairée. Mi-chemin entre la Nouvelle Lune et la Pleine Lune.,
Passage à l'heure d'hiver,2020-10-25,,Changement d'heure,"Dans la nuit du samedi au dimanche, les montres reculent d'une heure (3h → 2h).",
Halloween,2020-10-31,,Culture|Fêtes,Fête d'origine celtique (la nuit de Samain) christianisée puis popularisée par la diaspora irlandaise.,
Pleine Lune,2020-10-31,,Astronomie|Lunaire,La face de la Lune est entièrement éclairée par le Soleil.,
Lancement du Mois sans Tabac,2020-11-01,,Santé,Lancé en France en 2016 par Santé Publique France.,
Toussaint,2020-11-01,,Jours fériés|Christianisme,"Fête de tous les saints, instituée par le pape Grégoire IV en 835. En France, la tradition de fleurir les tombes avec des chrysanthèmes s'est greffée dessus — ces fleurs sont désormais intimement liées à ce jour.",
Journée nationale de l'arbre,2020-11-05,,Environnement,Célébrée chaque premier jeudi de novembre.,
Dernier Quartier,2020-11-08,,Astronomie|Lunaire,Phase lunaire : Dernier Quartier.,
Armistice 1918,2020-11-11,,Jours fériés,"Le 11 novembre 1918 à 11h, l'armistice met fin à la Première Guerre mondiale après quatre ans de combats. Jour férié depuis 1922. Chaque commune française a son monument aux morts — 36 000 érigés entre 1920 et 1925.",
Armistice de 1918 — Journée du Souvenir,2020-11-11,,Jours fériés|Mémoire|Dates spéciales,"Le 11 novembre 1918 à 11h, l'armistice met fin à la Première Guerre mondiale.",
Nouvelle Lune,2020-11-15,,Astronomie|Lunaire,La face de la Lune tournée vers la Terre n'est pas éclairée — elle est invisible dans le ciel.,
Beaujolais Nouveau,2020-11-19,,Gastronomie|Culture|Commercial,"Chaque troisième jeudi de novembre, le Beaujolais Nouveau est mis en vente.",
Journée internationale des droits de l'enfant,2020-11-20,,Société,Commémore l'adoption de la Convention des Nations Unies relative aux droits de l'enfant.,
Premier Quartier,2020-11-22,,Astronomie|Lunaire,La moitié droite de la Lune est éclairée. Mi-chemin entre la Nouvelle Lune et la Pleine Lune.,
Fête de la Bretagne,2020-11-30,,Culture|Société,Célébrée le 30 novembre (Saint-André) depuis les années 1990.,
Pleine Lune,2020-11-30,,Astronomie|Lunaire,La face de la Lune est entièrement éclairée par le Soleil.,
Journée mondiale des personnes handicapées,2020-12-03,,Société,Instaurée par l'ONU en 1992.,
Journée mondiale du Bénévolat,2020-12-05,,Société,Créée par l'ONU en 1985.,
Saint-Nicolas,2020-12-06,,Christianisme|Culture|Fêtes,"Fête de Nicolas de Myre, évêque du IVe siècle devenu patron des enfants.",
Dernier Quartier,2020-12-08,,Astronomie|Lunaire,Phase lunaire : Dernier Quartier.,
Journée de la Laïcité,2020-12-09,,Société|Dates spéciales,Commémore la loi du 9 décembre 1905 séparant les Églises de l'État.,
Nouvelle Lune,2020-12-14,,Astronomie|Lunaire,La face de la Lune tournée vers la Terre n'est pas éclairée — elle est invisible dans le ciel.,
"Vacances de Noël - Zones A, B et C",2020-12-19,2021-01-03,Vacances scolaires,"Vacances de Noël pour toutes les zones (A, B et C). Durée : 16 jours, du 19/12/2020 au 03/01/2021.",A|B|C
Début de l'Hiver — Solstice d'hiver,2020-12-21,,Saisons|Astronomie,Le solstice d'hiver est le jour le plus court de l'année.,
Jour le plus court de l'année,2020-12-21,,Saisons|Astronomie,Le 21 December est le jour le plus court de l'année 2020.,
Premier Quartier,2020-12-22,,Astronomie|Lunaire,La moitié droite de la Lune est éclairée. Mi-chemin entre la Nouvelle Lune et la Pleine Lune.,
Noël,2020-12-25,,Jours fériés|Christianisme|Fêtes,"Célèbre la naissance du Christ. La date du 25 décembre a été fixée au IVe siècle sur une fête solaire romaine préexistante. Le sapin, la bûche et les cadeaux sont des traditions popularisées bien plus tard, au XIXe siècle.",
Saint-Étienne,2020-12-26,,Jours fériés|Christianisme,"Le 26 décembre est férié uniquement en Alsace-Moselle (depts 57, 67, 68). Fête de saint Étienne, premier martyr chrétien.",AM
Année avec 53e semaine ISO,2020-12-28,,Dates spéciales,L'année 2020 comporte une semaine 53 dans le calendrier ISO.,
Pleine Lune,2020-12-30,,Astronomie|Lunaire,La face de la Lune est entièrement éclairée par le Soleil.,
Dernier jour de l'année,2020-12-31,,Dates spéciales,Clôture de l'année civile 2020.,
Saint-Sylvestre / Réveillon du Nouvel An,2020-12-31,,Fêtes|Culture,"Dernier jour de l'année, nommé d'après le pape Sylvestre Ier mort ce jour en 335.",
Jour de l'an,2021-01-01,,Jours fériés,Premier jour de l'année civile grégorienne. La tradition des vœux existe depuis l'Antiquité romaine. Le gui porte-bonheur vient d'une coutume druidique bien antérieure au christianisme.,
Dernier Quartier,2021-01-06,,Astronomie|Lunaire,Phase lunaire : Dernier Quartier.,
Épiphanie,2021-01-06,,Christianisme|Culture|Gastronomie,"Célèbre la visite des Rois Mages à Jésus, 12 jours après Noël.",
Championnat du monde de handball masculin 2021,2021-01-13,2021-01-31,Sport,Organisé en Égypte. Le Danemark remporte son 2e titre consécutif face à la France en finale.,all
Nouvelle Lune,2021-01-13,,Astronomie|Lunaire,La face de la Lune tournée vers la Terre n'est pas éclairée — elle est invisible dans le ciel.,
Premier Quartier,2021-01-20,,Astronomie|Lunaire,La moitié droite de la Lune est éclairée. Mi-chemin entre la Nouvelle Lune et la Pleine Lune.,
Journée internationale de l'Éducation,2021-01-24,,Éducation|Société,Proclamée par l'ONU en 2019.,
Journée nationale de la Mémoire de la Shoah,2021-01-27,,Mémoire|Société,Commémore la libération du camp d'Auschwitz le 27 janvier 1945.,
Pleine Lune,2021-01-28,,Astronomie|Lunaire,La face de la Lune est entièrement éclairée par le Soleil.,
Chandeleur,2021-02-02,,Culture|Christianisme|Gastronomie,"Fête de la Présentation de Jésus au Temple, 40 jours après Noël.",
Journée mondiale des zones humides,2021-02-02,,Environnement,Commémore la Convention de Ramsar signée le 2 février 1971.,
Dernier Quartier,2021-02-04,,Astronomie|Lunaire,Phase lunaire : Dernier Quartier.,
Journée mondiale contre le cancer,2021-02-04,,Santé,Initiée par l'Union Internationale Contre le Cancer depuis 2000.,
Tournoi des Six Nations 2021,2021-02-06,2021-03-20,Sport,Le Pays de Galles remporte le Grand Chelem.,all
Vacances d'Hiver - Zone A,2021-02-06,2021-02-21,Vacances scolaires,"Vacances d'Hiver pour la zone scolaire A. Durée : 16 jours, du 06/02/2021 au 21/02/2021. Le découpage en zones A, B et C a été instauré en 1972.",A
Nouvelle Lune,2021-02-11,,Astronomie|Lunaire,La face de la Lune tournée vers la Terre n'est pas éclairée — elle est invisible dans le ciel.,
Date palindrome,2021-02-12,,Dates spéciales,La date du 12/02/2021 se lit de la même façon dans les deux sens (12022021).,
Vacances d'Hiver - Zone C,2021-02-13,2021-02-28,Vacances scolaires,"Vacances d'Hiver pour la zone scolaire C. Durée : 16 jours, du 13/02/2021 au 28/02/2021. Le découpage en zones A, B et C a été instauré en 1972.",C
Saint-Valentin,2021-02-14,,Fêtes|Culture,Fête des amoureux le 14 février.,
Mardi Gras,2021-02-16,,Christianisme|Culture|Fêtes,"Dernier jour avant le Carême, où la tradition voulait qu'on fasse bombance avant l'abstinence.",
Début du Carême,2021-02-17,,Christianisme,"Le Carême commence le Mercredi des Cendres, 46 jours avant Pâques.",
Premier Quartier,2021-02-19,,Astronomie|Lunaire,La moitié droite de la Lune est éclairée. Mi-chemin entre la Nouvelle Lune et la Pleine Lune.,
Vacances d'Hiver - Zone B,2021-02-20,2021-03-07,Vacances scolaires,"Vacances d'Hiver pour la zone scolaire B. Durée : 16 jours, du 20/02/2021 au 07/03/2021. Le découpage en zones A, B et C a été instauré en 1972.",B
Pleine Lune,2021-02-27,,Astronomie|Lunaire,La face de la Lune est entièrement éclairée par le Soleil.,
Salon de l'Agriculture — Ouverture,2021-02-27,,Gastronomie|Agriculture|Culture,Le Salon International de l'Agriculture se tient chaque fin février à Paris.,
Dernier Quartier,2021-03-06,,Astronomie|Lunaire,Phase lunaire : Dernier Quartier.,
Fête des Grands-Mères,2021-03-07,,Fêtes|Culture,Créée en 1987 par la marque de café Grand'Mère.,
Journée internationale des femmes,2021-03-08,,Société,Issue des luttes ouvrières du début du XXe siècle en Europe et aux États-Unis.,
Nouvelle Lune,2021-03-13,,Astronomie|Lunaire,La face de la Lune tournée vers la Terre n'est pas éclairée — elle est invisible dans le ciel.,
Saint-Patrick,2021-03-17,,Culture|Fêtes,"Fête nationale irlandaise le 17 mars, commémorant la mort de saint Patrick (461).",
Début du Printemps — Équinoxe de printemps,2021-03-20,,Saisons|Astronomie,L'équinoxe de printemps marque le début astronomique du printemps.,
Journée nationale de lutte contre les discriminations,2021-03-21,,Société,Créée par l'ONU en 1966 en mémoire du massacre de Sharpeville.,
Premier Quartier,2021-03-21,,Astronomie|Lunaire,La moitié droite de la Lune est éclairée. Mi-chemin entre la Nouvelle Lune et la Pleine Lune.,
Journée mondiale de l'eau,2021-03-22,,Environnement|Société,Proclamée par l'ONU en 1993.,
Dimanche des Rameaux,2021-03-28,,Christianisme,Ouvre la Semaine Sainte en rappelant l'entrée triomphale de Jésus à Jérusalem.,
Passage à l'heure d'été,2021-03-28,,Changement d'heure,"Dans la nuit du samedi au dimanche, les montres avancent d'une heure (2h → 3h).",
Pleine Lune,2021-03-28,,Astronomie|Lunaire,La face de la Lune est entièrement éclairée par le Soleil.,
Poisson d'avril,2021-04-01,,Culture,Journée des farces et des canulars.,
Vendredi Saint,2021-04-02,,Jours fériés|Christianisme,"Commémore la crucifixion du Christ. Jour férié uniquement en Alsace-Moselle (départements 57, 67, 68) en vertu du régime concordataire.",AM
Vendredi Saint,2021-04-02,,Christianisme,Commémore la crucifixion du Christ. Non férié en France depuis la loi de 1905 — sauf en Alsace-Moselle.,
Dernier Quartier,2021-04-04,,Astronomie|Lunaire,Phase lunaire : Dernier Quartier.,
Pâques,2021-04-04,,Christianisme,Fête chrétienne célébrant la résurrection du Christ. Sa date varie chaque année car elle suit le calendrier lunaire.,
Lundi de Pâques,2021-04-05,,Jours fériés|Christianisme,"Jour férié qui prolonge le dimanche de Pâques. La tradition des œufs vient du Carême : l'Église interdisait d'en manger pendant 40 jours, on offrait donc à Pâques ceux accumulés.",
Journée mondiale de la Santé,2021-04-07,,Santé,Commémore la fondation de l'OMS le 7 avril 1948.,
"Vacances de Printemps - Zones A, B et C",2021-04-10,2021-04-25,Vacances scolaires,"Vacances de Printemps pour toutes les zones (A, B et C). Durée : 16 jours, du 10/04/2021 au 25/04/2021.",A|B|C
Nouvelle Lune,2021-04-12,,Astronomie|Lunaire,La face de la Lune tournée vers la Terre n'est pas éclairée — elle est invisible dans le ciel.,
Premier Quartier,2021-04-20,,Astronomie|Lunaire,La moitié droite de la Lune est éclairée. Mi-chemin entre la Nouvelle Lune et la Pleine Lune.,
Jour de la Terre,2021-04-22,,Environnement|Société,Né le 22 avril 1970 après une marée noire en Californie.,
Pleine Lune,2021-04-27,,Astronomie|Lunaire,La face de la Lune est entièrement éclairée par le Soleil.,
Fête du Travail,2021-05-01,,Jours fériés|Société,"Commémore la grève de Chicago du 1er mai 1886 pour les 8 heures de travail, réprimée dans le sang. Férié et chômé en France depuis 1947. La tradition d'offrir du muguet vient d'une coutume de Charles IX datant de 1561.",
Dernier Quartier,2021-05-03,,Astronomie|Lunaire,Phase lunaire : Dernier Quartier.,
Fête de la Victoire 1945,2021-05-08,,Jours fériés,"Le 8 mai 1945, l'Allemagne nazie signe sa capitulation sans condition, mettant fin à la guerre en Europe. Férié depuis 1953, supprimé par Giscard en 1975, puis rétabli par Mitterrand en 1981.",
Abolition de l'esclavage en France — Commémoration,2021-05-10,,Mémoire|Société,Journée nationale instaurée par la loi Taubira de 2001.,
Nouvelle Lune,2021-05-11,,Astronomie|Lunaire,La face de la Lune tournée vers la Terre n'est pas éclairée — elle est invisible dans le ciel.,
Ascension,2021-05-13,,Jours fériés|Christianisme,"Fête chrétienne commémorant la montée du Christ au ciel, 40 jours après Pâques. Toujours un jeudi, ce qui en fait naturellement un pont avec le vendredi.",
"Pont de l'Ascension - Zones A, B et C",2021-05-13,2021-05-16,Vacances scolaires,"Pont de l'Ascension pour toutes les zones (A, B et C). Durée : 4 jours, du 13/05/2021 au 16/05/2021.",A|B|C
Festival de Cannes — Ouverture,2021-05-14,,Culture|Cinéma,"Le Festival International du Film de Cannes, créé en 1946.",
Pont possible — Ascension,2021-05-14,,Ponts / Congés,Ascension tombe un jeudi le 13/05/2021. Le vendredi 14/05/2021 est un pont potentiel — vérifiez auprès de votre employeur.,
Nuit des Musées,2021-05-15,,Culture,Créée en France en 2005 et étendue à toute l'Europe.,
Premier Quartier,2021-05-19,,Astronomie|Lunaire,La moitié droite de la Lune est éclairée. Mi-chemin entre la Nouvelle Lune et la Pleine Lune.,
Journée mondiale de la biodiversité,2021-05-22,,Environnement,Commémore l'adoption de la Convention sur la Diversité Biologique à Rio.,
Pentecôte,2021-05-23,,Christianisme,"Célèbre la descente de l'Esprit Saint sur les apôtres, 50 jours après Pâques.",
Lundi de Pentecôte,2021-05-24,,Jours fériés|Christianisme,"Jour férié désigné depuis 2004 Journée de solidarité envers les personnes âgées. Les salariés travaillent ce jour sans rémunération supplémentaire, finançant ainsi la prise en charge de la dépendance — instauré après la canicule de 2003 qui fit 15 000 morts en France.",
Roland-Garros 2021,2021-05-24,2021-06-13,Sport,Victoire de Novak Djokovic et Barbora Krejcikova.,all
Pleine Lune,2021-05-26,,Astronomie|Lunaire,La face de la Lune est entièrement éclairée par le Soleil.,
Journée nationale de la Résistance,2021-05-27,,Mémoire|Société,"Le 27 mai 1943, Jean Moulin préside la première réunion secrète du CNR.",
Fête des Voisins,2021-05-28,,Société,Créée en 2000 pour lutter contre l'isolement urbain.,
Fête des Mères,2021-05-30,,Fêtes|Culture,"Célébrée le dernier dimanche de mai, sauf si c'est la Pentecôte.",
Journée mondiale sans tabac,2021-05-31,,Santé,Lancée par l'OMS en 1987.,
Dernier Quartier,2021-06-02,,Astronomie|Lunaire,Phase lunaire : Dernier Quartier.,
Débarquement en Normandie — Commémoration du Jour J,2021-06-06,,Mémoire|Dates spéciales,"Le 6 juin 1944, 156 000 soldats alliés débarquent sur les plages de Normandie.",
Journée mondiale de l'océan,2021-06-08,,Environnement,Proposée lors du Sommet de la Terre de Rio en 1992.,
Nouvelle Lune,2021-06-10,,Astronomie|Lunaire,La face de la Lune tournée vers la Terre n'est pas éclairée — elle est invisible dans le ciel.,
UEFA Euro 2020,2021-06-11,2021-07-11,Sport,Euro reporté d'un an. L'Italie remporte le titre face à l'Angleterre aux t.a.b.,all
Appel du 18 juin 1940 — Anniversaire,2021-06-18,,Mémoire|Dates spéciales,"Le 18 juin 1940, de Gaulle lance depuis Londres un appel à la Résistance sur la BBC.",
Premier Quartier,2021-06-18,,Astronomie|Lunaire,La moitié droite de la Lune est éclairée. Mi-chemin entre la Nouvelle Lune et la Pleine Lune.,
Fête des Pères,2021-06-20,,Fêtes|Culture,"Née aux États-Unis en 1910, introduite en France dans les années 1950.",
Début de l'Été — Solstice d'été,2021-06-21,,Saisons|Astronomie,Le solstice d'été est le jour le plus long de l'année.,
Fête de la Musique,2021-06-21,,Culture|Fêtes,Créée en 1982 par le ministre Jack Lang.,
Jour le plus long de l'année,2021-06-21,,Saisons|Astronomie,Le 21 June est le jour le plus long de l'année 2021.,
Pleine Lune,2021-06-24,,Astronomie|Lunaire,La face de la Lune est entièrement éclairée par le Soleil.,
Tour de France 2021,2021-06-26,2021-07-18,Sport,Victoire de Tadej Pogacar pour la 2e année consécutive.,all
Fête du Cinéma,2021-06-27,,Culture|Cinéma,"Créée en 1985, elle propose chaque fin juin des places à tarif réduit.",
Dernier Quartier,2021-07-01,,Astronomie|Lunaire,Phase lunaire : Dernier Quartier.,
Milieu de l'année,2021-07-02,,Dates spéciales,Ce jour marque le point médian exact de l'année 2021.,
Festival d'Avignon — Ouverture,2021-07-05,,Culture|Théâtre,Créé par Jean Vilar en 1947 dans la cour du Palais des Papes.,
"Vacances d'Été - Zones A, B et C",2021-07-06,2021-09-01,Vacances scolaires,"Vacances d'Été pour toutes les zones (A, B et C). Durée : 58 jours, du 06/07/2021 au 01/09/2021.",A|B|C
Nouvelle Lune,2021-07-10,,Astronomie|Lunaire,La face de la Lune tournée vers la Terre n'est pas éclairée — elle est invisible dans le ciel.,
Commémoration de la Rafle du Vél d'Hiv,2021-07-11,,Mémoire|Société,"Les 16-17 juillet 1942, la police française arrêta 13 152 Juifs à Paris.",
Fête Nationale,2021-07-14,,Jours fériés|Société|Dates spéciales,Commémore la prise de la Bastille le 14 juillet 1789.,
Fête nationale,2021-07-14,,Jours fériés,"Commémore la prise de la Bastille le 14 juillet 1789, symbole de la Révolution française. Jour férié depuis 1880. Défilé militaire sur les Champs-Élysées, bals des pompiers et feux d'artifice dans toute la France.",
Premier Quartier,2021-07-17,,Astronomie|Lunaire,La moitié droite de la Lune est éclairée. Mi-chemin entre la Nouvelle Lune et la Pleine Lune.,
Jeux Olympiques de Tokyo 2020,2021-07-23,2021-08-08,Sport|JO,Jeux reportés d'un an. La France termine 8e au tableau des médailles (10 or).,all
Pleine Lune,2021-07-24,,Astronomie|Lunaire,La face de la Lune est entièrement éclairée par le Soleil.,
Dernier Quartier,2021-07-31,,Astronomie|Lunaire,Phase lunaire : Dernier Quartier.,
Ligue 1 2021-2022,2021-08-06,2022-05-21,Sport,Le PSG remporte le titre. Kylian Mbappé est à la fois meilleur buteur et meilleur passeur.,all
Nuit des Étoiles,2021-08-07,,Astronomie|Éducation|Culture,Organisée chaque premier week-end d'août par l'Association Française d'Astronomie depuis 1991.,
Nouvelle Lune,2021-08-08,,Astronomie|Lunaire,La face de la Lune tournée vers la Terre n'est pas éclairée — elle est invisible dans le ciel.,
Assomption,2021-08-15,,Jours fériés,"Célèbre l'élévation de la Vierge Marie au ciel. Fête chrétienne ancienne, jour férié en France depuis le Concordat de 1802. Elle tombe en plein cœur de l'été, au milieu des grandes vacances.",
Assomption de Marie,2021-08-15,,Christianisme|Jours fériés,Célèbre l'élévation de la Vierge Marie au ciel.,
Premier Quartier,2021-08-15,,Astronomie|Lunaire,La moitié droite de la Lune est éclairée. Mi-chemin entre la Nouvelle Lune et la Pleine Lune.,
24 Heures du Mans 2021,2021-08-21,2021-08-22,Sport,"Victoire Toyota (Buemi, Hartley, Hirakawa).",all
Pleine Lune,2021-08-22,,Astronomie|Lunaire,La face de la Lune est entièrement éclairée par le Soleil.,
Jeux Paralympiques de Tokyo 2020,2021-08-24,2021-09-05,Sport|Jeux Paralympiques,"XVIes Jeux Paralympiques d'été à Tokyo, Japon.",all
Dernier Quartier,2021-08-30,,Astronomie|Lunaire,Phase lunaire : Dernier Quartier.,
Rentrée des classes,2021-09-02,,Éducation|Société,La rentrée de septembre mobilise 12 millions d'élèves et 870 000 enseignants en France.,
Braderie de Lille,2021-09-04,,Culture|Commerce,"Plus grande braderie d'Europe, organisée le premier week-end de septembre à Lille.",
Nouvelle Lune,2021-09-07,,Astronomie|Lunaire,La face de la Lune tournée vers la Terre n'est pas éclairée — elle est invisible dans le ciel.,
Premier Quartier,2021-09-13,,Astronomie|Lunaire,La moitié droite de la Lune est éclairée. Mi-chemin entre la Nouvelle Lune et la Pleine Lune.,
Journées du Patrimoine,2021-09-18,,Culture|Société,"Créées en France en 1984 par Jack Lang, étendues à toute l'Europe en 1991.",
Pleine Lune,2021-09-21,,Astronomie|Lunaire,La face de la Lune est entièrement éclairée par le Soleil.,
Début de l'Automne — Équinoxe d'automne,2021-09-22,,Saisons|Astronomie,L'équinoxe d'automne marque le début de l'automne.,
Journée mondiale sans voiture,2021-09-22,,Environnement|Société,Lancée en France en 1998 par La Rochelle.,
Dernier Quartier,2021-09-29,,Astronomie|Lunaire,Phase lunaire : Dernier Quartier.,
Journée mondiale du cacao et du chocolat,2021-10-01,,Gastronomie|Culture,Célébrée le 1er octobre et associée à l'Organisation internationale du cacao (ICCO).,
Lancement d'Octobre Rose,2021-10-01,,Santé,Tout octobre est dédié à la sensibilisation au cancer du sein.,
Nuit Blanche,2021-10-02,,Culture,Initiée à Paris en 2002 par le maire Bertrand Delanoë.,
Fête des Grands-Pères,2021-10-03,,Fêtes|Culture,"Créée en 2008, elle a lieu chaque premier dimanche d'octobre.",
Nouvelle Lune,2021-10-06,,Astronomie|Lunaire,La face de la Lune tournée vers la Terre n'est pas éclairée — elle est invisible dans le ciel.,
Journée mondiale de la santé mentale,2021-10-10,,Santé|Société,Créée par la Fédération Mondiale pour la Santé Mentale en 1992.,
Semaine du Goût,2021-10-11,,Gastronomie|Culture,Créée en 1990 par le chef Joël Robuchon.,
Premier Quartier,2021-10-13,,Astronomie|Lunaire,La moitié droite de la Lune est éclairée. Mi-chemin entre la Nouvelle Lune et la Pleine Lune.,
Journée mondiale de l'alimentation,2021-10-16,,Gastronomie|Société|Santé,Commémore la fondation de la FAO le 16 octobre 1945.,
Pleine Lune,2021-10-20,,Astronomie|Lunaire,La face de la Lune est entièrement éclairée par le Soleil.,
"Vacances de la Toussaint - Zones A, B et C",2021-10-23,2021-11-07,Vacances scolaires,"Vacances de la Toussaint pour toutes les zones (A, B et C). Durée : 16 jours, du 23/10/2021 au 07/11/2021.",A|B|C
Dernier Quartier,2021-10-28,,Astronomie|Lunaire,Phase lunaire : Dernier Quartier.,
Halloween,2021-10-31,,Culture|Fêtes,Fête d'origine celtique (la nuit de Samain) christianisée puis popularisée par la diaspora irlandaise.,
Passage à l'heure d'hiver,2021-10-31,,Changement d'heure,"Dans la nuit du samedi au dimanche, les montres reculent d'une heure (3h → 2h).",
Lancement du Mois sans Tabac,2021-11-01,,Santé,Lancé en France en 2016 par Santé Publique France.,
Toussaint,2021-11-01,,Jours fériés|Christianisme,"Fête de tous les saints, instituée par le pape Grégoire IV en 835. En France, la tradition de fleurir les tombes avec des chrysanthèmes s'est greffée dessus — ces fleurs sont désormais intimement liées à ce jour.",
Journée nationale de l'arbre,2021-11-04,,Environnement,Célébrée chaque premier jeudi de novembre.,
Nouvelle Lune,2021-11-04,,Astronomie|Lunaire,La face de la Lune tournée vers la Terre n'est pas éclairée — elle est invisible dans le ciel.,
Armistice 1918,2021-11-11,,Jours fériés,"Le 11 novembre 1918 à 11h, l'armistice met fin à la Première Guerre mondiale après quatre ans de combats. Jour férié depuis 1922. Chaque commune française a son monument aux morts — 36 000 érigés entre 1920 et 1925.",
Armistice de 1918 — Journée du Souvenir,2021-11-11,,Jours fériés|Mémoire|Dates spéciales,"Le 11 novembre 1918 à 11h, l'armistice met fin à la Première Guerre mondiale.",
Premier Quartier,2021-11-11,,Astronomie|Lunaire,La moitié droite de la Lune est éclairée. Mi-chemin entre la Nouvelle Lune et la Pleine Lune.,
Pont possible — Armistice 1918,2021-11-12,,Ponts / Congés,Armistice 1918 tombe un jeudi le 11/11/2021. Le vendredi 12/11/2021 est un pont potentiel — vérifiez auprès de votre employeur.,
Beaujolais Nouveau,2021-11-18,,Gastronomie|Culture|Commercial,"Chaque troisième jeudi de novembre, le Beaujolais Nouveau est mis en vente.",
Pleine Lune,2021-11-19,,Astronomie|Lunaire,La face de la Lune est entièrement éclairée par le Soleil.,
Journée internationale des droits de l'enfant,2021-11-20,,Société,Commémore l'adoption de la Convention des Nations Unies relative aux droits de l'enfant.,
Dernier Quartier,2021-11-27,,Astronomie|Lunaire,Phase lunaire : Dernier Quartier.,
Fête de la Bretagne,2021-11-30,,Culture|Société,Célébrée le 30 novembre (Saint-André) depuis les années 1990.,
Championnats du monde de handball féminin 2021,2021-12-01,2021-12-19,Sport,Organisés en Espagne. La France remporte son 2e titre mondial face à la Norvège en finale (31-20).,all
Journée mondiale des personnes handicapées,2021-12-03,,Société,Instaurée par l'ONU en 1992.,
Nouvelle Lune,2021-12-04,,Astronomie|Lunaire,La face de la Lune tournée vers la Terre n'est pas éclairée — elle est invisible dans le ciel.,
Journée mondiale du Bénévolat,2021-12-05,,Société,Créée par l'ONU en 1985.,
Saint-Nicolas,2021-12-06,,Christianisme|Culture|Fêtes,"Fête de Nicolas de Myre, évêque du IVe siècle devenu patron des enfants.",
Journée de la Laïcité,2021-12-09,,Société|Dates spéciales,Commémore la loi du 9 décembre 1905 séparant les Églises de l'État.,
Premier Quartier,2021-12-11,,Astronomie|Lunaire,La moitié droite de la Lune est éclairée. Mi-chemin entre la Nouvelle Lune et la Pleine Lune.,
"Vacances de Noël - Zones A, B et C",2021-12-18,2022-01-02,Vacances scolaires,"Vacances de Noël pour toutes les zones (A, B et C). Durée : 16 jours, du 18/12/2021 au 02/01/2022.",A|B|C
Pleine Lune,2021-12-19,,Astronomie|Lunaire,La face de la Lune est entièrement éclairée par le Soleil.,
Début de l'Hiver — Solstice d'hiver,2021-12-21,,Saisons|Astronomie,Le solstice d'hiver est le jour le plus court de l'année.,
Jour le plus court de l'année,2021-12-21,,Saisons|Astronomie,Le 21 December est le jour le plus court de l'année 2021.,
Noël,2021-12-25,,Jours fériés|Christianisme|Fêtes,"Célèbre la naissance du Christ. La date du 25 décembre a été fixée au IVe siècle sur une fête solaire romaine préexistante. Le sapin, la bûche et les cadeaux sont des traditions popularisées bien plus tard, au XIXe siècle.",
Saint-Étienne,2021-12-26,,Jours fériés|Christianisme,"Le 26 décembre est férié uniquement en Alsace-Moselle (depts 57, 67, 68). Fête de saint Étienne, premier martyr chrétien.",AM
Dernier Quartier,2021-12-27,,Astronomie|Lunaire,Phase lunaire : Dernier Quartier.,
Dernier jour de l'année,2021-12-31,,Dates spéciales,Clôture de l'année civile 2021.,
Saint-Sylvestre / Réveillon du Nouvel An,2021-12-31,,Fêtes|Culture,"Dernier jour de l'année, nommé d'après le pape Sylvestre Ier mort ce jour en 335.",
Jour de l'an,2022-01-01,,Jours fériés,Premier jour de l'année civile grégorienne. La tradition des vœux existe depuis l'Antiquité romaine. Le gui porte-bonheur vient d'une coutume druidique bien antérieure au christianisme.,
Nouvelle Lune,2022-01-02,,Astronomie|Lunaire,La face de la Lune tournée vers la Terre n'est pas éclairée — elle est invisible dans le ciel.,
Épiphanie,2022-01-06,,Christianisme|Culture|Gastronomie,"Célèbre la visite des Rois Mages à Jésus, 12 jours après Noël.",
Premier Quartier,2022-01-09,,Astronomie|Lunaire,La moitié droite de la Lune est éclairée. Mi-chemin entre la Nouvelle Lune et la Pleine Lune.,
Pleine Lune,2022-01-18,,Astronomie|Lunaire,La face de la Lune est entièrement éclairée par le Soleil.,
Journée internationale de l'Éducation,2022-01-24,,Éducation|Société,Proclamée par l'ONU en 2019.,
Dernier Quartier,2022-01-25,,Astronomie|Lunaire,Phase lunaire : Dernier Quartier.,
Journée nationale de la Mémoire de la Shoah,2022-01-27,,Mémoire|Société,Commémore la libération du camp d'Auschwitz le 27 janvier 1945.,
Nouvelle Lune,2022-02-01,,Astronomie|Lunaire,La face de la Lune tournée vers la Terre n'est pas éclairée — elle est invisible dans le ciel.,
Chandeleur,2022-02-02,,Culture|Christianisme|Gastronomie,"Fête de la Présentation de Jésus au Temple, 40 jours après Noël.",
Journée mondiale des zones humides,2022-02-02,,Environnement,Commémore la Convention de Ramsar signée le 2 février 1971.,
Jeux Olympiques d'hiver de Pékin 2022,2022-02-04,2022-02-20,Sport|JO,XXIVes Jeux Olympiques d'hiver à Pékin. La Norvège domine le tableau des médailles.,all
Journée mondiale contre le cancer,2022-02-04,,Santé,Initiée par l'Union Internationale Contre le Cancer depuis 2000.,
Tournoi des Six Nations 2022,2022-02-05,2022-03-19,Sport,La France réalise le Grand Chelem pour la première fois depuis 2010.,all
Vacances d'Hiver - Zone B,2022-02-05,2022-02-20,Vacances scolaires,"Vacances d'Hiver pour la zone scolaire B. Durée : 16 jours, du 05/02/2022 au 20/02/2022. Le découpage en zones A, B et C a été instauré en 1972.",B
Premier Quartier,2022-02-08,,Astronomie|Lunaire,La moitié droite de la Lune est éclairée. Mi-chemin entre la Nouvelle Lune et la Pleine Lune.,
Vacances d'Hiver - Zone A,2022-02-12,2022-02-27,Vacances scolaires,"Vacances d'Hiver pour la zone scolaire A. Durée : 16 jours, du 12/02/2022 au 27/02/2022. Le découpage en zones A, B et C a été instauré en 1972.",A
Saint-Valentin,2022-02-14,,Fêtes|Culture,Fête des amoureux le 14 février.,
Pleine Lune,2022-02-16,,Astronomie|Lunaire,La face de la Lune est entièrement éclairée par le Soleil.,
Vacances d'Hiver - Zone C,2022-02-19,2022-03-06,Vacances scolaires,"Vacances d'Hiver pour la zone scolaire C. Durée : 16 jours, du 19/02/2022 au 06/03/2022. Le découpage en zones A, B et C a été instauré en 1972.",C
Date palindrome,2022-02-22,,Dates spéciales,La date du 22/02/2022 se lit de la même façon dans les deux sens (22022022).,
Dernier Quartier,2022-02-23,,Astronomie|Lunaire,Phase lunaire : Dernier Quartier.,
Salon de l'Agriculture — Ouverture,2022-02-26,,Gastronomie|Agriculture|Culture,Le Salon International de l'Agriculture se tient chaque fin février à Paris.,
Mardi Gras,2022-03-01,,Christianisme|Culture|Fêtes,"Dernier jour avant le Carême, où la tradition voulait qu'on fasse bombance avant l'abstinence.",
Début du Carême,2022-03-02,,Christianisme,"Le Carême commence le Mercredi des Cendres, 46 jours avant Pâques.",
Nouvelle Lune,2022-03-02,,Astronomie|Lunaire,La face de la Lune tournée vers la Terre n'est pas éclairée — elle est invisible dans le ciel.,
Jeux Paralympiques d'hiver de Pékin 2022,2022-03-04,2022-03-13,Sport|Jeux Paralympiques,XIIIes Jeux Paralympiques d'hiver à Pékin.,all
Fête des Grands-Mères,2022-03-06,,Fêtes|Culture,Créée en 1987 par la marque de café Grand'Mère.,
Journée internationale des femmes,2022-03-08,,Société,Issue des luttes ouvrières du début du XXe siècle en Europe et aux États-Unis.,
Premier Quartier,2022-03-10,,Astronomie|Lunaire,La moitié droite de la Lune est éclairée. Mi-chemin entre la Nouvelle Lune et la Pleine Lune.,
Saint-Patrick,2022-03-17,,Culture|Fêtes,"Fête nationale irlandaise le 17 mars, commémorant la mort de saint Patrick (461).",
Pleine Lune,2022-03-18,,Astronomie|Lunaire,La face de la Lune est entièrement éclairée par le Soleil.,
Début du Printemps — Équinoxe de printemps,2022-03-20,,Saisons|Astronomie,L'équinoxe de printemps marque le début astronomique du printemps.,
Journée nationale de lutte contre les discriminations,2022-03-21,,Société,Créée par l'ONU en 1966 en mémoire du massacre de Sharpeville.,
Journée mondiale de l'eau,2022-03-22,,Environnement|Société,Proclamée par l'ONU en 1993.,
Dernier Quartier,2022-03-25,,Astronomie|Lunaire,Phase lunaire : Dernier Quartier.,
Passage à l'heure d'été,2022-03-27,,Changement d'heure,"Dans la nuit du samedi au dimanche, les montres avancent d'une heure (2h → 3h).",
Nouvelle Lune,2022-04-01,,Astronomie|Lunaire,La face de la Lune tournée vers la Terre n'est pas éclairée — elle est invisible dans le ciel.,
Poisson d'avril,2022-04-01,,Culture,Journée des farces et des canulars.,
Journée mondiale de la Santé,2022-04-07,,Santé,Commémore la fondation de l'OMS le 7 avril 1948.,
Premier Quartier,2022-04-09,,Astronomie|Lunaire,La moitié droite de la Lune est éclairée. Mi-chemin entre la Nouvelle Lune et la Pleine Lune.,
Vacances de Printemps - Zone B,2022-04-09,2022-04-24,Vacances scolaires,"Vacances de Printemps pour la zone scolaire B. Durée : 16 jours, du 09/04/2022 au 24/04/2022. Le découpage en zones A, B et C a été instauré en 1972.",B
Dimanche des Rameaux,2022-04-10,,Christianisme,Ouvre la Semaine Sainte en rappelant l'entrée triomphale de Jésus à Jérusalem.,
Vendredi Saint,2022-04-15,,Jours fériés|Christianisme,"Commémore la crucifixion du Christ. Jour férié uniquement en Alsace-Moselle (départements 57, 67, 68) en vertu du régime concordataire.",AM
Vendredi Saint,2022-04-15,,Christianisme,Commémore la crucifixion du Christ. Non férié en France depuis la loi de 1905 — sauf en Alsace-Moselle.,
Pleine Lune,2022-04-16,,Astronomie|Lunaire,La face de la Lune est entièrement éclairée par le Soleil.,
Vacances de Printemps - Zone A,2022-04-16,2022-05-01,Vacances scolaires,"Vacances de Printemps pour la zone scolaire A. Durée : 16 jours, du 16/04/2022 au 01/05/2022. Le découpage en zones A, B et C a été instauré en 1972.",A
Pâques,2022-04-17,,Christianisme,Fête chrétienne célébrant la résurrection du Christ. Sa date varie chaque année car elle suit le calendrier lunaire.,
Lundi de Pâques,2022-04-18,,Jours fériés|Christianisme,"Jour férié qui prolonge le dimanche de Pâques. La tradition des œufs vient du Carême : l'Église interdisait d'en manger pendant 40 jours, on offrait donc à Pâques ceux accumulés.",
Jour de la Terre,2022-04-22,,Environnement|Société,Né le 22 avril 1970 après une marée noire en Californie.,
Dernier Quartier,2022-04-23,,Astronomie|Lunaire,Phase lunaire : Dernier Quartier.,
Vacances de Printemps - Zone C,2022-04-23,2022-05-08,Vacances scolaires,"Vacances de Printemps pour la zone scolaire C. Durée : 16 jours, du 23/04/2022 au 08/05/2022. Le découpage en zones A, B et C a été instauré en 1972.",C
Nouvelle Lune,2022-04-30,,Astronomie|Lunaire,La face de la Lune tournée vers la Terre n'est pas éclairée — elle est invisible dans le ciel.,
Fête du Travail,2022-05-01,,Jours fériés|Société,"Commémore la grève de Chicago du 1er mai 1886 pour les 8 heures de travail, réprimée dans le sang. Férié et chômé en France depuis 1947. La tradition d'offrir du muguet vient d'une coutume de Charles IX datant de 1561.",
Fête de la Victoire 1945,2022-05-08,,Jours fériés,"Le 8 mai 1945, l'Allemagne nazie signe sa capitulation sans condition, mettant fin à la guerre en Europe. Férié depuis 1953, supprimé par Giscard en 1975, puis rétabli par Mitterrand en 1981.",
Premier Quartier,2022-05-09,,Astronomie|Lunaire,La moitié droite de la Lune est éclairée. Mi-chemin entre la Nouvelle Lune et la Pleine Lune.,
Abolition de l'esclavage en France — Commémoration,2022-05-10,,Mémoire|Société,Journée nationale instaurée par la loi Taubira de 2001.,
Festival de Cannes — Ouverture,2022-05-14,,Culture|Cinéma,"Le Festival International du Film de Cannes, créé en 1946.",
Pleine Lune,2022-05-16,,Astronomie|Lunaire,La face de la Lune est entièrement éclairée par le Soleil.,
Nuit des Musées,2022-05-21,,Culture,Créée en France en 2005 et étendue à toute l'Europe.,
Dernier Quartier,2022-05-22,,Astronomie|Lunaire,Phase lunaire : Dernier Quartier.,
Journée mondiale de la biodiversité,2022-05-22,,Environnement,Commémore l'adoption de la Convention sur la Diversité Biologique à Rio.,
Roland-Garros 2022,2022-05-22,2022-06-05,Sport,Victoire de Rafael Nadal (14e titre à Roland-Garros) et Iga Swiatek.,all
Ascension,2022-05-26,,Jours fériés|Christianisme,"Fête chrétienne commémorant la montée du Christ au ciel, 40 jours après Pâques. Toujours un jeudi, ce qui en fait naturellement un pont avec le vendredi.",
"Pont de l'Ascension - Zones A, B et C",2022-05-26,2022-05-29,Vacances scolaires,"Pont de l'Ascension pour toutes les zones (A, B et C). Durée : 4 jours, du 26/05/2022 au 29/05/2022.",A|B|C
Fête des Voisins,2022-05-27,,Société,Créée en 2000 pour lutter contre l'isolement urbain.,
Journée nationale de la Résistance,2022-05-27,,Mémoire|Société,"Le 27 mai 1943, Jean Moulin préside la première réunion secrète du CNR.",
Pont possible — Ascension,2022-05-27,,Ponts / Congés,Ascension tombe un jeudi le 26/05/2022. Le vendredi 27/05/2022 est un pont potentiel — vérifiez auprès de votre employeur.,
Fête des Mères,2022-05-29,,Fêtes|Culture,"Célébrée le dernier dimanche de mai, sauf si c'est la Pentecôte.",
Nouvelle Lune,2022-05-30,,Astronomie|Lunaire,La face de la Lune tournée vers la Terre n'est pas éclairée — elle est invisible dans le ciel.,
Journée mondiale sans tabac,2022-05-31,,Santé,Lancée par l'OMS en 1987.,
Pentecôte,2022-06-05,,Christianisme,"Célèbre la descente de l'Esprit Saint sur les apôtres, 50 jours après Pâques.",
Débarquement en Normandie — Commémoration du Jour J,2022-06-06,,Mémoire|Dates spéciales,"Le 6 juin 1944, 156 000 soldats alliés débarquent sur les plages de Normandie.",
Lundi de Pentecôte,2022-06-06,,Jours fériés|Christianisme,"Jour férié désigné depuis 2004 Journée de solidarité envers les personnes âgées. Les salariés travaillent ce jour sans rémunération supplémentaire, finançant ainsi la prise en charge de la dépendance — instauré après la canicule de 2003 qui fit 15 000 morts en France.",
Premier Quartier,2022-06-07,,Astronomie|Lunaire,La moitié droite de la Lune est éclairée. Mi-chemin entre la Nouvelle Lune et la Pleine Lune.,
Journée mondiale de l'océan,2022-06-08,,Environnement,Proposée lors du Sommet de la Terre de Rio en 1992.,
24 Heures du Mans 2022,2022-06-11,2022-06-12,Sport,"Victoire Toyota (Buemi, Hartley, Hirakawa).",all
Pleine Lune,2022-06-14,,Astronomie|Lunaire,La face de la Lune est entièrement éclairée par le Soleil.,
Appel du 18 juin 1940 — Anniversaire,2022-06-18,,Mémoire|Dates spéciales,"Le 18 juin 1940, de Gaulle lance depuis Londres un appel à la Résistance sur la BBC.",
Fête des Pères,2022-06-19,,Fêtes|Culture,"Née aux États-Unis en 1910, introduite en France dans les années 1950.",
Dernier Quartier,2022-06-21,,Astronomie|Lunaire,Phase lunaire : Dernier Quartier.,
Début de l'Été — Solstice d'été,2022-06-21,,Saisons|Astronomie,Le solstice d'été est le jour le plus long de l'année.,
Fête de la Musique,2022-06-21,,Culture|Fêtes,Créée en 1982 par le ministre Jack Lang.,
Jour le plus long de l'année,2022-06-21,,Saisons|Astronomie,Le 21 June est le jour le plus long de l'année 2022.,
Fête du Cinéma,2022-06-26,,Culture|Cinéma,"Créée en 1985, elle propose chaque fin juin des places à tarif réduit.",
Nouvelle Lune,2022-06-29,,Astronomie|Lunaire,La face de la Lune tournée vers la Terre n'est pas éclairée — elle est invisible dans le ciel.,
Tour de France 2022,2022-07-01,2022-07-24,Sport,Victoire de Jonas Vingegaard (Danemark) devant Tadej Pogacar.,all
Milieu de l'année,2022-07-02,,Dates spéciales,Ce jour marque le point médian exact de l'année 2022.,
Festival d'Avignon — Ouverture,2022-07-05,,Culture|Théâtre,Créé par Jean Vilar en 1947 dans la cour du Palais des Papes.,
Premier Quartier,2022-07-07,,Astronomie|Lunaire,La moitié droite de la Lune est éclairée. Mi-chemin entre la Nouvelle Lune et la Pleine Lune.,
"Vacances d'Été - Zones A, B et C",2022-07-07,2022-08-31,Vacances scolaires,"Vacances d'Été pour toutes les zones (A, B et C). Durée : 56 jours, du 07/07/2022 au 31/08/2022.",A|B|C
Commémoration de la Rafle du Vél d'Hiv,2022-07-10,,Mémoire|Société,"Les 16-17 juillet 1942, la police française arrêta 13 152 Juifs à Paris.",
Pleine Lune,2022-07-13,,Astronomie|Lunaire,La face de la Lune est entièrement éclairée par le Soleil.,
Fête Nationale,2022-07-14,,Jours fériés|Société|Dates spéciales,Commémore la prise de la Bastille le 14 juillet 1789.,
Fête nationale,2022-07-14,,Jours fériés,"Commémore la prise de la Bastille le 14 juillet 1789, symbole de la Révolution française. Jour férié depuis 1880. Défilé militaire sur les Champs-Élysées, bals des pompiers et feux d'artifice dans toute la France.",
Championnats du monde d'athlétisme 2022,2022-07-15,2022-07-24,Sport,"18e édition à Eugene, États-Unis. Les États-Unis dominent avec 13 titres.",all
Pont possible — Fête nationale,2022-07-15,,Ponts / Congés,Fête nationale tombe un jeudi le 14/07/2022. Le vendredi 15/07/2022 est un pont potentiel — vérifiez auprès de votre employeur.,
Dernier Quartier,2022-07-20,,Astronomie|Lunaire,Phase lunaire : Dernier Quartier.,
Nouvelle Lune,2022-07-28,,Astronomie|Lunaire,La face de la Lune tournée vers la Terre n'est pas éclairée — elle est invisible dans le ciel.,
Ligue 1 2022-2023,2022-08-05,2023-06-03,Sport,Le PSG remporte le titre. Passage de 20 à 18 clubs pour la saison suivante.,all
Premier Quartier,2022-08-05,,Astronomie|Lunaire,La moitié droite de la Lune est éclairée. Mi-chemin entre la Nouvelle Lune et la Pleine Lune.,
Nuit des Étoiles,2022-08-06,,Astronomie|Éducation|Culture,Organisée chaque premier week-end d'août par l'Association Française d'Astronomie depuis 1991.,
Pleine Lune,2022-08-12,,Astronomie|Lunaire,La face de la Lune est entièrement éclairée par le Soleil.,
Assomption,2022-08-15,,Jours fériés,"Célèbre l'élévation de la Vierge Marie au ciel. Fête chrétienne ancienne, jour férié en France depuis le Concordat de 1802. Elle tombe en plein cœur de l'été, au milieu des grandes vacances.",
Assomption de Marie,2022-08-15,,Christianisme|Jours fériés,Célèbre l'élévation de la Vierge Marie au ciel.,
Dernier Quartier,2022-08-19,,Astronomie|Lunaire,Phase lunaire : Dernier Quartier.,
Nouvelle Lune,2022-08-27,,Astronomie|Lunaire,La face de la Lune tournée vers la Terre n'est pas éclairée — elle est invisible dans le ciel.,
Rentrée des classes,2022-09-02,,Éducation|Société,La rentrée de septembre mobilise 12 millions d'élèves et 870 000 enseignants en France.,
Braderie de Lille,2022-09-03,,Culture|Commerce,"Plus grande braderie d'Europe, organisée le premier week-end de septembre à Lille.",
Premier Quartier,2022-09-03,,Astronomie|Lunaire,La moitié droite de la Lune est éclairée. Mi-chemin entre la Nouvelle Lune et la Pleine Lune.,
Pleine Lune,2022-09-10,,Astronomie|Lunaire,La face de la Lune est entièrement éclairée par le Soleil.,
Dernier Quartier,2022-09-17,,Astronomie|Lunaire,Phase lunaire : Dernier Quartier.,
Journées du Patrimoine,2022-09-17,,Culture|Société,"Créées en France en 1984 par Jack Lang, étendues à toute l'Europe en 1991.",
Journée mondiale sans voiture,2022-09-22,,Environnement|Société,Lancée en France en 1998 par La Rochelle.,
Début de l'Automne — Équinoxe d'automne,2022-09-23,,Saisons|Astronomie,L'équinoxe d'automne marque le début de l'automne.,
Nouvelle Lune,2022-09-25,,Astronomie|Lunaire,La face de la Lune tournée vers la Terre n'est pas éclairée — elle est invisible dans le ciel.,
Journée mondiale du cacao et du chocolat,2022-10-01,,Gastronomie|Culture,Célébrée le 1er octobre et associée à l'Organisation internationale du cacao (ICCO).,
Lancement d'Octobre Rose,2022-10-01,,Santé,Tout octobre est dédié à la sensibilisation au cancer du sein.,
Nuit Blanche,2022-10-01,,Culture,Initiée à Paris en 2002 par le maire Bertrand Delanoë.,
Fête des Grands-Pères,2022-10-02,,Fêtes|Culture,"Créée en 2008, elle a lieu chaque premier dimanche d'octobre.",
Premier Quartier,2022-10-03,,Astronomie|Lunaire,La moitié droite de la Lune est éclairée. Mi-chemin entre la Nouvelle Lune et la Pleine Lune.,
Coupe du monde féminine de rugby (reportée de 2021),2022-10-08,2022-11-12,Sport,La Nouvelle-Zélande remporte le titre en Nouvelle-Zélande.,all
Pleine Lune,2022-10-09,,Astronomie|Lunaire,La face de la Lune est entièrement éclairée par le Soleil.,
Journée mondiale de la santé mentale,2022-10-10,,Santé|Société,Créée par la Fédération Mondiale pour la Santé Mentale en 1992.,
Semaine du Goût,2022-10-10,,Gastronomie|Culture,Créée en 1990 par le chef Joël Robuchon.,
Journée mondiale de l'alimentation,2022-10-16,,Gastronomie|Société|Santé,Commémore la fondation de la FAO le 16 octobre 1945.,
Dernier Quartier,2022-10-17,,Astronomie|Lunaire,Phase lunaire : Dernier Quartier.,
"Vacances de la Toussaint - Zones A, B et C",2022-10-22,2022-11-06,Vacances scolaires,"Vacances de la Toussaint pour toutes les zones (A, B et C). Durée : 16 jours, du 22/10/2022 au 06/11/2022.",A|B|C
Nouvelle Lune,2022-10-25,,Astronomie|Lunaire,La face de la Lune tournée vers la Terre n'est pas éclairée — elle est invisible dans le ciel.,
Passage à l'heure d'hiver,2022-10-30,,Changement d'heure,"Dans la nuit du samedi au dimanche, les montres reculent d'une heure (3h → 2h).",
Halloween,2022-10-31,,Culture|Fêtes,Fête d'origine celtique (la nuit de Samain) christianisée puis popularisée par la diaspora irlandaise.,
Pont possible — Toussaint,2022-10-31,,Ponts / Congés,Toussaint tombe un mardi le 01/11/2022. Le lundi 31/10/2022 est un pont potentiel — vérifiez auprès de votre employeur.,
Lancement du Mois sans Tabac,2022-11-01,,Santé,Lancé en France en 2016 par Santé Publique France.,
Premier Quartier,2022-11-01,,Astronomie|Lunaire,La moitié droite de la Lune est éclairée. Mi-chemin entre la Nouvelle Lune et la Pleine Lune.,
Toussaint,2022-11-01,,Jours fériés|Christianisme,"Fête de tous les saints, instituée par le pape Grégoire IV en 835. En France, la tradition de fleurir les tombes avec des chrysanthèmes s'est greffée dessus — ces fleurs sont désormais intimement liées à ce jour.",
Journée nationale de l'arbre,2022-11-03,,Environnement,Célébrée chaque premier jeudi de novembre.,
Pleine Lune,2022-11-08,,Astronomie|Lunaire,La face de la Lune est entièrement éclairée par le Soleil.,
Armistice 1918,2022-11-11,,Jours fériés,"Le 11 novembre 1918 à 11h, l'armistice met fin à la Première Guerre mondiale après quatre ans de combats. Jour férié depuis 1922. Chaque commune française a son monument aux morts — 36 000 érigés entre 1920 et 1925.",
Armistice de 1918 — Journée du Souvenir,2022-11-11,,Jours fériés|Mémoire|Dates spéciales,"Le 11 novembre 1918 à 11h, l'armistice met fin à la Première Guerre mondiale.",
Dernier Quartier,2022-11-16,,Astronomie|Lunaire,Phase lunaire : Dernier Quartier.,
Beaujolais Nouveau,2022-11-17,,Gastronomie|Culture|Commercial,"Chaque troisième jeudi de novembre, le Beaujolais Nouveau est mis en vente.",
Coupe du monde de football 2022,2022-11-20,2022-12-18,Sport,"Organisée au Qatar. L'Argentine remporte le titre face à la France en finale (3-3, 4-2 aux t.a.b.).",all
Journée internationale des droits de l'enfant,2022-11-20,,Société,Commémore l'adoption de la Convention des Nations Unies relative aux droits de l'enfant.,
Nouvelle Lune,2022-11-23,,Astronomie|Lunaire,La face de la Lune tournée vers la Terre n'est pas éclairée — elle est invisible dans le ciel.,
Fête de la Bretagne,2022-11-30,,Culture|Société,Célébrée le 30 novembre (Saint-André) depuis les années 1990.,
Premier Quartier,2022-11-30,,Astronomie|Lunaire,La moitié droite de la Lune est éclairée. Mi-chemin entre la Nouvelle Lune et la Pleine Lune.,
Journée mondiale des personnes handicapées,2022-12-03,,Société,Instaurée par l'ONU en 1992.,
Journée mondiale du Bénévolat,2022-12-05,,Société,Créée par l'ONU en 1985.,
Saint-Nicolas,2022-12-06,,Christianisme|Culture|Fêtes,"Fête de Nicolas de Myre, évêque du IVe siècle devenu patron des enfants.",
Pleine Lune,2022-12-08,,Astronomie|Lunaire,La face de la Lune est entièrement éclairée par le Soleil.,
Journée de la Laïcité,2022-12-09,,Société|Dates spéciales,Commémore la loi du 9 décembre 1905 séparant les Églises de l'État.,
Dernier Quartier,2022-12-16,,Astronomie|Lunaire,Phase lunaire : Dernier Quartier.,
"Vacances de Noël - Zones A, B et C",2022-12-17,2023-01-02,Vacances scolaires,"Vacances de Noël pour toutes les zones (A, B et C). Durée : 17 jours, du 17/12/2022 au 02/01/2023.",A|B|C
Début de l'Hiver — Solstice d'hiver,2022-12-21,,Saisons|Astronomie,Le solstice d'hiver est le jour le plus court de l'année.,
Jour le plus court de l'année,2022-12-21,,Saisons|Astronomie,Le 21 December est le jour le plus court de l'année 2022.,
Nouvelle Lune,2022-12-23,,Astronomie|Lunaire,La face de la Lune tournée vers la Terre n'est pas éclairée — elle est invisible dans le ciel.,
Noël,2022-12-25,,Jours fériés|Christianisme|Fêtes,"Célèbre la naissance du Christ. La date du 25 décembre a été fixée au IVe siècle sur une fête solaire romaine préexistante. Le sapin, la bûche et les cadeaux sont des traditions popularisées bien plus tard, au XIXe siècle.",
Saint-Étienne,2022-12-26,,Jours fériés|Christianisme,"Le 26 décembre est férié uniquement en Alsace-Moselle (depts 57, 67, 68). Fête de saint Étienne, premier martyr chrétien.",AM
Premier Quartier,2022-12-30,,Astronomie|Lunaire,La moitié droite de la Lune est éclairée. Mi-chemin entre la Nouvelle Lune et la Pleine Lune.,
Dernier jour de l'année,2022-12-31,,Dates spéciales,Clôture de l'année civile 2022.,
Saint-Sylvestre / Réveillon du Nouvel An,2022-12-31,,Fêtes|Culture,"Dernier jour de l'année, nommé d'après le pape Sylvestre Ier mort ce jour en 335.",
Jour de l'an,2023-01-01,,Jours fériés,Premier jour de l'année civile grégorienne. La tradition des vœux existe depuis l'Antiquité romaine. Le gui porte-bonheur vient d'une coutume druidique bien antérieure au christianisme.,
Épiphanie,2023-01-06,,Christianisme|Culture|Gastronomie,"Célèbre la visite des Rois Mages à Jésus, 12 jours après Noël.",
Pleine Lune,2023-01-07,,Astronomie|Lunaire,La face de la Lune est entièrement éclairée par le Soleil.,
Championnat du monde de handball masculin 2023,2023-01-11,2023-01-29,Sport,Organisé en Suède et en Pologne. Le Danemark remporte son 3e titre consécutif face à la France en finale.,all
Dernier Quartier,2023-01-15,,Astronomie|Lunaire,Phase lunaire : Dernier Quartier.,
Nouvelle Lune,2023-01-21,,Astronomie|Lunaire,La face de la Lune tournée vers la Terre n'est pas éclairée — elle est invisible dans le ciel.,
Journée internationale de l'Éducation,2023-01-24,,Éducation|Société,Proclamée par l'ONU en 2019.,
Journée nationale de la Mémoire de la Shoah,2023-01-27,,Mémoire|Société,Commémore la libération du camp d'Auschwitz le 27 janvier 1945.,
Premier Quartier,2023-01-28,,Astronomie|Lunaire,La moitié droite de la Lune est éclairée. Mi-chemin entre la Nouvelle Lune et la Pleine Lune.,
Chandeleur,2023-02-02,,Culture|Christianisme|Gastronomie,"Fête de la Présentation de Jésus au Temple, 40 jours après Noël.",
Journée mondiale des zones humides,2023-02-02,,Environnement,Commémore la Convention de Ramsar signée le 2 février 1971.,
Journée mondiale contre le cancer,2023-02-04,,Santé,Initiée par l'Union Internationale Contre le Cancer depuis 2000.,
Tournoi des Six Nations 2023,2023-02-04,2023-03-18,Sport,L'Irlande réalise le Grand Chelem.,all
Vacances d'Hiver - Zone A,2023-02-04,2023-02-19,Vacances scolaires,"Vacances d'Hiver pour la zone scolaire A. Durée : 16 jours, du 04/02/2023 au 19/02/2023. Le découpage en zones A, B et C a été instauré en 1972.",A
Pleine Lune,2023-02-05,,Astronomie|Lunaire,La face de la Lune est entièrement éclairée par le Soleil.,
Vacances d'Hiver - Zone B,2023-02-11,2023-02-26,Vacances scolaires,"Vacances d'Hiver pour la zone scolaire B. Durée : 16 jours, du 11/02/2023 au 26/02/2023. Le découpage en zones A, B et C a été instauré en 1972.",B
Dernier Quartier,2023-02-13,,Astronomie|Lunaire,Phase lunaire : Dernier Quartier.,
Saint-Valentin,2023-02-14,,Fêtes|Culture,Fête des amoureux le 14 février.,
Vacances d'Hiver - Zone C,2023-02-18,2023-03-05,Vacances scolaires,"Vacances d'Hiver pour la zone scolaire C. Durée : 16 jours, du 18/02/2023 au 05/03/2023. Le découpage en zones A, B et C a été instauré en 1972.",C
Nouvelle Lune,2023-02-20,,Astronomie|Lunaire,La face de la Lune tournée vers la Terre n'est pas éclairée — elle est invisible dans le ciel.,
Mardi Gras,2023-02-21,,Christianisme|Culture|Fêtes,"Dernier jour avant le Carême, où la tradition voulait qu'on fasse bombance avant l'abstinence.",
Début du Carême,2023-02-22,,Christianisme,"Le Carême commence le Mercredi des Cendres, 46 jours avant Pâques.",
Salon de l'Agriculture — Ouverture,2023-02-25,,Gastronomie|Agriculture|Culture,Le Salon International de l'Agriculture se tient chaque fin février à Paris.,
Premier Quartier,2023-02-27,,Astronomie|Lunaire,La moitié droite de la Lune est éclairée. Mi-chemin entre la Nouvelle Lune et la Pleine Lune.,
Fête des Grands-Mères,2023-03-05,,Fêtes|Culture,Créée en 1987 par la marque de café Grand'Mère.,
Pleine Lune,2023-03-07,,Astronomie|Lunaire,La face de la Lune est entièrement éclairée par le Soleil.,
Journée internationale des femmes,2023-03-08,,Société,Issue des luttes ouvrières du début du XXe siècle en Europe et aux États-Unis.,
Dernier Quartier,2023-03-15,,Astronomie|Lunaire,Phase lunaire : Dernier Quartier.,
Saint-Patrick,2023-03-17,,Culture|Fêtes,"Fête nationale irlandaise le 17 mars, commémorant la mort de saint Patrick (461).",
Début du Printemps — Équinoxe de printemps,2023-03-20,,Saisons|Astronomie,L'équinoxe de printemps marque le début astronomique du printemps.,
Journée nationale de lutte contre les discriminations,2023-03-21,,Société,Créée par l'ONU en 1966 en mémoire du massacre de Sharpeville.,
Nouvelle Lune,2023-03-21,,Astronomie|Lunaire,La face de la Lune tournée vers la Terre n'est pas éclairée — elle est invisible dans le ciel.,
Journée mondiale de l'eau,2023-03-22,,Environnement|Société,Proclamée par l'ONU en 1993.,
Passage à l'heure d'été,2023-03-26,,Changement d'heure,"Dans la nuit du samedi au dimanche, les montres avancent d'une heure (2h → 3h).",
Premier Quartier,2023-03-29,,Astronomie|Lunaire,La moitié droite de la Lune est éclairée. Mi-chemin entre la Nouvelle Lune et la Pleine Lune.,
Poisson d'avril,2023-04-01,,Culture,Journée des farces et des canulars.,
Dimanche des Rameaux,2023-04-02,,Christianisme,Ouvre la Semaine Sainte en rappelant l'entrée triomphale de Jésus à Jérusalem.,
Pleine Lune,2023-04-06,,Astronomie|Lunaire,La face de la Lune est entièrement éclairée par le Soleil.,
Journée mondiale de la Santé,2023-04-07,,Santé,Commémore la fondation de l'OMS le 7 avril 1948.,
Vendredi Saint,2023-04-07,,Jours fériés|Christianisme,"Commémore la crucifixion du Christ. Jour férié uniquement en Alsace-Moselle (départements 57, 67, 68) en vertu du régime concordataire.",AM
Vendredi Saint,2023-04-07,,Christianisme,Commémore la crucifixion du Christ. Non férié en France depuis la loi de 1905 — sauf en Alsace-Moselle.,
Vacances de Printemps - Zone A,2023-04-08,2023-04-23,Vacances scolaires,"Vacances de Printemps pour la zone scolaire A. Durée : 16 jours, du 08/04/2023 au 23/04/2023. Le découpage en zones A, B et C a été instauré en 1972.",A
Pâques,2023-04-09,,Christianisme,Fête chrétienne célébrant la résurrection du Christ. Sa date varie chaque année car elle suit le calendrier lunaire.,
Lundi de Pâques,2023-04-10,,Jours fériés|Christianisme,"Jour férié qui prolonge le dimanche de Pâques. La tradition des œufs vient du Carême : l'Église interdisait d'en manger pendant 40 jours, on offrait donc à Pâques ceux accumulés.",
Dernier Quartier,2023-04-13,,Astronomie|Lunaire,Phase lunaire : Dernier Quartier.,
Vacances de Printemps - Zone B,2023-04-15,2023-05-01,Vacances scolaires,"Vacances de Printemps pour la zone scolaire B. Durée : 17 jours, du 15/04/2023 au 01/05/2023. Le découpage en zones A, B et C a été instauré en 1972.",B
Nouvelle Lune,2023-04-20,,Astronomie|Lunaire,La face de la Lune tournée vers la Terre n'est pas éclairée — elle est invisible dans le ciel.,
Jour de la Terre,2023-04-22,,Environnement|Société,Né le 22 avril 1970 après une marée noire en Californie.,
Vacances de Printemps - Zone C,2023-04-22,2023-05-08,Vacances scolaires,"Vacances de Printemps pour la zone scolaire C. Durée : 17 jours, du 22/04/2023 au 08/05/2023. Le découpage en zones A, B et C a été instauré en 1972.",C
Premier Quartier,2023-04-27,,Astronomie|Lunaire,La moitié droite de la Lune est éclairée. Mi-chemin entre la Nouvelle Lune et la Pleine Lune.,
Fête du Travail,2023-05-01,,Jours fériés|Société,"Commémore la grève de Chicago du 1er mai 1886 pour les 8 heures de travail, réprimée dans le sang. Férié et chômé en France depuis 1947. La tradition d'offrir du muguet vient d'une coutume de Charles IX datant de 1561.",
Pleine Lune,2023-05-05,,Astronomie|Lunaire,La face de la Lune est entièrement éclairée par le Soleil.,
Fête de la Victoire 1945,2023-05-08,,Jours fériés,"Le 8 mai 1945, l'Allemagne nazie signe sa capitulation sans condition, mettant fin à la guerre en Europe. Férié depuis 1953, supprimé par Giscard en 1975, puis rétabli par Mitterrand en 1981.",
Abolition de l'esclavage en France — Commémoration,2023-05-10,,Mémoire|Société,Journée nationale instaurée par la loi Taubira de 2001.,
Dernier Quartier,2023-05-12,,Astronomie|Lunaire,Phase lunaire : Dernier Quartier.,
Festival de Cannes — Ouverture,2023-05-14,,Culture|Cinéma,"Le Festival International du Film de Cannes, créé en 1946.",
Ascension,2023-05-18,,Jours fériés|Christianisme,"Fête chrétienne commémorant la montée du Christ au ciel, 40 jours après Pâques. Toujours un jeudi, ce qui en fait naturellement un pont avec le vendredi.",
"Pont de l'Ascension - Zones A, B et C",2023-05-18,2023-05-21,Vacances scolaires,"Pont de l'Ascension pour toutes les zones (A, B et C). Durée : 4 jours, du 18/05/2023 au 21/05/2023.",A|B|C
Nouvelle Lune,2023-05-19,,Astronomie|Lunaire,La face de la Lune tournée vers la Terre n'est pas éclairée — elle est invisible dans le ciel.,
Pont possible — Ascension,2023-05-19,,Ponts / Congés,Ascension tombe un jeudi le 18/05/2023. Le vendredi 19/05/2023 est un pont potentiel — vérifiez auprès de votre employeur.,
Nuit des Musées,2023-05-20,,Culture,Créée en France en 2005 et étendue à toute l'Europe.,
Journée mondiale de la biodiversité,2023-05-22,,Environnement,Commémore l'adoption de la Convention sur la Diversité Biologique à Rio.,
Fête des Voisins,2023-05-26,,Société,Créée en 2000 pour lutter contre l'isolement urbain.,
Journée nationale de la Résistance,2023-05-27,,Mémoire|Société,"Le 27 mai 1943, Jean Moulin préside la première réunion secrète du CNR.",
Premier Quartier,2023-05-27,,Astronomie|Lunaire,La moitié droite de la Lune est éclairée. Mi-chemin entre la Nouvelle Lune et la Pleine Lune.,
Pentecôte,2023-05-28,,Christianisme,"Célèbre la descente de l'Esprit Saint sur les apôtres, 50 jours après Pâques.",
Roland-Garros 2023,2023-05-28,2023-06-11,Sport,Victoire de Novak Djokovic et Iga Swiatek.,all
Lundi de Pentecôte,2023-05-29,,Jours fériés|Christianisme,"Jour férié désigné depuis 2004 Journée de solidarité envers les personnes âgées. Les salariés travaillent ce jour sans rémunération supplémentaire, finançant ainsi la prise en charge de la dépendance — instauré après la canicule de 2003 qui fit 15 000 morts en France.",
Journée mondiale sans tabac,2023-05-31,,Santé,Lancée par l'OMS en 1987.,
Fête des Mères,2023-06-04,,Fêtes|Culture,"Célébrée le dernier dimanche de mai, sauf si c'est la Pentecôte.",
Pleine Lune,2023-06-04,,Astronomie|Lunaire,La face de la Lune est entièrement éclairée par le Soleil.,
Débarquement en Normandie — Commémoration du Jour J,2023-06-06,,Mémoire|Dates spéciales,"Le 6 juin 1944, 156 000 soldats alliés débarquent sur les plages de Normandie.",
Journée mondiale de l'océan,2023-06-08,,Environnement,Proposée lors du Sommet de la Terre de Rio en 1992.,
24 Heures du Mans 2023,2023-06-10,2023-06-11,Sport,Victoire Ferrari — première victoire Ferrari au Mans depuis 1965.,all
Dernier Quartier,2023-06-10,,Astronomie|Lunaire,Phase lunaire : Dernier Quartier.,
Finale UEFA Ligue des Champions 2022-2023,2023-06-10,2023-06-10,Sport,À Istanbul. Manchester City remporte son premier titre en battant l'Inter Milan (1-0).,all
Appel du 18 juin 1940 — Anniversaire,2023-06-18,,Mémoire|Dates spéciales,"Le 18 juin 1940, de Gaulle lance depuis Londres un appel à la Résistance sur la BBC.",
Fête des Pères,2023-06-18,,Fêtes|Culture,"Née aux États-Unis en 1910, introduite en France dans les années 1950.",
Nouvelle Lune,2023-06-18,,Astronomie|Lunaire,La face de la Lune tournée vers la Terre n'est pas éclairée — elle est invisible dans le ciel.,
Début de l'Été — Solstice d'été,2023-06-21,,Saisons|Astronomie,Le solstice d'été est le jour le plus long de l'année.,
Fête de la Musique,2023-06-21,,Culture|Fêtes,Créée en 1982 par le ministre Jack Lang.,
Jour le plus long de l'année,2023-06-21,,Saisons|Astronomie,Le 21 June est le jour le plus long de l'année 2023.,
Fête du Cinéma,2023-06-25,,Culture|Cinéma,"Créée en 1985, elle propose chaque fin juin des places à tarif réduit.",
Premier Quartier,2023-06-26,,Astronomie|Lunaire,La moitié droite de la Lune est éclairée. Mi-chemin entre la Nouvelle Lune et la Pleine Lune.,
Tour de France 2023,2023-07-01,2023-07-23,Sport,Victoire de Jonas Vingegaard pour la 2e fois consécutive.,all
Milieu de l'année,2023-07-02,,Dates spéciales,Ce jour marque le point médian exact de l'année 2023.,
Pleine Lune,2023-07-03,,Astronomie|Lunaire,La face de la Lune est entièrement éclairée par le Soleil.,
Festival d'Avignon — Ouverture,2023-07-05,,Culture|Théâtre,Créé par Jean Vilar en 1947 dans la cour du Palais des Papes.,
"Vacances d'Été - Zones A, B et C",2023-07-08,2023-09-03,Vacances scolaires,"Vacances d'Été pour toutes les zones (A, B et C). Durée : 58 jours, du 08/07/2023 au 03/09/2023.",A|B|C
Commémoration de la Rafle du Vél d'Hiv,2023-07-09,,Mémoire|Société,"Les 16-17 juillet 1942, la police française arrêta 13 152 Juifs à Paris.",
Dernier Quartier,2023-07-10,,Astronomie|Lunaire,Phase lunaire : Dernier Quartier.,
Fête Nationale,2023-07-14,,Jours fériés|Société|Dates spéciales,Commémore la prise de la Bastille le 14 juillet 1789.,
Fête nationale,2023-07-14,,Jours fériés,"Commémore la prise de la Bastille le 14 juillet 1789, symbole de la Révolution française. Jour férié depuis 1880. Défilé militaire sur les Champs-Élysées, bals des pompiers et feux d'artifice dans toute la France.",
Nouvelle Lune,2023-07-17,,Astronomie|Lunaire,La face de la Lune tournée vers la Terre n'est pas éclairée — elle est invisible dans le ciel.,
Premier Quartier,2023-07-26,,Astronomie|Lunaire,La moitié droite de la Lune est éclairée. Mi-chemin entre la Nouvelle Lune et la Pleine Lune.,
Pleine Lune,2023-08-01,,Astronomie|Lunaire,La face de la Lune est entièrement éclairée par le Soleil.,
Nuit des Étoiles,2023-08-05,,Astronomie|Éducation|Culture,Organisée chaque premier week-end d'août par l'Association Française d'Astronomie depuis 1991.,
Dernier Quartier,2023-08-08,,Astronomie|Lunaire,Phase lunaire : Dernier Quartier.,
Ligue 1 2023-2024,2023-08-12,2024-05-18,Sport,Première saison à 18 clubs (34 journées). Le PSG remporte le titre.,all
Pont possible — Assomption,2023-08-14,,Ponts / Congés,Assomption tombe un mardi le 15/08/2023. Le lundi 14/08/2023 est un pont potentiel — vérifiez auprès de votre employeur.,
Assomption,2023-08-15,,Jours fériés,"Célèbre l'élévation de la Vierge Marie au ciel. Fête chrétienne ancienne, jour férié en France depuis le Concordat de 1802. Elle tombe en plein cœur de l'été, au milieu des grandes vacances.",
Assomption de Marie,2023-08-15,,Christianisme|Jours fériés,Célèbre l'élévation de la Vierge Marie au ciel.,
Nouvelle Lune,2023-08-16,,Astronomie|Lunaire,La face de la Lune tournée vers la Terre n'est pas éclairée — elle est invisible dans le ciel.,
Championnats du monde d'athlétisme 2023,2023-08-19,2023-08-27,Sport,"19e édition à Budapest, Hongrie.",all
Premier Quartier,2023-08-24,,Astronomie|Lunaire,La moitié droite de la Lune est éclairée. Mi-chemin entre la Nouvelle Lune et la Pleine Lune.,
Pleine Lune,2023-08-31,,Astronomie|Lunaire,La face de la Lune est entièrement éclairée par le Soleil.,
Braderie de Lille,2023-09-02,,Culture|Commerce,"Plus grande braderie d'Europe, organisée le premier week-end de septembre à Lille.",
Rentrée des classes,2023-09-02,,Éducation|Société,La rentrée de septembre mobilise 12 millions d'élèves et 870 000 enseignants en France.,
Dernier Quartier,2023-09-07,,Astronomie|Lunaire,Phase lunaire : Dernier Quartier.,
Coupe du monde de rugby à XV 2023,2023-09-08,2023-10-28,Sport,Organisée en France. L'Afrique du Sud remporte son 4e titre mondial face à la Nouvelle-Zélande.,all
Nouvelle Lune,2023-09-15,,Astronomie|Lunaire,La face de la Lune tournée vers la Terre n'est pas éclairée — elle est invisible dans le ciel.,
Journées du Patrimoine,2023-09-16,,Culture|Société,"Créées en France en 1984 par Jack Lang, étendues à toute l'Europe en 1991.",
Journée mondiale sans voiture,2023-09-22,,Environnement|Société,Lancée en France en 1998 par La Rochelle.,
Premier Quartier,2023-09-22,,Astronomie|Lunaire,La moitié droite de la Lune est éclairée. Mi-chemin entre la Nouvelle Lune et la Pleine Lune.,
Début de l'Automne — Équinoxe d'automne,2023-09-23,,Saisons|Astronomie,L'équinoxe d'automne marque le début de l'automne.,
Pleine Lune,2023-09-29,,Astronomie|Lunaire,La face de la Lune est entièrement éclairée par le Soleil.,
Fête des Grands-Pères,2023-10-01,,Fêtes|Culture,"Créée en 2008, elle a lieu chaque premier dimanche d'octobre.",
Journée mondiale du cacao et du chocolat,2023-10-01,,Gastronomie|Culture,Célébrée le 1er octobre et associée à l'Organisation internationale du cacao (ICCO).,
Lancement d'Octobre Rose,2023-10-01,,Santé,Tout octobre est dédié à la sensibilisation au cancer du sein.,
Dernier Quartier,2023-10-06,,Astronomie|Lunaire,Phase lunaire : Dernier Quartier.,
Nuit Blanche,2023-10-07,,Culture,Initiée à Paris en 2002 par le maire Bertrand Delanoë.,
Semaine du Goût,2023-10-09,,Gastronomie|Culture,Créée en 1990 par le chef Joël Robuchon.,
Journée mondiale de la santé mentale,2023-10-10,,Santé|Société,Créée par la Fédération Mondiale pour la Santé Mentale en 1992.,
Nouvelle Lune,2023-10-14,,Astronomie|Lunaire,La face de la Lune tournée vers la Terre n'est pas éclairée — elle est invisible dans le ciel.,
Journée mondiale de l'alimentation,2023-10-16,,Gastronomie|Société|Santé,Commémore la fondation de la FAO le 16 octobre 1945.,
"Vacances de la Toussaint - Zones A, B et C",2023-10-21,2023-11-05,Vacances scolaires,"Vacances de la Toussaint pour toutes les zones (A, B et C). Durée : 16 jours, du 21/10/2023 au 05/11/2023.",A|B|C
Premier Quartier,2023-10-22,,Astronomie|Lunaire,La moitié droite de la Lune est éclairée. Mi-chemin entre la Nouvelle Lune et la Pleine Lune.,
Pleine Lune,2023-10-28,,Astronomie|Lunaire,La face de la Lune est entièrement éclairée par le Soleil.,
Passage à l'heure d'hiver,2023-10-29,,Changement d'heure,"Dans la nuit du samedi au dimanche, les montres reculent d'une heure (3h → 2h).",
Halloween,2023-10-31,,Culture|Fêtes,Fête d'origine celtique (la nuit de Samain) christianisée puis popularisée par la diaspora irlandaise.,
Lancement du Mois sans Tabac,2023-11-01,,Santé,Lancé en France en 2016 par Santé Publique France.,
Toussaint,2023-11-01,,Jours fériés|Christianisme,"Fête de tous les saints, instituée par le pape Grégoire IV en 835. En France, la tradition de fleurir les tombes avec des chrysanthèmes s'est greffée dessus — ces fleurs sont désormais intimement liées à ce jour.",
Journée nationale de l'arbre,2023-11-02,,Environnement,Célébrée chaque premier jeudi de novembre.,
Dernier Quartier,2023-11-05,,Astronomie|Lunaire,Phase lunaire : Dernier Quartier.,
Armistice 1918,2023-11-11,,Jours fériés,"Le 11 novembre 1918 à 11h, l'armistice met fin à la Première Guerre mondiale après quatre ans de combats. Jour férié depuis 1922. Chaque commune française a son monument aux morts — 36 000 érigés entre 1920 et 1925.",
Armistice de 1918 — Journée du Souvenir,2023-11-11,,Jours fériés|Mémoire|Dates spéciales,"Le 11 novembre 1918 à 11h, l'armistice met fin à la Première Guerre mondiale.",
Nouvelle Lune,2023-11-13,,Astronomie|Lunaire,La face de la Lune tournée vers la Terre n'est pas éclairée — elle est invisible dans le ciel.,
Beaujolais Nouveau,2023-11-16,,Gastronomie|Culture|Commercial,"Chaque troisième jeudi de novembre, le Beaujolais Nouveau est mis en vente.",
Journée internationale des droits de l'enfant,2023-11-20,,Société,Commémore l'adoption de la Convention des Nations Unies relative aux droits de l'enfant.,
Premier Quartier,2023-11-20,,Astronomie|Lunaire,La moitié droite de la Lune est éclairée. Mi-chemin entre la Nouvelle Lune et la Pleine Lune.,
Pleine Lune,2023-11-27,,Astronomie|Lunaire,La face de la Lune est entièrement éclairée par le Soleil.,
Championnat du monde de handball féminin 2023,2023-11-30,2023-12-17,Sport,"Organisé au Danemark, en Norvège et en Suède. La Norvège remporte le titre.",all
Fête de la Bretagne,2023-11-30,,Culture|Société,Célébrée le 30 novembre (Saint-André) depuis les années 1990.,
Journée mondiale des personnes handicapées,2023-12-03,,Société,Instaurée par l'ONU en 1992.,
Dernier Quartier,2023-12-05,,Astronomie|Lunaire,Phase lunaire : Dernier Quartier.,
Journée mondiale du Bénévolat,2023-12-05,,Société,Créée par l'ONU en 1985.,
Saint-Nicolas,2023-12-06,,Christianisme|Culture|Fêtes,"Fête de Nicolas de Myre, évêque du IVe siècle devenu patron des enfants.",
Journée de la Laïcité,2023-12-09,,Société|Dates spéciales,Commémore la loi du 9 décembre 1905 séparant les Églises de l'État.,
Nouvelle Lune,2023-12-13,,Astronomie|Lunaire,La face de la Lune tournée vers la Terre n'est pas éclairée — elle est invisible dans le ciel.,
Premier Quartier,2023-12-19,,Astronomie|Lunaire,La moitié droite de la Lune est éclairée. Mi-chemin entre la Nouvelle Lune et la Pleine Lune.,
Début de l'Hiver — Solstice d'hiver,2023-12-22,,Saisons|Astronomie,Le solstice d'hiver est le jour le plus court de l'année.,
Jour le plus court de l'année,2023-12-22,,Saisons|Astronomie,Le 22 December est le jour le plus court de l'année 2023.,
"Vacances de Noël - Zones A, B et C",2023-12-23,2024-01-07,Vacances scolaires,"Vacances de Noël pour toutes les zones (A, B et C). Durée : 16 jours, du 23/12/2023 au 07/01/2024.",A|B|C
Noël,2023-12-25,,Jours fériés|Christianisme|Fêtes,"Célèbre la naissance du Christ. La date du 25 décembre a été fixée au IVe siècle sur une fête solaire romaine préexistante. Le sapin, la bûche et les cadeaux sont des traditions popularisées bien plus tard, au XIXe siècle.",
Saint-Étienne,2023-12-26,,Jours fériés|Christianisme,"Le 26 décembre est férié uniquement en Alsace-Moselle (depts 57, 67, 68). Fête de saint Étienne, premier martyr chrétien.",AM
Pleine Lune,2023-12-27,,Astronomie|Lunaire,La face de la Lune est entièrement éclairée par le Soleil.,
Dernier jour de l'année,2023-12-31,,Dates spéciales,Clôture de l'année civile 2023.,
Saint-Sylvestre / Réveillon du Nouvel An,2023-12-31,,Fêtes|Culture,"Dernier jour de l'année, nommé d'après le pape Sylvestre Ier mort ce jour en 335.",
Jour de l'an,2024-01-01,,Jours fériés,Premier jour de l'année civile grégorienne. La tradition des vœux existe depuis l'Antiquité romaine. Le gui porte-bonheur vient d'une coutume druidique bien antérieure au christianisme.,
Dernier Quartier,2024-01-04,,Astronomie|Lunaire,Phase lunaire : Dernier Quartier.,
Épiphanie,2024-01-06,,Christianisme|Culture|Gastronomie,"Célèbre la visite des Rois Mages à Jésus, 12 jours après Noël.",
Nouvelle Lune,2024-01-11,,Astronomie|Lunaire,La face de la Lune tournée vers la Terre n'est pas éclairée — elle est invisible dans le ciel.,
Premier Quartier,2024-01-18,,Astronomie|Lunaire,La moitié droite de la Lune est éclairée. Mi-chemin entre la Nouvelle Lune et la Pleine Lune.,
Journée internationale de l'Éducation,2024-01-24,,Éducation|Société,Proclamée par l'ONU en 2019.,
Pleine Lune,2024-01-25,,Astronomie|Lunaire,La face de la Lune est entièrement éclairée par le Soleil.,
Journée nationale de la Mémoire de la Shoah,2024-01-27,,Mémoire|Société,Commémore la libération du camp d'Auschwitz le 27 janvier 1945.,
Chandeleur,2024-02-02,,Culture|Christianisme|Gastronomie,"Fête de la Présentation de Jésus au Temple, 40 jours après Noël.",
Journée mondiale des zones humides,2024-02-02,,Environnement,Commémore la Convention de Ramsar signée le 2 février 1971.,
Tournoi des Six Nations 2024,2024-02-02,2024-03-16,Sport,L'Irlande remporte le titre.,all
Dernier Quartier,2024-02-03,,Astronomie|Lunaire,Phase lunaire : Dernier Quartier.,
Journée mondiale contre le cancer,2024-02-04,,Santé,Initiée par l'Union Internationale Contre le Cancer depuis 2000.,
Nouvelle Lune,2024-02-09,,Astronomie|Lunaire,La face de la Lune tournée vers la Terre n'est pas éclairée — elle est invisible dans le ciel.,
Vacances d'Hiver - Zone C,2024-02-10,2024-02-25,Vacances scolaires,"Vacances d'Hiver pour la zone scolaire C. Durée : 16 jours, du 10/02/2024 au 25/02/2024. Le découpage en zones A, B et C a été instauré en 1972.",C
Mardi Gras,2024-02-13,,Christianisme|Culture|Fêtes,"Dernier jour avant le Carême, où la tradition voulait qu'on fasse bombance avant l'abstinence.",
Début du Carême,2024-02-14,,Christianisme,"Le Carême commence le Mercredi des Cendres, 46 jours avant Pâques.",
Saint-Valentin,2024-02-14,,Fêtes|Culture,Fête des amoureux le 14 février.,
Premier Quartier,2024-02-16,,Astronomie|Lunaire,La moitié droite de la Lune est éclairée. Mi-chemin entre la Nouvelle Lune et la Pleine Lune.,
Vacances d'Hiver - Zone A,2024-02-17,2024-03-03,Vacances scolaires,"Vacances d'Hiver pour la zone scolaire A. Durée : 16 jours, du 17/02/2024 au 03/03/2024. Le découpage en zones A, B et C a été instauré en 1972.",A
Pleine Lune,2024-02-24,,Astronomie|Lunaire,La face de la Lune est entièrement éclairée par le Soleil.,
Salon de l'Agriculture — Ouverture,2024-02-24,,Gastronomie|Agriculture|Culture,Le Salon International de l'Agriculture se tient chaque fin février à Paris.,
Vacances d'Hiver - Zone B,2024-02-24,2024-03-10,Vacances scolaires,"Vacances d'Hiver pour la zone scolaire B. Durée : 16 jours, du 24/02/2024 au 10/03/2024. Le découpage en zones A, B et C a été instauré en 1972.",B
Jour supplémentaire (année bissextile),2024-02-29,,Dates spéciales,"Une année solaire dure 365,2422 jours. 2024 est l'une des années rares à 366 jours.",
Dernier Quartier,2024-03-03,,Astronomie|Lunaire,Phase lunaire : Dernier Quartier.,
Fête des Grands-Mères,2024-03-03,,Fêtes|Culture,Créée en 1987 par la marque de café Grand'Mère.,
Journée internationale des femmes,2024-03-08,,Société,Issue des luttes ouvrières du début du XXe siècle en Europe et aux États-Unis.,
Nouvelle Lune,2024-03-10,,Astronomie|Lunaire,La face de la Lune tournée vers la Terre n'est pas éclairée — elle est invisible dans le ciel.,
Premier Quartier,2024-03-17,,Astronomie|Lunaire,La moitié droite de la Lune est éclairée. Mi-chemin entre la Nouvelle Lune et la Pleine Lune.,
Saint-Patrick,2024-03-17,,Culture|Fêtes,"Fête nationale irlandaise le 17 mars, commémorant la mort de saint Patrick (461).",
Début du Printemps — Équinoxe de printemps,2024-03-20,,Saisons|Astronomie,L'équinoxe de printemps marque le début astronomique du printemps.,
Journée nationale de lutte contre les discriminations,2024-03-21,,Société,Créée par l'ONU en 1966 en mémoire du massacre de Sharpeville.,
Journée mondiale de l'eau,2024-03-22,,Environnement|Société,Proclamée par l'ONU en 1993.,
Dimanche des Rameaux,2024-03-24,,Christianisme,Ouvre la Semaine Sainte en rappelant l'entrée triomphale de Jésus à Jérusalem.,
Pleine Lune,2024-03-25,,Astronomie|Lunaire,La face de la Lune est entièrement éclairée par le Soleil.,
Vendredi Saint,2024-03-29,,Jours fériés|Christianisme,"Commémore la crucifixion du Christ. Jour férié uniquement en Alsace-Moselle (départements 57, 67, 68) en vertu du régime concordataire.",AM
Vendredi Saint,2024-03-29,,Christianisme,Commémore la crucifixion du Christ. Non férié en France depuis la loi de 1905 — sauf en Alsace-Moselle.,
Passage à l'heure d'été,2024-03-31,,Changement d'heure,"Dans la nuit du samedi au dimanche, les montres avancent d'une heure (2h → 3h).",
Pâques,2024-03-31,,Christianisme,Fête chrétienne célébrant la résurrection du Christ. Sa date varie chaque année car elle suit le calendrier lunaire.,
Lundi de Pâques,2024-04-01,,Jours fériés|Christianisme,"Jour férié qui prolonge le dimanche de Pâques. La tradition des œufs vient du Carême : l'Église interdisait d'en manger pendant 40 jours, on offrait donc à Pâques ceux accumulés.",
Poisson d'avril,2024-04-01,,Culture,Journée des farces et des canulars.,
Dernier Quartier,2024-04-02,,Astronomie|Lunaire,Phase lunaire : Dernier Quartier.,
Vacances de Printemps - Zone C,2024-04-06,2024-04-21,Vacances scolaires,"Vacances de Printemps pour la zone scolaire C. Durée : 16 jours, du 06/04/2024 au 21/04/2024. Le découpage en zones A, B et C a été instauré en 1972.",C
Journée mondiale de la Santé,2024-04-07,,Santé,Commémore la fondation de l'OMS le 7 avril 1948.,
Nouvelle Lune,2024-04-08,,Astronomie|Lunaire,La face de la Lune tournée vers la Terre n'est pas éclairée — elle est invisible dans le ciel.,
Vacances de Printemps - Zone A,2024-04-13,2024-04-28,Vacances scolaires,"Vacances de Printemps pour la zone scolaire A. Durée : 16 jours, du 13/04/2024 au 28/04/2024. Le découpage en zones A, B et C a été instauré en 1972.",A
Premier Quartier,2024-04-15,,Astronomie|Lunaire,La moitié droite de la Lune est éclairée. Mi-chemin entre la Nouvelle Lune et la Pleine Lune.,
Vacances de Printemps - Zone B,2024-04-20,2024-05-05,Vacances scolaires,"Vacances de Printemps pour la zone scolaire B. Durée : 16 jours, du 20/04/2024 au 05/05/2024. Le découpage en zones A, B et C a été instauré en 1972.",B
Jour de la Terre,2024-04-22,,Environnement|Société,Né le 22 avril 1970 après une marée noire en Californie.,
Pleine Lune,2024-04-24,,Astronomie|Lunaire,La face de la Lune est entièrement éclairée par le Soleil.,
Dernier Quartier,2024-05-01,,Astronomie|Lunaire,Phase lunaire : Dernier Quartier.,
Fête du Travail,2024-05-01,,Jours fériés|Société,"Commémore la grève de Chicago du 1er mai 1886 pour les 8 heures de travail, réprimée dans le sang. Férié et chômé en France depuis 1947. La tradition d'offrir du muguet vient d'une coutume de Charles IX datant de 1561.",
Fête de la Victoire 1945,2024-05-08,,Jours fériés,"Le 8 mai 1945, l'Allemagne nazie signe sa capitulation sans condition, mettant fin à la guerre en Europe. Férié depuis 1953, supprimé par Giscard en 1975, puis rétabli par Mitterrand en 1981.",
Nouvelle Lune,2024-05-08,,Astronomie|Lunaire,La face de la Lune tournée vers la Terre n'est pas éclairée — elle est invisible dans le ciel.,
Ascension,2024-05-09,,Jours fériés|Christianisme,"Fête chrétienne commémorant la montée du Christ au ciel, 40 jours après Pâques. Toujours un jeudi, ce qui en fait naturellement un pont avec le vendredi.",
"Pont de l'Ascension - Zones A, B et C",2024-05-09,2024-05-12,Vacances scolaires,"Pont de l'Ascension pour toutes les zones (A, B et C). Durée : 4 jours, du 09/05/2024 au 12/05/2024.",A|B|C
Abolition de l'esclavage en France — Commémoration,2024-05-10,,Mémoire|Société,Journée nationale instaurée par la loi Taubira de 2001.,
Pont possible — Ascension,2024-05-10,,Ponts / Congés,Ascension tombe un jeudi le 09/05/2024. Le vendredi 10/05/2024 est un pont potentiel — vérifiez auprès de votre employeur.,
Festival de Cannes — Ouverture,2024-05-14,,Culture|Cinéma,"Le Festival International du Film de Cannes, créé en 1946.",
Premier Quartier,2024-05-15,,Astronomie|Lunaire,La moitié droite de la Lune est éclairée. Mi-chemin entre la Nouvelle Lune et la Pleine Lune.,
Nuit des Musées,2024-05-18,,Culture,Créée en France en 2005 et étendue à toute l'Europe.,
Pentecôte,2024-05-19,,Christianisme,"Célèbre la descente de l'Esprit Saint sur les apôtres, 50 jours après Pâques.",
Lundi de Pentecôte,2024-05-20,,Jours fériés|Christianisme,"Jour férié désigné depuis 2004 Journée de solidarité envers les personnes âgées. Les salariés travaillent ce jour sans rémunération supplémentaire, finançant ainsi la prise en charge de la dépendance — instauré après la canicule de 2003 qui fit 15 000 morts en France.",
Journée mondiale de la biodiversité,2024-05-22,,Environnement,Commémore l'adoption de la Convention sur la Diversité Biologique à Rio.,
Pleine Lune,2024-05-23,,Astronomie|Lunaire,La face de la Lune est entièrement éclairée par le Soleil.,
Finale Coupe de France 2023-2024,2024-05-25,2024-05-25,Sport,Au Stade Pierre-Mauroy de Lille. Le PSG bat l'OL (2-1) et remporte son 15e titre.,all
Fête des Mères,2024-05-26,,Fêtes|Culture,"Célébrée le dernier dimanche de mai, sauf si c'est la Pentecôte.",
Roland-Garros 2024,2024-05-26,2024-06-09,Sport,Victoire de Carlos Alcaraz et Iga Swiatek.,all
Journée nationale de la Résistance,2024-05-27,,Mémoire|Société,"Le 27 mai 1943, Jean Moulin préside la première réunion secrète du CNR.",
Dernier Quartier,2024-05-30,,Astronomie|Lunaire,Phase lunaire : Dernier Quartier.,
Fête des Voisins,2024-05-31,,Société,Créée en 2000 pour lutter contre l'isolement urbain.,
Journée mondiale sans tabac,2024-05-31,,Santé,Lancée par l'OMS en 1987.,
Finale UEFA Ligue des Champions 2023-2024,2024-06-01,2024-06-01,Sport,"À Wembley, Londres. Le Real Madrid bat le Borussia Dortmund (2-0).",all
Débarquement en Normandie — Commémoration du Jour J,2024-06-06,,Mémoire|Dates spéciales,"Le 6 juin 1944, 156 000 soldats alliés débarquent sur les plages de Normandie.",
Nouvelle Lune,2024-06-06,,Astronomie|Lunaire,La face de la Lune tournée vers la Terre n'est pas éclairée — elle est invisible dans le ciel.,
Journée mondiale de l'océan,2024-06-08,,Environnement,Proposée lors du Sommet de la Terre de Rio en 1992.,
Premier Quartier,2024-06-14,,Astronomie|Lunaire,La moitié droite de la Lune est éclairée. Mi-chemin entre la Nouvelle Lune et la Pleine Lune.,
UEFA Euro 2024,2024-06-14,2024-07-14,Sport,Organisé en Allemagne. L'Espagne remporte son 4e titre européen face à l'Angleterre (2-1).,all
24 Heures du Mans 2024,2024-06-15,2024-06-16,Sport,"Victoire Ferrari (Pier Guidi, Calado, Nielsen).",all
Fête des Pères,2024-06-16,,Fêtes|Culture,"Née aux États-Unis en 1910, introduite en France dans les années 1950.",
Appel du 18 juin 1940 — Anniversaire,2024-06-18,,Mémoire|Dates spéciales,"Le 18 juin 1940, de Gaulle lance depuis Londres un appel à la Résistance sur la BBC.",
Début de l'Été — Solstice d'été,2024-06-20,,Saisons|Astronomie,Le solstice d'été est le jour le plus long de l'année.,
Jour le plus long de l'année,2024-06-20,,Saisons|Astronomie,Le 20 June est le jour le plus long de l'année 2024.,
Fête de la Musique,2024-06-21,,Culture|Fêtes,Créée en 1982 par le ministre Jack Lang.,
Pleine Lune,2024-06-22,,Astronomie|Lunaire,La face de la Lune est entièrement éclairée par le Soleil.,
Fête du Cinéma,2024-06-23,,Culture|Cinéma,"Créée en 1985, elle propose chaque fin juin des places à tarif réduit.",
Dernier Quartier,2024-06-28,,Astronomie|Lunaire,Phase lunaire : Dernier Quartier.,
Tour de France 2024,2024-06-29,2024-07-21,Sport,Victoire de Tadej Pogacar (3e titre).,all
Milieu de l'année,2024-07-01,,Dates spéciales,Ce jour marque le point médian exact de l'année 2024.,
Festival d'Avignon — Ouverture,2024-07-05,,Culture|Théâtre,Créé par Jean Vilar en 1947 dans la cour du Palais des Papes.,
Nouvelle Lune,2024-07-06,,Astronomie|Lunaire,La face de la Lune tournée vers la Terre n'est pas éclairée — elle est invisible dans le ciel.,
"Vacances d'Été - Zones A, B et C",2024-07-06,2024-09-01,Vacances scolaires,"Vacances d'Été pour toutes les zones (A, B et C). Durée : 58 jours, du 06/07/2024 au 01/09/2024.",A|B|C
Commémoration de la Rafle du Vél d'Hiv,2024-07-14,,Mémoire|Société,"Les 16-17 juillet 1942, la police française arrêta 13 152 Juifs à Paris.",
Fête Nationale,2024-07-14,,Jours fériés|Société|Dates spéciales,Commémore la prise de la Bastille le 14 juillet 1789.,
Fête nationale,2024-07-14,,Jours fériés,"Commémore la prise de la Bastille le 14 juillet 1789, symbole de la Révolution française. Jour férié depuis 1880. Défilé militaire sur les Champs-Élysées, bals des pompiers et feux d'artifice dans toute la France.",
Premier Quartier,2024-07-14,,Astronomie|Lunaire,La moitié droite de la Lune est éclairée. Mi-chemin entre la Nouvelle Lune et la Pleine Lune.,
Pleine Lune,2024-07-21,,Astronomie|Lunaire,La face de la Lune est entièrement éclairée par le Soleil.,
Jeux Olympiques de Paris 2024,2024-07-26,2024-08-11,Sport|JO,XXXIIIes Jeux Olympiques d'été à Paris. La France termine 5e au tableau des médailles.,all
Dernier Quartier,2024-07-28,,Astronomie|Lunaire,Phase lunaire : Dernier Quartier.,
Nuit des Étoiles,2024-08-03,,Astronomie|Éducation|Culture,Organisée chaque premier week-end d'août par l'Association Française d'Astronomie depuis 1991.,
Nouvelle Lune,2024-08-04,,Astronomie|Lunaire,La face de la Lune tournée vers la Terre n'est pas éclairée — elle est invisible dans le ciel.,
Premier Quartier,2024-08-12,,Astronomie|Lunaire,La moitié droite de la Lune est éclairée. Mi-chemin entre la Nouvelle Lune et la Pleine Lune.,
Assomption,2024-08-15,,Jours fériés,"Célèbre l'élévation de la Vierge Marie au ciel. Fête chrétienne ancienne, jour férié en France depuis le Concordat de 1802. Elle tombe en plein cœur de l'été, au milieu des grandes vacances.",
Assomption de Marie,2024-08-15,,Christianisme|Jours fériés,Célèbre l'élévation de la Vierge Marie au ciel.,
Ligue 1 2024-2025,2024-08-16,2025-05-17,Sport,"Le PSG est sacré champion le 5 avril 2025, à 6 journées de la fin.",all
Pont possible — Assomption,2024-08-16,,Ponts / Congés,Assomption tombe un jeudi le 15/08/2024. Le vendredi 16/08/2024 est un pont potentiel — vérifiez auprès de votre employeur.,
Pleine Lune,2024-08-19,,Astronomie|Lunaire,La face de la Lune est entièrement éclairée par le Soleil.,
Dernier Quartier,2024-08-26,,Astronomie|Lunaire,Phase lunaire : Dernier Quartier.,
Jeux Paralympiques de Paris 2024,2024-08-28,2024-09-08,Sport|Jeux Paralympiques,XVIIes Jeux Paralympiques d'été à Paris. La France remporte 75 médailles dont 19 en or.,all
Rentrée des classes,2024-09-02,,Éducation|Société,La rentrée de septembre mobilise 12 millions d'élèves et 870 000 enseignants en France.,
Nouvelle Lune,2024-09-03,,Astronomie|Lunaire,La face de la Lune tournée vers la Terre n'est pas éclairée — elle est invisible dans le ciel.,
Braderie de Lille,2024-09-07,,Culture|Commerce,"Plus grande braderie d'Europe, organisée le premier week-end de septembre à Lille.",
Premier Quartier,2024-09-11,,Astronomie|Lunaire,La moitié droite de la Lune est éclairée. Mi-chemin entre la Nouvelle Lune et la Pleine Lune.,
Pleine Lune,2024-09-18,,Astronomie|Lunaire,La face de la Lune est entièrement éclairée par le Soleil.,
Journées du Patrimoine,2024-09-21,,Culture|Société,"Créées en France en 1984 par Jack Lang, étendues à toute l'Europe en 1991.",
Début de l'Automne — Équinoxe d'automne,2024-09-22,,Saisons|Astronomie,L'équinoxe d'automne marque le début de l'automne.,
Journée mondiale sans voiture,2024-09-22,,Environnement|Société,Lancée en France en 1998 par La Rochelle.,
Dernier Quartier,2024-09-24,,Astronomie|Lunaire,Phase lunaire : Dernier Quartier.,
Journée mondiale du cacao et du chocolat,2024-10-01,,Gastronomie|Culture,Célébrée le 1er octobre et associée à l'Organisation internationale du cacao (ICCO).,
Lancement d'Octobre Rose,2024-10-01,,Santé,Tout octobre est dédié à la sensibilisation au cancer du sein.,
Nouvelle Lune,2024-10-02,,Astronomie|Lunaire,La face de la Lune tournée vers la Terre n'est pas éclairée — elle est invisible dans le ciel.,
Nuit Blanche,2024-10-05,,Culture,Initiée à Paris en 2002 par le maire Bertrand Delanoë.,
Fête des Grands-Pères,2024-10-06,,Fêtes|Culture,"Créée en 2008, elle a lieu chaque premier dimanche d'octobre.",
Journée mondiale de la santé mentale,2024-10-10,,Santé|Société,Créée par la Fédération Mondiale pour la Santé Mentale en 1992.,
Premier Quartier,2024-10-10,,Astronomie|Lunaire,La moitié droite de la Lune est éclairée. Mi-chemin entre la Nouvelle Lune et la Pleine Lune.,
Semaine du Goût,2024-10-14,,Gastronomie|Culture,Créée en 1990 par le chef Joël Robuchon.,
Journée mondiale de l'alimentation,2024-10-16,,Gastronomie|Société|Santé,Commémore la fondation de la FAO le 16 octobre 1945.,
Pleine Lune,2024-10-17,,Astronomie|Lunaire,La face de la Lune est entièrement éclairée par le Soleil.,
"Vacances de la Toussaint - Zones A, B et C",2024-10-19,2024-11-03,Vacances scolaires,"Vacances de la Toussaint pour toutes les zones (A, B et C). Durée : 16 jours, du 19/10/2024 au 03/11/2024.",A|B|C
Dernier Quartier,2024-10-24,,Astronomie|Lunaire,Phase lunaire : Dernier Quartier.,
Passage à l'heure d'hiver,2024-10-27,,Changement d'heure,"Dans la nuit du samedi au dimanche, les montres reculent d'une heure (3h → 2h).",
Halloween,2024-10-31,,Culture|Fêtes,Fête d'origine celtique (la nuit de Samain) christianisée puis popularisée par la diaspora irlandaise.,
Lancement du Mois sans Tabac,2024-11-01,,Santé,Lancé en France en 2016 par Santé Publique France.,
Nouvelle Lune,2024-11-01,,Astronomie|Lunaire,La face de la Lune tournée vers la Terre n'est pas éclairée — elle est invisible dans le ciel.,
Toussaint,2024-11-01,,Jours fériés|Christianisme,"Fête de tous les saints, instituée par le pape Grégoire IV en 835. En France, la tradition de fleurir les tombes avec des chrysanthèmes s'est greffée dessus — ces fleurs sont désormais intimement liées à ce jour.",
Journée nationale de l'arbre,2024-11-07,,Environnement,Célébrée chaque premier jeudi de novembre.,
Premier Quartier,2024-11-09,,Astronomie|Lunaire,La moitié droite de la Lune est éclairée. Mi-chemin entre la Nouvelle Lune et la Pleine Lune.,
Armistice 1918,2024-11-11,,Jours fériés,"Le 11 novembre 1918 à 11h, l'armistice met fin à la Première Guerre mondiale après quatre ans de combats. Jour férié depuis 1922. Chaque commune française a son monument aux morts — 36 000 érigés entre 1920 et 1925.",
Armistice de 1918 — Journée du Souvenir,2024-11-11,,Jours fériés|Mémoire|Dates spéciales,"Le 11 novembre 1918 à 11h, l'armistice met fin à la Première Guerre mondiale.",
Pleine Lune,2024-11-15,,Astronomie|Lunaire,La face de la Lune est entièrement éclairée par le Soleil.,
Journée internationale des droits de l'enfant,2024-11-20,,Société,Commémore l'adoption de la Convention des Nations Unies relative aux droits de l'enfant.,
Beaujolais Nouveau,2024-11-21,,Gastronomie|Culture|Commercial,"Chaque troisième jeudi de novembre, le Beaujolais Nouveau est mis en vente.",
Dernier Quartier,2024-11-23,,Astronomie|Lunaire,Phase lunaire : Dernier Quartier.,
Fête de la Bretagne,2024-11-30,,Culture|Société,Célébrée le 30 novembre (Saint-André) depuis les années 1990.,
Nouvelle Lune,2024-12-01,,Astronomie|Lunaire,La face de la Lune tournée vers la Terre n'est pas éclairée — elle est invisible dans le ciel.,
Journée mondiale des personnes handicapées,2024-12-03,,Société,Instaurée par l'ONU en 1992.,
Journée mondiale du Bénévolat,2024-12-05,,Société,Créée par l'ONU en 1985.,
Saint-Nicolas,2024-12-06,,Christianisme|Culture|Fêtes,"Fête de Nicolas de Myre, évêque du IVe siècle devenu patron des enfants.",
Premier Quartier,2024-12-08,,Astronomie|Lunaire,La moitié droite de la Lune est éclairée. Mi-chemin entre la Nouvelle Lune et la Pleine Lune.,
Journée de la Laïcité,2024-12-09,,Société|Dates spéciales,Commémore la loi du 9 décembre 1905 séparant les Églises de l'État.,
Pleine Lune,2024-12-15,,Astronomie|Lunaire,La face de la Lune est entièrement éclairée par le Soleil.,
Début de l'Hiver — Solstice d'hiver,2024-12-21,,Saisons|Astronomie,Le solstice d'hiver est le jour le plus court de l'année.,
Jour le plus court de l'année,2024-12-21,,Saisons|Astronomie,Le 21 December est le jour le plus court de l'année 2024.,
"Vacances de Noël - Zones A, B et C",2024-12-21,2025-01-05,Vacances scolaires,"Vacances de Noël pour toutes les zones (A, B et C). Durée : 16 jours, du 21/12/2024 au 05/01/2025.",A|B|C
Dernier Quartier,2024-12-22,,Astronomie|Lunaire,Phase lunaire : Dernier Quartier.,
Noël,2024-12-25,,Jours fériés|Christianisme|Fêtes,"Célèbre la naissance du Christ. La date du 25 décembre a été fixée au IVe siècle sur une fête solaire romaine préexistante. Le sapin, la bûche et les cadeaux sont des traditions popularisées bien plus tard, au XIXe siècle.",
Saint-Étienne,2024-12-26,,Jours fériés|Christianisme,"Le 26 décembre est férié uniquement en Alsace-Moselle (depts 57, 67, 68). Fête de saint Étienne, premier martyr chrétien.",AM
Nouvelle Lune,2024-12-30,,Astronomie|Lunaire,La face de la Lune tournée vers la Terre n'est pas éclairée — elle est invisible dans le ciel.,
Dernier jour de l'année,2024-12-31,,Dates spéciales,Clôture de l'année civile 2024.,
Saint-Sylvestre / Réveillon du Nouvel An,2024-12-31,,Fêtes|Culture,"Dernier jour de l'année, nommé d'après le pape Sylvestre Ier mort ce jour en 335.",
Jour de l'an,2025-01-01,,Jours fériés,Premier jour de l'année civile grégorienne. La tradition des vœux existe depuis l'Antiquité romaine. Le gui porte-bonheur vient d'une coutume druidique bien antérieure au christianisme.,
Épiphanie,2025-01-06,,Christianisme|Culture|Gastronomie,"Célèbre la visite des Rois Mages à Jésus, 12 jours après Noël.",
Premier Quartier,2025-01-07,,Astronomie|Lunaire,La moitié droite de la Lune est éclairée. Mi-chemin entre la Nouvelle Lune et la Pleine Lune.,
Pleine Lune,2025-01-13,,Astronomie|Lunaire,La face de la Lune est entièrement éclairée par le Soleil.,
Championnat du monde de handball masculin 2025,2025-01-14,2025-02-02,Sport,"Organisé au Danemark, en Norvège et en Croatie. 32 équipes participantes.",all
Dernier Quartier,2025-01-21,,Astronomie|Lunaire,Phase lunaire : Dernier Quartier.,
Journée internationale de l'Éducation,2025-01-24,,Éducation|Société,Proclamée par l'ONU en 2019.,
Journée nationale de la Mémoire de la Shoah,2025-01-27,,Mémoire|Société,Commémore la libération du camp d'Auschwitz le 27 janvier 1945.,
Nouvelle Lune,2025-01-29,,Astronomie|Lunaire,La face de la Lune tournée vers la Terre n'est pas éclairée — elle est invisible dans le ciel.,
Tournoi des Six Nations 2025,2025-01-31,2025-03-15,Sport,Le tournoi mythique opposant les meilleures nations européennes.,all
Chandeleur,2025-02-02,,Culture|Christianisme|Gastronomie,"Fête de la Présentation de Jésus au Temple, 40 jours après Noël.",
Journée mondiale des zones humides,2025-02-02,,Environnement,Commémore la Convention de Ramsar signée le 2 février 1971.,
Journée mondiale contre le cancer,2025-02-04,,Santé,Initiée par l'Union Internationale Contre le Cancer depuis 2000.,
Premier Quartier,2025-02-05,,Astronomie|Lunaire,La moitié droite de la Lune est éclairée. Mi-chemin entre la Nouvelle Lune et la Pleine Lune.,
Vacances d'Hiver - Zone B,2025-02-08,2025-02-23,Vacances scolaires,"Vacances d'Hiver pour la zone scolaire B. Durée : 16 jours, du 08/02/2025 au 23/02/2025. Le découpage en zones A, B et C a été instauré en 1972.",B
Pleine Lune,2025-02-12,,Astronomie|Lunaire,La face de la Lune est entièrement éclairée par le Soleil.,
Saint-Valentin,2025-02-14,,Fêtes|Culture,Fête des amoureux le 14 février.,
Vacances d'Hiver - Zone C,2025-02-15,2025-03-02,Vacances scolaires,"Vacances d'Hiver pour la zone scolaire C. Durée : 16 jours, du 15/02/2025 au 02/03/2025. Le découpage en zones A, B et C a été instauré en 1972.",C
Dernier Quartier,2025-02-20,,Astronomie|Lunaire,Phase lunaire : Dernier Quartier.,
Salon de l'Agriculture — Ouverture,2025-02-22,,Gastronomie|Agriculture|Culture,Le Salon International de l'Agriculture se tient chaque fin février à Paris.,
Vacances d'Hiver - Zone A,2025-02-22,2025-03-09,Vacances scolaires,"Vacances d'Hiver pour la zone scolaire A. Durée : 16 jours, du 22/02/2025 au 09/03/2025. Le découpage en zones A, B et C a été instauré en 1972.",A
Nouvelle Lune,2025-02-28,,Astronomie|Lunaire,La face de la Lune tournée vers la Terre n'est pas éclairée — elle est invisible dans le ciel.,
Fête des Grands-Mères,2025-03-02,,Fêtes|Culture,Créée en 1987 par la marque de café Grand'Mère.,
Mardi Gras,2025-03-04,,Christianisme|Culture|Fêtes,"Dernier jour avant le Carême, où la tradition voulait qu'on fasse bombance avant l'abstinence.",
Début du Carême,2025-03-05,,Christianisme,"Le Carême commence le Mercredi des Cendres, 46 jours avant Pâques.",
Premier Quartier,2025-03-06,,Astronomie|Lunaire,La moitié droite de la Lune est éclairée. Mi-chemin entre la Nouvelle Lune et la Pleine Lune.,
Journée internationale des femmes,2025-03-08,,Société,Issue des luttes ouvrières du début du XXe siècle en Europe et aux États-Unis.,
Pleine Lune,2025-03-14,,Astronomie|Lunaire,La face de la Lune est entièrement éclairée par le Soleil.,
Saint-Patrick,2025-03-17,,Culture|Fêtes,"Fête nationale irlandaise le 17 mars, commémorant la mort de saint Patrick (461).",
Baccalauréat général et technologique — Épreuves de spécialité,2025-03-18,2025-03-20,Éducation|Examens,Épreuves terminales écrites de spécialité du baccalauréat général et technologique.,
Début du Printemps — Équinoxe de printemps,2025-03-20,,Saisons|Astronomie,L'équinoxe de printemps marque le début astronomique du printemps.,
Journée nationale de lutte contre les discriminations,2025-03-21,,Société,Créée par l'ONU en 1966 en mémoire du massacre de Sharpeville.,
Dernier Quartier,2025-03-22,,Astronomie|Lunaire,Phase lunaire : Dernier Quartier.,
Journée mondiale de l'eau,2025-03-22,,Environnement|Société,Proclamée par l'ONU en 1993.,
Nouvelle Lune,2025-03-29,,Astronomie|Lunaire,La face de la Lune tournée vers la Terre n'est pas éclairée — elle est invisible dans le ciel.,
Passage à l'heure d'été,2025-03-30,,Changement d'heure,"Dans la nuit du samedi au dimanche, les montres avancent d'une heure (2h → 3h).",
Poisson d'avril,2025-04-01,,Culture,Journée des farces et des canulars.,
Premier Quartier,2025-04-05,,Astronomie|Lunaire,La moitié droite de la Lune est éclairée. Mi-chemin entre la Nouvelle Lune et la Pleine Lune.,
Vacances de Printemps - Zone B,2025-04-05,2025-04-21,Vacances scolaires,"Vacances de Printemps pour la zone scolaire B. Durée : 17 jours, du 05/04/2025 au 21/04/2025. Le découpage en zones A, B et C a été instauré en 1972.",B
Journée mondiale de la Santé,2025-04-07,,Santé,Commémore la fondation de l'OMS le 7 avril 1948.,
Vacances de Printemps - Zone C,2025-04-12,2025-04-27,Vacances scolaires,"Vacances de Printemps pour la zone scolaire C. Durée : 16 jours, du 12/04/2025 au 27/04/2025. Le découpage en zones A, B et C a été instauré en 1972.",C
Dimanche des Rameaux,2025-04-13,,Christianisme,Ouvre la Semaine Sainte en rappelant l'entrée triomphale de Jésus à Jérusalem.,
Pleine Lune,2025-04-13,,Astronomie|Lunaire,La face de la Lune est entièrement éclairée par le Soleil.,
Vendredi Saint,2025-04-18,,Jours fériés|Christianisme,"Commémore la crucifixion du Christ. Jour férié uniquement en Alsace-Moselle (départements 57, 67, 68) en vertu du régime concordataire.",AM
Vendredi Saint,2025-04-18,,Christianisme,Commémore la crucifixion du Christ. Non férié en France depuis la loi de 1905 — sauf en Alsace-Moselle.,
Vacances de Printemps - Zone A,2025-04-19,2025-05-04,Vacances scolaires,"Vacances de Printemps pour la zone scolaire A. Durée : 16 jours, du 19/04/2025 au 04/05/2025. Le découpage en zones A, B et C a été instauré en 1972.",A
Pâques,2025-04-20,,Christianisme,Fête chrétienne célébrant la résurrection du Christ. Sa date varie chaque année car elle suit le calendrier lunaire.,
Dernier Quartier,2025-04-21,,Astronomie|Lunaire,Phase lunaire : Dernier Quartier.,
Lundi de Pâques,2025-04-21,,Jours fériés|Christianisme,"Jour férié qui prolonge le dimanche de Pâques. La tradition des œufs vient du Carême : l'Église interdisait d'en manger pendant 40 jours, on offrait donc à Pâques ceux accumulés.",
Jour de la Terre,2025-04-22,,Environnement|Société,Né le 22 avril 1970 après une marée noire en Californie.,
Nouvelle Lune,2025-04-27,,Astronomie|Lunaire,La face de la Lune tournée vers la Terre n'est pas éclairée — elle est invisible dans le ciel.,
Fête du Travail,2025-05-01,,Jours fériés|Société,"Commémore la grève de Chicago du 1er mai 1886 pour les 8 heures de travail, réprimée dans le sang. Férié et chômé en France depuis 1947. La tradition d'offrir du muguet vient d'une coutume de Charles IX datant de 1561.",
Pont possible — Fête du Travail,2025-05-02,,Ponts / Congés,Fête du Travail tombe un jeudi le 01/05/2025. Le vendredi 02/05/2025 est un pont potentiel — vérifiez auprès de votre employeur.,
Premier Quartier,2025-05-04,,Astronomie|Lunaire,La moitié droite de la Lune est éclairée. Mi-chemin entre la Nouvelle Lune et la Pleine Lune.,
Fête de la Victoire 1945,2025-05-08,,Jours fériés,"Le 8 mai 1945, l'Allemagne nazie signe sa capitulation sans condition, mettant fin à la guerre en Europe. Férié depuis 1953, supprimé par Giscard en 1975, puis rétabli par Mitterrand en 1981.",
Pont possible — Fête de la Victoire,2025-05-09,,Ponts / Congés,Fête de la Victoire tombe un jeudi le 08/05/2025. Le vendredi 09/05/2025 est un pont potentiel — vérifiez auprès de votre employeur.,
Abolition de l'esclavage en France — Commémoration,2025-05-10,,Mémoire|Société,Journée nationale instaurée par la loi Taubira de 2001.,
Pleine Lune,2025-05-12,,Astronomie|Lunaire,La face de la Lune est entièrement éclairée par le Soleil.,
BTS — Épreuves écrites,2025-05-13,2025-05-16,Éducation|Examens,Le Brevet de Technicien Supérieur (BTS) est un diplôme bac+2 de l'enseignement supérieur court.,
Festival de Cannes — Ouverture,2025-05-14,,Culture|Cinéma,"Le Festival International du Film de Cannes, créé en 1946.",
Nuit des Musées,2025-05-17,,Culture,Créée en France en 2005 et étendue à toute l'Europe.,
Dernier Quartier,2025-05-20,,Astronomie|Lunaire,Phase lunaire : Dernier Quartier.,
Journée mondiale de la biodiversité,2025-05-22,,Environnement,Commémore l'adoption de la Convention sur la Diversité Biologique à Rio.,
Grand Prix de Monaco F1 2025,2025-05-23,2025-05-25,Sport,Course mythique du calendrier de Formule 1 dans les rues de Monaco.,all
Finale Coupe de France 2024-2025,2025-05-24,2025-05-24,Sport,"Au Stade de France. Le PSG remporte son 16e titre, battant le Stade de Reims.",all
Fête des Mères,2025-05-25,,Fêtes|Culture,"Célébrée le dernier dimanche de mai, sauf si c'est la Pentecôte.",
Roland-Garros 2025,2025-05-25,2025-06-08,Sport,Grand Chelem sur terre battue à Paris.,all
Journée nationale de la Résistance,2025-05-27,,Mémoire|Société,"Le 27 mai 1943, Jean Moulin préside la première réunion secrète du CNR.",
Nouvelle Lune,2025-05-27,,Astronomie|Lunaire,La face de la Lune tournée vers la Terre n'est pas éclairée — elle est invisible dans le ciel.,
Ascension,2025-05-29,,Jours fériés|Christianisme,"Fête chrétienne commémorant la montée du Christ au ciel, 40 jours après Pâques. Toujours un jeudi, ce qui en fait naturellement un pont avec le vendredi.",
"Pont de l'Ascension - Zones A, B et C",2025-05-29,2025-06-01,Vacances scolaires,"Pont de l'Ascension pour toutes les zones (A, B et C). Durée : 4 jours, du 29/05/2025 au 01/06/2025.",A|B|C
Fête des Voisins,2025-05-30,,Société,Créée en 2000 pour lutter contre l'isolement urbain.,
Pont possible — Ascension,2025-05-30,,Ponts / Congés,Ascension tombe un jeudi le 29/05/2025. Le vendredi 30/05/2025 est un pont potentiel — vérifiez auprès de votre employeur.,
Finale UEFA Ligue des Champions 2024-2025,2025-05-31,2025-05-31,Sport,À la Fußball Arena München de Munich. Le PSG remporte son premier titre en écrasant l'Inter Milan (5-0).,all
Journée mondiale sans tabac,2025-05-31,,Santé,Lancée par l'OMS en 1987.,
Premier Quartier,2025-06-03,,Astronomie|Lunaire,La moitié droite de la Lune est éclairée. Mi-chemin entre la Nouvelle Lune et la Pleine Lune.,
CAP — Épreuves écrites d'enseignement général,2025-06-04,2025-06-05,Éducation|Examens,Le Certificat d'Aptitude Professionnelle (CAP) certifie des compétences dans un métier précis.,
Débarquement en Normandie — Commémoration du Jour J,2025-06-06,,Mémoire|Dates spéciales,"Le 6 juin 1944, 156 000 soldats alliés débarquent sur les plages de Normandie.",
Journée mondiale de l'océan,2025-06-08,,Environnement,Proposée lors du Sommet de la Terre de Rio en 1992.,
Pentecôte,2025-06-08,,Christianisme,"Célèbre la descente de l'Esprit Saint sur les apôtres, 50 jours après Pâques.",
Lundi de Pentecôte,2025-06-09,,Jours fériés|Christianisme,"Jour férié désigné depuis 2004 Journée de solidarité envers les personnes âgées. Les salariés travaillent ce jour sans rémunération supplémentaire, finançant ainsi la prise en charge de la dépendance — instauré après la canicule de 2003 qui fit 15 000 morts en France.",
Pleine Lune,2025-06-11,,Astronomie|Lunaire,La face de la Lune est entièrement éclairée par le Soleil.,
24 Heures du Mans 2025,2025-06-14,2025-06-15,Sport,Course d'endurance mythique sur le circuit de la Sarthe.,all
Fête des Pères,2025-06-15,,Fêtes|Culture,"Née aux États-Unis en 1910, introduite en France dans les années 1950.",
Baccalauréat général et technologique — Philosophie et Grand Oral,2025-06-16,2025-06-27,Éducation|Examens,"L'épreuve de philosophie ouvre le bac terminal, suivie du Grand Oral introduit par la réforme 2019.",
Appel du 18 juin 1940 — Anniversaire,2025-06-18,,Mémoire|Dates spéciales,"Le 18 juin 1940, de Gaulle lance depuis Londres un appel à la Résistance sur la BBC.",
Dernier Quartier,2025-06-18,,Astronomie|Lunaire,Phase lunaire : Dernier Quartier.,
Début de l'Été — Solstice d'été,2025-06-21,,Saisons|Astronomie,Le solstice d'été est le jour le plus long de l'année.,
Fête de la Musique,2025-06-21,,Culture|Fêtes,Créée en 1982 par le ministre Jack Lang.,
Jour le plus long de l'année,2025-06-21,,Saisons|Astronomie,Le 21 June est le jour le plus long de l'année 2025.,
Fête du Cinéma,2025-06-22,,Culture|Cinéma,"Créée en 1985, elle propose chaque fin juin des places à tarif réduit.",
Nouvelle Lune,2025-06-25,,Astronomie|Lunaire,La face de la Lune tournée vers la Terre n'est pas éclairée — elle est invisible dans le ciel.,
Brevet des collèges (DNB) — Épreuves écrites,2025-06-26,2025-06-27,Éducation|Examens,Le diplôme national du brevet sanctionne la fin du collège.,
Milieu de l'année,2025-07-02,,Dates spéciales,Ce jour marque le point médian exact de l'année 2025.,
Premier Quartier,2025-07-02,,Astronomie|Lunaire,La moitié droite de la Lune est éclairée. Mi-chemin entre la Nouvelle Lune et la Pleine Lune.,
Festival d'Avignon — Ouverture,2025-07-05,,Culture|Théâtre,Créé par Jean Vilar en 1947 dans la cour du Palais des Papes.,
Tour de France 2025,2025-07-05,2025-07-27,Sport,La plus grande course cycliste au monde.,all
"Vacances d'Été - Zones A, B et C",2025-07-05,2025-08-31,Vacances scolaires,"Vacances d'Été pour toutes les zones (A, B et C). Durée : 58 jours, du 05/07/2025 au 31/08/2025.",A|B|C
Pleine Lune,2025-07-10,,Astronomie|Lunaire,La face de la Lune est entièrement éclairée par le Soleil.,
Commémoration de la Rafle du Vél d'Hiv,2025-07-13,,Mémoire|Société,"Les 16-17 juillet 1942, la police française arrêta 13 152 Juifs à Paris.",
Fête Nationale,2025-07-14,,Jours fériés|Société|Dates spéciales,Commémore la prise de la Bastille le 14 juillet 1789.,
Fête nationale,2025-07-14,,Jours fériés,"Commémore la prise de la Bastille le 14 juillet 1789, symbole de la Révolution française. Jour férié depuis 1880. Défilé militaire sur les Champs-Élysées, bals des pompiers et feux d'artifice dans toute la France.",
Dernier Quartier,2025-07-18,,Astronomie|Lunaire,Phase lunaire : Dernier Quartier.,
Nouvelle Lune,2025-07-24,,Astronomie|Lunaire,La face de la Lune tournée vers la Terre n'est pas éclairée — elle est invisible dans le ciel.,
Premier Quartier,2025-08-01,,Astronomie|Lunaire,La moitié droite de la Lune est éclairée. Mi-chemin entre la Nouvelle Lune et la Pleine Lune.,
Nuit des Étoiles,2025-08-02,,Astronomie|Éducation|Culture,Organisée chaque premier week-end d'août par l'Association Française d'Astronomie depuis 1991.,
Pleine Lune,2025-08-09,,Astronomie|Lunaire,La face de la Lune est entièrement éclairée par le Soleil.,
Assomption,2025-08-15,,Jours fériés,"Célèbre l'élévation de la Vierge Marie au ciel. Fête chrétienne ancienne, jour férié en France depuis le Concordat de 1802. Elle tombe en plein cœur de l'été, au milieu des grandes vacances.",
Assomption de Marie,2025-08-15,,Christianisme|Jours fériés,Célèbre l'élévation de la Vierge Marie au ciel.,
Ligue 1 2025-2026,2025-08-15,2026-05-16,Sport,"88e édition du championnat de France, 2e sous l'appellation Ligue 1 McDonald's.",all
Dernier Quartier,2025-08-16,,Astronomie|Lunaire,Phase lunaire : Dernier Quartier.,
Coupe du monde féminine de rugby 2025,2025-08-22,2025-09-27,Sport,"10e édition, organisée en Angleterre.",all
Nouvelle Lune,2025-08-23,,Astronomie|Lunaire,La face de la Lune tournée vers la Terre n'est pas éclairée — elle est invisible dans le ciel.,
Premier Quartier,2025-08-31,,Astronomie|Lunaire,La moitié droite de la Lune est éclairée. Mi-chemin entre la Nouvelle Lune et la Pleine Lune.,
Rentrée des classes,2025-09-02,,Éducation|Société,La rentrée de septembre mobilise 12 millions d'élèves et 870 000 enseignants en France.,
Braderie de Lille,2025-09-06,,Culture|Commerce,"Plus grande braderie d'Europe, organisée le premier week-end de septembre à Lille.",
Pleine Lune,2025-09-07,,Astronomie|Lunaire,La face de la Lune est entièrement éclairée par le Soleil.,
Championnats du monde d'athlétisme 2025,2025-09-13,2025-09-21,Sport,"20e édition au Stade national de Tokyo, Japon.",all
Dernier Quartier,2025-09-14,,Astronomie|Lunaire,Phase lunaire : Dernier Quartier.,
Journées du Patrimoine,2025-09-20,,Culture|Société,"Créées en France en 1984 par Jack Lang, étendues à toute l'Europe en 1991.",
Nouvelle Lune,2025-09-21,,Astronomie|Lunaire,La face de la Lune tournée vers la Terre n'est pas éclairée — elle est invisible dans le ciel.,
Début de l'Automne — Équinoxe d'automne,2025-09-22,,Saisons|Astronomie,L'équinoxe d'automne marque le début de l'automne.,
Journée mondiale sans voiture,2025-09-22,,Environnement|Société,Lancée en France en 1998 par La Rochelle.,
Premier Quartier,2025-09-30,,Astronomie|Lunaire,La moitié droite de la Lune est éclairée. Mi-chemin entre la Nouvelle Lune et la Pleine Lune.,
Journée mondiale du cacao et du chocolat,2025-10-01,,Gastronomie|Culture,Célébrée le 1er octobre et associée à l'Organisation internationale du cacao (ICCO).,
Lancement d'Octobre Rose,2025-10-01,,Santé,Tout octobre est dédié à la sensibilisation au cancer du sein.,
Nuit Blanche,2025-10-04,,Culture,Initiée à Paris en 2002 par le maire Bertrand Delanoë.,
Fête des Grands-Pères,2025-10-05,,Fêtes|Culture,"Créée en 2008, elle a lieu chaque premier dimanche d'octobre.",
Pleine Lune,2025-10-07,,Astronomie|Lunaire,La face de la Lune est entièrement éclairée par le Soleil.,
Journée mondiale de la santé mentale,2025-10-10,,Santé|Société,Créée par la Fédération Mondiale pour la Santé Mentale en 1992.,
Dernier Quartier,2025-10-13,,Astronomie|Lunaire,Phase lunaire : Dernier Quartier.,
Semaine du Goût,2025-10-13,,Gastronomie|Culture,Créée en 1990 par le chef Joël Robuchon.,
Journée mondiale de l'alimentation,2025-10-16,,Gastronomie|Société|Santé,Commémore la fondation de la FAO le 16 octobre 1945.,
"Vacances de la Toussaint - Zones A, B et C",2025-10-18,2025-11-02,Vacances scolaires,"Vacances de la Toussaint pour toutes les zones (A, B et C). Durée : 16 jours, du 18/10/2025 au 02/11/2025.",A|B|C
Nouvelle Lune,2025-10-21,,Astronomie|Lunaire,La face de la Lune tournée vers la Terre n'est pas éclairée — elle est invisible dans le ciel.,
Passage à l'heure d'hiver,2025-10-26,,Changement d'heure,"Dans la nuit du samedi au dimanche, les montres reculent d'une heure (3h → 2h).",
Premier Quartier,2025-10-29,,Astronomie|Lunaire,La moitié droite de la Lune est éclairée. Mi-chemin entre la Nouvelle Lune et la Pleine Lune.,
Halloween,2025-10-31,,Culture|Fêtes,Fête d'origine celtique (la nuit de Samain) christianisée puis popularisée par la diaspora irlandaise.,
Lancement du Mois sans Tabac,2025-11-01,,Santé,Lancé en France en 2016 par Santé Publique France.,
Toussaint,2025-11-01,,Jours fériés|Christianisme,"Fête de tous les saints, instituée par le pape Grégoire IV en 835. En France, la tradition de fleurir les tombes avec des chrysanthèmes s'est greffée dessus — ces fleurs sont désormais intimement liées à ce jour.",
Pleine Lune,2025-11-05,,Astronomie|Lunaire,La face de la Lune est entièrement éclairée par le Soleil.,
Journée nationale de l'arbre,2025-11-06,,Environnement,Célébrée chaque premier jeudi de novembre.,
Pont possible — Armistice 1918,2025-11-10,,Ponts / Congés,Armistice 1918 tombe un mardi le 11/11/2025. Le lundi 10/11/2025 est un pont potentiel — vérifiez auprès de votre employeur.,
Armistice 1918,2025-11-11,,Jours fériés,"Le 11 novembre 1918 à 11h, l'armistice met fin à la Première Guerre mondiale après quatre ans de combats. Jour férié depuis 1922. Chaque commune française a son monument aux morts — 36 000 érigés entre 1920 et 1925.",
Armistice de 1918 — Journée du Souvenir,2025-11-11,,Jours fériés|Mémoire|Dates spéciales,"Le 11 novembre 1918 à 11h, l'armistice met fin à la Première Guerre mondiale.",
Dernier Quartier,2025-11-12,,Astronomie|Lunaire,Phase lunaire : Dernier Quartier.,
Beaujolais Nouveau,2025-11-20,,Gastronomie|Culture|Commercial,"Chaque troisième jeudi de novembre, le Beaujolais Nouveau est mis en vente.",
Journée internationale des droits de l'enfant,2025-11-20,,Société,Commémore l'adoption de la Convention des Nations Unies relative aux droits de l'enfant.,
Nouvelle Lune,2025-11-20,,Astronomie|Lunaire,La face de la Lune tournée vers la Terre n'est pas éclairée — elle est invisible dans le ciel.,
Premier Quartier,2025-11-28,,Astronomie|Lunaire,La moitié droite de la Lune est éclairée. Mi-chemin entre la Nouvelle Lune et la Pleine Lune.,
Fête de la Bretagne,2025-11-30,,Culture|Société,Célébrée le 30 novembre (Saint-André) depuis les années 1990.,
Journée mondiale des personnes handicapées,2025-12-03,,Société,Instaurée par l'ONU en 1992.,
Journée mondiale du Bénévolat,2025-12-05,,Société,Créée par l'ONU en 1985.,
Pleine Lune,2025-12-05,,Astronomie|Lunaire,La face de la Lune est entièrement éclairée par le Soleil.,
Saint-Nicolas,2025-12-06,,Christianisme|Culture|Fêtes,"Fête de Nicolas de Myre, évêque du IVe siècle devenu patron des enfants.",
Journée de la Laïcité,2025-12-09,,Société|Dates spéciales,Commémore la loi du 9 décembre 1905 séparant les Églises de l'État.,
Dernier Quartier,2025-12-11,,Astronomie|Lunaire,Phase lunaire : Dernier Quartier.,
Nouvelle Lune,2025-12-20,,Astronomie|Lunaire,La face de la Lune tournée vers la Terre n'est pas éclairée — elle est invisible dans le ciel.,
"Vacances de Noël - Zones A, B et C",2025-12-20,2026-01-04,Vacances scolaires,"Vacances de Noël pour toutes les zones (A, B et C). Durée : 16 jours, du 20/12/2025 au 04/01/2026.",A|B|C
Début de l'Hiver — Solstice d'hiver,2025-12-21,,Saisons|Astronomie,Le solstice d'hiver est le jour le plus court de l'année.,
Jour le plus court de l'année,2025-12-21,,Saisons|Astronomie,Le 21 December est le jour le plus court de l'année 2025.,
Noël,2025-12-25,,Jours fériés|Christianisme|Fêtes,"Célèbre la naissance du Christ. La date du 25 décembre a été fixée au IVe siècle sur une fête solaire romaine préexistante. Le sapin, la bûche et les cadeaux sont des traditions popularisées bien plus tard, au XIXe siècle.",
Pont possible — Noël,2025-12-26,,Ponts / Congés,Noël tombe un jeudi le 25/12/2025. Le vendredi 26/12/2025 est un pont potentiel — vérifiez auprès de votre employeur.,
Saint-Étienne,2025-12-26,,Jours fériés|Christianisme,"Le 26 décembre est férié uniquement en Alsace-Moselle (depts 57, 67, 68). Fête de saint Étienne, premier martyr chrétien.",AM
Premier Quartier,2025-12-27,,Astronomie|Lunaire,La moitié droite de la Lune est éclairée. Mi-chemin entre la Nouvelle Lune et la Pleine Lune.,
Dernier jour de l'année,2025-12-31,,Dates spéciales,Clôture de l'année civile 2025.,
Saint-Sylvestre / Réveillon du Nouvel An,2025-12-31,,Fêtes|Culture,"Dernier jour de l'année, nommé d'après le pape Sylvestre Ier mort ce jour en 335.",
Jour de l'an,2026-01-01,,Jours fériés,Premier jour de l'année civile grégorienne. La tradition des vœux existe depuis l'Antiquité romaine. Le gui porte-bonheur vient d'une coutume druidique bien antérieure au christianisme.,
Pont possible — Jour de l'an,2026-01-02,,Ponts / Congés,Jour de l'an tombe un jeudi le 01/01/2026. Le vendredi 02/01/2026 est un pont potentiel — vérifiez auprès de votre employeur.,
Pleine Lune,2026-01-03,,Astronomie|Lunaire,La face de la Lune est entièrement éclairée par le Soleil.,
Épiphanie,2026-01-06,,Christianisme|Culture|Gastronomie,"Célèbre la visite des Rois Mages à Jésus, 12 jours après Noël.",
Dernier Quartier,2026-01-10,,Astronomie|Lunaire,Phase lunaire : Dernier Quartier.,
Nouvelle Lune,2026-01-18,,Astronomie|Lunaire,La face de la Lune tournée vers la Terre n'est pas éclairée — elle est invisible dans le ciel.,
Journée internationale de l'Éducation,2026-01-24,,Éducation|Société,Proclamée par l'ONU en 2019.,
Premier Quartier,2026-01-26,,Astronomie|Lunaire,La moitié droite de la Lune est éclairée. Mi-chemin entre la Nouvelle Lune et la Pleine Lune.,
Journée nationale de la Mémoire de la Shoah,2026-01-27,,Mémoire|Société,Commémore la libération du camp d'Auschwitz le 27 janvier 1945.,
Pleine Lune,2026-02-01,,Astronomie|Lunaire,La face de la Lune est entièrement éclairée par le Soleil.,
Chandeleur,2026-02-02,,Culture|Christianisme|Gastronomie,"Fête de la Présentation de Jésus au Temple, 40 jours après Noël.",
Journée mondiale des zones humides,2026-02-02,,Environnement,Commémore la Convention de Ramsar signée le 2 février 1971.,
Journée mondiale contre le cancer,2026-02-04,,Santé,Initiée par l'Union Internationale Contre le Cancer depuis 2000.,
Tournoi des Six Nations 2026,2026-02-05,2026-03-14,Sport,La France conserve son titre grâce à une pénalité dans le temps additionnel lors du Crunch face à l'Angleterre.,all
Jeux Olympiques d'hiver de Milan-Cortina 2026,2026-02-06,2026-02-22,Sport|JO,"XXVes Jeux Olympiques d'hiver à Milan et Cortina d'Ampezzo, Italie.",all
Vacances d'Hiver - Zone A,2026-02-07,2026-02-22,Vacances scolaires,"Vacances d'Hiver pour la zone scolaire A. Durée : 16 jours, du 07/02/2026 au 22/02/2026. Le découpage en zones A, B et C a été instauré en 1972.",A
Dernier Quartier,2026-02-09,,Astronomie|Lunaire,Phase lunaire : Dernier Quartier.,
Saint-Valentin,2026-02-14,,Fêtes|Culture,Fête des amoureux le 14 février.,
Vacances d'Hiver - Zone B,2026-02-14,2026-03-01,Vacances scolaires,"Vacances d'Hiver pour la zone scolaire B. Durée : 16 jours, du 14/02/2026 au 01/03/2026. Le découpage en zones A, B et C a été instauré en 1972.",B
Mardi Gras,2026-02-17,,Christianisme|Culture|Fêtes,"Dernier jour avant le Carême, où la tradition voulait qu'on fasse bombance avant l'abstinence.",
Nouvelle Lune,2026-02-17,,Astronomie|Lunaire,La face de la Lune tournée vers la Terre n'est pas éclairée — elle est invisible dans le ciel.,
Début du Carême,2026-02-18,,Christianisme,"Le Carême commence le Mercredi des Cendres, 46 jours avant Pâques.",
Vacances d'Hiver - Zone C,2026-02-21,2026-03-08,Vacances scolaires,"Vacances d'Hiver pour la zone scolaire C. Durée : 16 jours, du 21/02/2026 au 08/03/2026. Le découpage en zones A, B et C a été instauré en 1972.",C
Premier Quartier,2026-02-24,,Astronomie|Lunaire,La moitié droite de la Lune est éclairée. Mi-chemin entre la Nouvelle Lune et la Pleine Lune.,
Salon de l'Agriculture — Ouverture,2026-02-28,,Gastronomie|Agriculture|Culture,Le Salon International de l'Agriculture se tient chaque fin février à Paris.,
Fête des Grands-Mères,2026-03-01,,Fêtes|Culture,Créée en 1987 par la marque de café Grand'Mère.,
Pleine Lune,2026-03-03,,Astronomie|Lunaire,La face de la Lune est entièrement éclairée par le Soleil.,
Journée internationale des femmes,2026-03-08,,Société,Issue des luttes ouvrières du début du XXe siècle en Europe et aux États-Unis.,
Dernier Quartier,2026-03-11,,Astronomie|Lunaire,Phase lunaire : Dernier Quartier.,
Élections municipales — 1er tour,2026-03-15,2026-03-15,Élections|Société,Élections municipales françaises : renouvellement des conseils municipaux dans toutes les communes. Date confirmée par décret.,
Saint-Patrick,2026-03-17,,Culture|Fêtes,"Fête nationale irlandaise le 17 mars, commémorant la mort de saint Patrick (461).",
Nouvelle Lune,2026-03-19,,Astronomie|Lunaire,La face de la Lune tournée vers la Terre n'est pas éclairée — elle est invisible dans le ciel.,
Début du Printemps — Équinoxe de printemps,2026-03-20,,Saisons|Astronomie,L'équinoxe de printemps marque le début astronomique du printemps.,
Journée nationale de lutte contre les discriminations,2026-03-21,,Société,Créée par l'ONU en 1966 en mémoire du massacre de Sharpeville.,
Journée mondiale de l'eau,2026-03-22,,Environnement|Société,Proclamée par l'ONU en 1993.,
Élections municipales — 2e tour,2026-03-22,2026-03-22,Élections|Société,Élections municipales françaises : renouvellement des conseils municipaux dans toutes les communes. Date confirmée par décret.,
Premier Quartier,2026-03-25,,Astronomie|Lunaire,La moitié droite de la Lune est éclairée. Mi-chemin entre la Nouvelle Lune et la Pleine Lune.,
Dimanche des Rameaux,2026-03-29,,Christianisme,Ouvre la Semaine Sainte en rappelant l'entrée triomphale de Jésus à Jérusalem.,
Passage à l'heure d'été,2026-03-29,,Changement d'heure,"Dans la nuit du samedi au dimanche, les montres avancent d'une heure (2h → 3h).",
Poisson d'avril,2026-04-01,,Culture,Journée des farces et des canulars.,
Pleine Lune,2026-04-02,,Astronomie|Lunaire,La face de la Lune est entièrement éclairée par le Soleil.,
Vendredi Saint,2026-04-03,,Jours fériés|Christianisme,"Commémore la crucifixion du Christ. Jour férié uniquement en Alsace-Moselle (départements 57, 67, 68) en vertu du régime concordataire.",AM
Vendredi Saint,2026-04-03,,Christianisme,Commémore la crucifixion du Christ. Non férié en France depuis la loi de 1905 — sauf en Alsace-Moselle.,
Vacances de Printemps - Zone A,2026-04-04,2026-04-19,Vacances scolaires,"Vacances de Printemps pour la zone scolaire A. Durée : 16 jours, du 04/04/2026 au 19/04/2026. Le découpage en zones A, B et C a été instauré en 1972.",A
Pâques,2026-04-05,,Christianisme,Fête chrétienne célébrant la résurrection du Christ. Sa date varie chaque année car elle suit le calendrier lunaire.,
Lundi de Pâques,2026-04-06,,Jours fériés|Christianisme,"Jour férié qui prolonge le dimanche de Pâques. La tradition des œufs vient du Carême : l'Église interdisait d'en manger pendant 40 jours, on offrait donc à Pâques ceux accumulés.",
Journée mondiale de la Santé,2026-04-07,,Santé,Commémore la fondation de l'OMS le 7 avril 1948.,
Dernier Quartier,2026-04-10,,Astronomie|Lunaire,Phase lunaire : Dernier Quartier.,
Vacances de Printemps - Zone B,2026-04-11,2026-04-26,Vacances scolaires,"Vacances de Printemps pour la zone scolaire B. Durée : 16 jours, du 11/04/2026 au 26/04/2026. Le découpage en zones A, B et C a été instauré en 1972.",B
Nouvelle Lune,2026-04-17,,Astronomie|Lunaire,La face de la Lune tournée vers la Terre n'est pas éclairée — elle est invisible dans le ciel.,
Vacances de Printemps - Zone C,2026-04-18,2026-05-03,Vacances scolaires,"Vacances de Printemps pour la zone scolaire C. Durée : 16 jours, du 18/04/2026 au 03/05/2026. Le découpage en zones A, B et C a été instauré en 1972.",C
Jour de la Terre,2026-04-22,,Environnement|Société,Né le 22 avril 1970 après une marée noire en Californie.,
Premier Quartier,2026-04-24,,Astronomie|Lunaire,La moitié droite de la Lune est éclairée. Mi-chemin entre la Nouvelle Lune et la Pleine Lune.,
Fête du Travail,2026-05-01,,Jours fériés|Société,"Commémore la grève de Chicago du 1er mai 1886 pour les 8 heures de travail, réprimée dans le sang. Férié et chômé en France depuis 1947. La tradition d'offrir du muguet vient d'une coutume de Charles IX datant de 1561.",
Pleine Lune,2026-05-01,,Astronomie|Lunaire,La face de la Lune est entièrement éclairée par le Soleil.,
Fête de la Victoire 1945,2026-05-08,,Jours fériés,"Le 8 mai 1945, l'Allemagne nazie signe sa capitulation sans condition, mettant fin à la guerre en Europe. Férié depuis 1953, supprimé par Giscard en 1975, puis rétabli par Mitterrand en 1981.",
Dernier Quartier,2026-05-09,,Astronomie|Lunaire,Phase lunaire : Dernier Quartier.,
Abolition de l'esclavage en France — Commémoration,2026-05-10,,Mémoire|Société,Journée nationale instaurée par la loi Taubira de 2001.,
Ascension,2026-05-14,,Jours fériés|Christianisme,"Fête chrétienne commémorant la montée du Christ au ciel, 40 jours après Pâques. Toujours un jeudi, ce qui en fait naturellement un pont avec le vendredi.",
Festival de Cannes — Ouverture,2026-05-14,,Culture|Cinéma,"Le Festival International du Film de Cannes, créé en 1946.",
"Pont de l'Ascension - Zones A, B et C",2026-05-14,2026-05-17,Vacances scolaires,"Pont de l'Ascension pour toutes les zones (A, B et C). Durée : 4 jours, du 14/05/2026 au 17/05/2026.",A|B|C
Pont possible — Ascension,2026-05-15,,Ponts / Congés,Ascension tombe un jeudi le 14/05/2026. Le vendredi 15/05/2026 est un pont potentiel — vérifiez auprès de votre employeur.,
Nouvelle Lune,2026-05-16,,Astronomie|Lunaire,La face de la Lune tournée vers la Terre n'est pas éclairée — elle est invisible dans le ciel.,
Nuit des Musées,2026-05-16,,Culture,Créée en France en 2005 et étendue à toute l'Europe.,
BTS — Épreuves écrites,2026-05-18,2026-05-21,Éducation|Examens,Le Brevet de Technicien Supérieur (BTS) est un diplôme bac+2 de l'enseignement supérieur court. Les épreuves écrites communes se déroulent en mai sur quatre jours.,
Baccalauréat professionnel — Épreuves écrites,2026-05-20,2026-06-05,Éducation|Examens,Le baccalauréat professionnel valide une formation en lycée professionnel ou en alternance. Ses épreuves écrites se déroulent de fin mai à début juin.,
Finale UEFA Europa League 2025-2026,2026-05-20,2026-05-20,Sport,"Au Beşiktaş Park d'Istanbul, Turquie.",all
Journée mondiale de la biodiversité,2026-05-22,,Environnement,Commémore l'adoption de la Convention sur la Diversité Biologique à Rio.,
Premier Quartier,2026-05-23,,Astronomie|Lunaire,La moitié droite de la Lune est éclairée. Mi-chemin entre la Nouvelle Lune et la Pleine Lune.,
Pentecôte,2026-05-24,,Christianisme,"Célèbre la descente de l'Esprit Saint sur les apôtres, 50 jours après Pâques.",
Roland-Garros 2026,2026-05-24,2026-06-07,Sport,Grand Chelem sur terre battue à Paris.,all
Lundi de Pentecôte,2026-05-25,,Jours fériés|Christianisme,"Jour férié désigné depuis 2004 Journée de solidarité envers les personnes âgées. Les salariés travaillent ce jour sans rémunération supplémentaire, finançant ainsi la prise en charge de la dépendance — instauré après la canicule de 2003 qui fit 15 000 morts en France.",
Journée nationale de la Résistance,2026-05-27,,Mémoire|Société,"Le 27 mai 1943, Jean Moulin préside la première réunion secrète du CNR.",
Fête des Voisins,2026-05-29,,Société,Créée en 2000 pour lutter contre l'isolement urbain.,
Finale UEFA Ligue des Champions 2025-2026,2026-05-30,2026-05-30,Sport,"À la Puskás Aréna de Budapest, Hongrie. 71e édition de la compétition.",all
Fête des Mères,2026-05-31,,Fêtes|Culture,"Célébrée le dernier dimanche de mai, sauf si c'est la Pentecôte.",
Journée mondiale sans tabac,2026-05-31,,Santé,Lancée par l'OMS en 1987.,
Pleine Lune,2026-05-31,,Astronomie|Lunaire,La face de la Lune est entièrement éclairée par le Soleil.,
Débarquement en Normandie — Commémoration du Jour J,2026-06-06,,Mémoire|Dates spéciales,"Le 6 juin 1944, 156 000 soldats alliés débarquent sur les plages de Normandie.",
CAP — Épreuves écrites d'enseignement général,2026-06-08,2026-06-09,Éducation|Examens,Le Certificat d'Aptitude Professionnelle (CAP) certifie des compétences dans un métier précis. Les épreuves écrites d'enseignement général se déroulent sur deux jours en juin.,
Dernier Quartier,2026-06-08,,Astronomie|Lunaire,Phase lunaire : Dernier Quartier.,
Journée mondiale de l'océan,2026-06-08,,Environnement,Proposée lors du Sommet de la Terre de Rio en 1992.,
Baccalauréat — Épreuve anticipée de français (1re),2026-06-11,2026-06-11,Éducation|Examens,"L'épreuve écrite anticipée de français se passe en classe de Première, un an avant le bac. Elle compte dans la note finale du baccalauréat général et technologique.",
Coupe du monde de football 2026,2026-06-11,2026-07-19,Sport,"Première édition à 48 équipes, organisée aux États-Unis, au Canada et au Mexique.",all
24 Heures du Mans 2026,2026-06-13,2026-06-14,Sport,94e édition sur le circuit de la Sarthe.,all
Baccalauréat général et technologique — Philosophie,2026-06-15,2026-06-15,Éducation|Examens,"L'épreuve de philosophie est l'épreuve d'ouverture du bac, traditionnellement le premier jour. Unique en Europe, cette épreuve de 4 heures fait de la France le seul pays où la philo est une matière obligatoire pour tous les lycéens jusqu'au baccalauréat.",
Nouvelle Lune,2026-06-15,,Astronomie|Lunaire,La face de la Lune tournée vers la Terre n'est pas éclairée — elle est invisible dans le ciel.,
Baccalauréat général et technologique — Épreuves de spécialité,2026-06-16,2026-06-18,Éducation|Examens,"Épreuves terminales écrites de spécialité du baccalauréat général et technologique. Créé par Napoléon en 1808, le baccalauréat est l'un des plus anciens examens nationaux. Environ 500 000 candidats passent ces épreuves chaque année.",
Appel du 18 juin 1940 — Anniversaire,2026-06-18,,Mémoire|Dates spéciales,"Le 18 juin 1940, de Gaulle lance depuis Londres un appel à la Résistance sur la BBC.",
Début de l'Été — Solstice d'été,2026-06-21,,Saisons|Astronomie,Le solstice d'été est le jour le plus long de l'année.,
Fête de la Musique,2026-06-21,,Culture|Fêtes,Créée en 1982 par le ministre Jack Lang.,
Fête des Pères,2026-06-21,,Fêtes|Culture,"Née aux États-Unis en 1910, introduite en France dans les années 1950.",
Jour le plus long de l'année,2026-06-21,,Saisons|Astronomie,Le 21 June est le jour le plus long de l'année 2026.,
Premier Quartier,2026-06-21,,Astronomie|Lunaire,La moitié droite de la Lune est éclairée. Mi-chemin entre la Nouvelle Lune et la Pleine Lune.,
Baccalauréat général et technologique — Grand Oral,2026-06-22,2026-07-01,Éducation|Examens,"Le Grand Oral évalue la capacité des candidats à présenter et défendre un projet à l'oral. Introduit par la réforme du bac de 2019, il remplace l'ancien oral de TPE.",
Brevet des collèges (DNB) — Épreuves écrites,2026-06-26,2026-06-30,Éducation|Examens,Le diplôme national du brevet sanctionne la fin du collège. Il se déroule sur trois jours fin juin. Près de 800 000 élèves le passent chaque année en France.,
Fête du Cinéma,2026-06-28,,Culture|Cinéma,"Créée en 1985, elle propose chaque fin juin des places à tarif réduit.",
Pleine Lune,2026-06-30,,Astronomie|Lunaire,La face de la Lune est entièrement éclairée par le Soleil.,
Milieu de l'année,2026-07-02,,Dates spéciales,Ce jour marque le point médian exact de l'année 2026.,
Tour de France 2026,2026-07-04,2026-07-26,Sport,"113e édition. Grand départ à Barcelone, arrivée à Paris.",all
"Vacances d'Été - Zones A, B et C",2026-07-04,2026-08-31,Vacances scolaires,"Vacances d'Été pour toutes les zones (A, B et C). Durée : 59 jours, du 04/07/2026 au 31/08/2026.",A|B|C
Festival d'Avignon — Ouverture,2026-07-05,,Culture|Théâtre,Créé par Jean Vilar en 1947 dans la cour du Palais des Papes.,
Dernier Quartier,2026-07-07,,Astronomie|Lunaire,Phase lunaire : Dernier Quartier.,
Commémoration de la Rafle du Vél d'Hiv,2026-07-12,,Mémoire|Société,"Les 16-17 juillet 1942, la police française arrêta 13 152 Juifs à Paris.",
Pont possible — Fête nationale,2026-07-13,,Ponts / Congés,Fête nationale tombe un mardi le 14/07/2026. Le lundi 13/07/2026 est un pont potentiel — vérifiez auprès de votre employeur.,
Fête Nationale,2026-07-14,,Jours fériés|Société|Dates spéciales,Commémore la prise de la Bastille le 14 juillet 1789.,
Fête nationale,2026-07-14,,Jours fériés,"Commémore la prise de la Bastille le 14 juillet 1789, symbole de la Révolution française. Jour férié depuis 1880. Défilé militaire sur les Champs-Élysées, bals des pompiers et feux d'artifice dans toute la France.",
Nouvelle Lune,2026-07-14,,Astronomie|Lunaire,La face de la Lune tournée vers la Terre n'est pas éclairée — elle est invisible dans le ciel.,
Premier Quartier,2026-07-21,,Astronomie|Lunaire,La moitié droite de la Lune est éclairée. Mi-chemin entre la Nouvelle Lune et la Pleine Lune.,
Pleine Lune,2026-07-29,,Astronomie|Lunaire,La face de la Lune est entièrement éclairée par le Soleil.,
Nuit des Étoiles,2026-08-01,,Astronomie|Éducation|Culture,Organisée chaque premier week-end d'août par l'Association Française d'Astronomie depuis 1991.,
Dernier Quartier,2026-08-06,,Astronomie|Lunaire,Phase lunaire : Dernier Quartier.,
Nouvelle Lune,2026-08-12,,Astronomie|Lunaire,La face de la Lune tournée vers la Terre n'est pas éclairée — elle est invisible dans le ciel.,
Assomption,2026-08-15,,Jours fériés,"Célèbre l'élévation de la Vierge Marie au ciel. Fête chrétienne ancienne, jour férié en France depuis le Concordat de 1802. Elle tombe en plein cœur de l'été, au milieu des grandes vacances.",
Assomption de Marie,2026-08-15,,Christianisme|Jours fériés,Célèbre l'élévation de la Vierge Marie au ciel.,
Premier Quartier,2026-08-20,,Astronomie|Lunaire,La moitié droite de la Lune est éclairée. Mi-chemin entre la Nouvelle Lune et la Pleine Lune.,
Pleine Lune,2026-08-28,,Astronomie|Lunaire,La face de la Lune est entièrement éclairée par le Soleil.,
Rentrée des classes,2026-09-02,,Éducation|Société,La rentrée de septembre mobilise 12 millions d'élèves et 870 000 enseignants en France.,
Dernier Quartier,2026-09-04,,Astronomie|Lunaire,Phase lunaire : Dernier Quartier.,
Braderie de Lille,2026-09-05,,Culture|Commerce,"Plus grande braderie d'Europe, organisée le premier week-end de septembre à Lille.",
Nouvelle Lune,2026-09-11,,Astronomie|Lunaire,La face de la Lune tournée vers la Terre n'est pas éclairée — elle est invisible dans le ciel.,
Premier Quartier,2026-09-18,,Astronomie|Lunaire,La moitié droite de la Lune est éclairée. Mi-chemin entre la Nouvelle Lune et la Pleine Lune.,
Journées du Patrimoine,2026-09-19,,Culture|Société,"Créées en France en 1984 par Jack Lang, étendues à toute l'Europe en 1991.",
Journée mondiale sans voiture,2026-09-22,,Environnement|Société,Lancée en France en 1998 par La Rochelle.,
Début de l'Automne — Équinoxe d'automne,2026-09-23,,Saisons|Astronomie,L'équinoxe d'automne marque le début de l'automne.,
Pleine Lune,2026-09-26,,Astronomie|Lunaire,La face de la Lune est entièrement éclairée par le Soleil.,
Journée mondiale du cacao et du chocolat,2026-10-01,,Gastronomie|Culture,Célébrée le 1er octobre et associée à l'Organisation internationale du cacao (ICCO).,
Lancement d'Octobre Rose,2026-10-01,,Santé,Tout octobre est dédié à la sensibilisation au cancer du sein.,
Dernier Quartier,2026-10-03,,Astronomie|Lunaire,Phase lunaire : Dernier Quartier.,
Nuit Blanche,2026-10-03,,Culture,Initiée à Paris en 2002 par le maire Bertrand Delanoë.,
Fête des Grands-Pères,2026-10-04,,Fêtes|Culture,"Créée en 2008, elle a lieu chaque premier dimanche d'octobre.",
Journée mondiale de la santé mentale,2026-10-10,,Santé|Société,Créée par la Fédération Mondiale pour la Santé Mentale en 1992.,
Nouvelle Lune,2026-10-10,,Astronomie|Lunaire,La face de la Lune tournée vers la Terre n'est pas éclairée — elle est invisible dans le ciel.,
Semaine du Goût,2026-10-12,,Gastronomie|Culture,Créée en 1990 par le chef Joël Robuchon.,
Journée mondiale de l'alimentation,2026-10-16,,Gastronomie|Société|Santé,Commémore la fondation de la FAO le 16 octobre 1945.,
"Vacances de la Toussaint - Zones A, B et C",2026-10-17,2026-11-01,Vacances scolaires,"Vacances de la Toussaint pour toutes les zones (A, B et C). Durée : 16 jours, du 17/10/2026 au 01/11/2026.",A|B|C
Premier Quartier,2026-10-18,,Astronomie|Lunaire,La moitié droite de la Lune est éclairée. Mi-chemin entre la Nouvelle Lune et la Pleine Lune.,
Passage à l'heure d'hiver,2026-10-25,,Changement d'heure,"Dans la nuit du samedi au dimanche, les montres reculent d'une heure (3h → 2h).",
Pleine Lune,2026-10-26,,Astronomie|Lunaire,La face de la Lune est entièrement éclairée par le Soleil.,
Halloween,2026-10-31,,Culture|Fêtes,Fête d'origine celtique (la nuit de Samain) christianisée puis popularisée par la diaspora irlandaise.,
Dernier Quartier,2026-11-01,,Astronomie|Lunaire,Phase lunaire : Dernier Quartier.,
Lancement du Mois sans Tabac,2026-11-01,,Santé,Lancé en France en 2016 par Santé Publique France.,
Toussaint,2026-11-01,,Jours fériés|Christianisme,"Fête de tous les saints, instituée par le pape Grégoire IV en 835. En France, la tradition de fleurir les tombes avec des chrysanthèmes s'est greffée dessus — ces fleurs sont désormais intimement liées à ce jour.",
Journée nationale de l'arbre,2026-11-05,,Environnement,Célébrée chaque premier jeudi de novembre.,
Nouvelle Lune,2026-11-09,,Astronomie|Lunaire,La face de la Lune tournée vers la Terre n'est pas éclairée — elle est invisible dans le ciel.,
Armistice 1918,2026-11-11,,Jours fériés,"Le 11 novembre 1918 à 11h, l'armistice met fin à la Première Guerre mondiale après quatre ans de combats. Jour férié depuis 1922. Chaque commune française a son monument aux morts — 36 000 érigés entre 1920 et 1925.",
Armistice de 1918 — Journée du Souvenir,2026-11-11,,Jours fériés|Mémoire|Dates spéciales,"Le 11 novembre 1918 à 11h, l'armistice met fin à la Première Guerre mondiale.",
Premier Quartier,2026-11-17,,Astronomie|Lunaire,La moitié droite de la Lune est éclairée. Mi-chemin entre la Nouvelle Lune et la Pleine Lune.,
Beaujolais Nouveau,2026-11-19,,Gastronomie|Culture|Commercial,"Chaque troisième jeudi de novembre, le Beaujolais Nouveau est mis en vente.",
Journée internationale des droits de l'enfant,2026-11-20,,Société,Commémore l'adoption de la Convention des Nations Unies relative aux droits de l'enfant.,
Pleine Lune,2026-11-24,,Astronomie|Lunaire,La face de la Lune est entièrement éclairée par le Soleil.,
Fête de la Bretagne,2026-11-30,,Culture|Société,Célébrée le 30 novembre (Saint-André) depuis les années 1990.,
Dernier Quartier,2026-12-01,,Astronomie|Lunaire,Phase lunaire : Dernier Quartier.,
Journée mondiale des personnes handicapées,2026-12-03,,Société,Instaurée par l'ONU en 1992.,
Journée mondiale du Bénévolat,2026-12-05,,Société,Créée par l'ONU en 1985.,
Saint-Nicolas,2026-12-06,,Christianisme|Culture|Fêtes,"Fête de Nicolas de Myre, évêque du IVe siècle devenu patron des enfants.",
Journée de la Laïcité,2026-12-09,,Société|Dates spéciales,Commémore la loi du 9 décembre 1905 séparant les Églises de l'État.,
Nouvelle Lune,2026-12-09,,Astronomie|Lunaire,La face de la Lune tournée vers la Terre n'est pas éclairée — elle est invisible dans le ciel.,
Premier Quartier,2026-12-17,,Astronomie|Lunaire,La moitié droite de la Lune est éclairée. Mi-chemin entre la Nouvelle Lune et la Pleine Lune.,
"Vacances de Noël - Zones A, B et C",2026-12-19,2027-01-03,Vacances scolaires,"Vacances de Noël pour toutes les zones (A, B et C). Durée : 16 jours, du 19/12/2026 au 03/01/2027.",A|B|C
Début de l'Hiver — Solstice d'hiver,2026-12-21,,Saisons|Astronomie,Le solstice d'hiver est le jour le plus court de l'année.,
Jour le plus court de l'année,2026-12-21,,Saisons|Astronomie,Le 21 December est le jour le plus court de l'année 2026.,
Pleine Lune,2026-12-24,,Astronomie|Lunaire,La face de la Lune est entièrement éclairée par le Soleil.,
Noël,2026-12-25,,Jours fériés|Christianisme|Fêtes,"Célèbre la naissance du Christ. La date du 25 décembre a été fixée au IVe siècle sur une fête solaire romaine préexistante. Le sapin, la bûche et les cadeaux sont des traditions popularisées bien plus tard, au XIXe siècle.",
Saint-Étienne,2026-12-26,,Jours fériés|Christianisme,"Le 26 décembre est férié uniquement en Alsace-Moselle (depts 57, 67, 68). Fête de saint Étienne, premier martyr chrétien.",AM
Année avec 53e semaine ISO,2026-12-28,,Dates spéciales,L'année 2026 comporte une semaine 53 dans le calendrier ISO.,
Dernier Quartier,2026-12-30,,Astronomie|Lunaire,Phase lunaire : Dernier Quartier.,
Dernier jour de l'année,2026-12-31,,Dates spéciales,Clôture de l'année civile 2026.,
Saint-Sylvestre / Réveillon du Nouvel An,2026-12-31,,Fêtes|Culture,"Dernier jour de l'année, nommé d'après le pape Sylvestre Ier mort ce jour en 335.",
Jour de l'an,2027-01-01,,Jours fériés,Premier jour de l'année civile grégorienne. La tradition des vœux existe depuis l'Antiquité romaine. Le gui porte-bonheur vient d'une coutume druidique bien antérieure au christianisme.,
Épiphanie,2027-01-06,,Christianisme|Culture|Gastronomie,"Célèbre la visite des Rois Mages à Jésus, 12 jours après Noël.",
Nouvelle Lune,2027-01-07,,Astronomie|Lunaire,La face de la Lune tournée vers la Terre n'est pas éclairée — elle est invisible dans le ciel.,
Premier Quartier,2027-01-15,,Astronomie|Lunaire,La moitié droite de la Lune est éclairée. Mi-chemin entre la Nouvelle Lune et la Pleine Lune.,
Pleine Lune,2027-01-22,,Astronomie|Lunaire,La face de la Lune est entièrement éclairée par le Soleil.,
Journée internationale de l'Éducation,2027-01-24,,Éducation|Société,Proclamée par l'ONU en 2019.,
Journée nationale de la Mémoire de la Shoah,2027-01-27,,Mémoire|Société,Commémore la libération du camp d'Auschwitz le 27 janvier 1945.,
Dernier Quartier,2027-01-29,,Astronomie|Lunaire,Phase lunaire : Dernier Quartier.,
Chandeleur,2027-02-02,,Culture|Christianisme|Gastronomie,"Fête de la Présentation de Jésus au Temple, 40 jours après Noël.",
Journée mondiale des zones humides,2027-02-02,,Environnement,Commémore la Convention de Ramsar signée le 2 février 1971.,
Journée mondiale contre le cancer,2027-02-04,,Santé,Initiée par l'Union Internationale Contre le Cancer depuis 2000.,
Nouvelle Lune,2027-02-06,,Astronomie|Lunaire,La face de la Lune tournée vers la Terre n'est pas éclairée — elle est invisible dans le ciel.,
Vacances d'Hiver - Zone C,2027-02-06,2027-02-21,Vacances scolaires,"Vacances d'Hiver pour la zone scolaire C. Durée : 16 jours, du 06/02/2027 au 21/02/2027. Le découpage en zones A, B et C a été instauré en 1972.",C
Mardi Gras,2027-02-09,,Christianisme|Culture|Fêtes,"Dernier jour avant le Carême, où la tradition voulait qu'on fasse bombance avant l'abstinence.",
Début du Carême,2027-02-10,,Christianisme,"Le Carême commence le Mercredi des Cendres, 46 jours avant Pâques.",
Vacances d'Hiver - Zone A,2027-02-13,2027-02-28,Vacances scolaires,"Vacances d'Hiver pour la zone scolaire A. Durée : 16 jours, du 13/02/2027 au 28/02/2027. Le découpage en zones A, B et C a été instauré en 1972.",A
Premier Quartier,2027-02-14,,Astronomie|Lunaire,La moitié droite de la Lune est éclairée. Mi-chemin entre la Nouvelle Lune et la Pleine Lune.,
Saint-Valentin,2027-02-14,,Fêtes|Culture,Fête des amoureux le 14 février.,
Vacances d'Hiver - Zone B,2027-02-20,2027-03-07,Vacances scolaires,"Vacances d'Hiver pour la zone scolaire B. Durée : 16 jours, du 20/02/2027 au 07/03/2027. Le découpage en zones A, B et C a été instauré en 1972.",B
Pleine Lune,2027-02-21,,Astronomie|Lunaire,La face de la Lune est entièrement éclairée par le Soleil.,
Salon de l'Agriculture — Ouverture,2027-02-27,,Gastronomie|Agriculture|Culture,Le Salon International de l'Agriculture se tient chaque fin février à Paris.,
Dernier Quartier,2027-02-28,,Astronomie|Lunaire,Phase lunaire : Dernier Quartier.,
Fête des Grands-Mères,2027-03-07,,Fêtes|Culture,Créée en 1987 par la marque de café Grand'Mère.,
Journée internationale des femmes,2027-03-08,,Société,Issue des luttes ouvrières du début du XXe siècle en Europe et aux États-Unis.,
Nouvelle Lune,2027-03-08,,Astronomie|Lunaire,La face de la Lune tournée vers la Terre n'est pas éclairée — elle est invisible dans le ciel.,
Premier Quartier,2027-03-15,,Astronomie|Lunaire,La moitié droite de la Lune est éclairée. Mi-chemin entre la Nouvelle Lune et la Pleine Lune.,
Saint-Patrick,2027-03-17,,Culture|Fêtes,"Fête nationale irlandaise le 17 mars, commémorant la mort de saint Patrick (461).",
Début du Printemps — Équinoxe de printemps,2027-03-20,,Saisons|Astronomie,L'équinoxe de printemps marque le début astronomique du printemps.,
Dimanche des Rameaux,2027-03-21,,Christianisme,Ouvre la Semaine Sainte en rappelant l'entrée triomphale de Jésus à Jérusalem.,
Journée nationale de lutte contre les discriminations,2027-03-21,,Société,Créée par l'ONU en 1966 en mémoire du massacre de Sharpeville.,
Journée mondiale de l'eau,2027-03-22,,Environnement|Société,Proclamée par l'ONU en 1993.,
Pleine Lune,2027-03-22,,Astronomie|Lunaire,La face de la Lune est entièrement éclairée par le Soleil.,
Vendredi Saint,2027-03-26,,Jours fériés|Christianisme,"Commémore la crucifixion du Christ. Jour férié uniquement en Alsace-Moselle (départements 57, 67, 68) en vertu du régime concordataire.",AM
Vendredi Saint,2027-03-26,,Christianisme,Commémore la crucifixion du Christ. Non férié en France depuis la loi de 1905 — sauf en Alsace-Moselle.,
Passage à l'heure d'été,2027-03-28,,Changement d'heure,"Dans la nuit du samedi au dimanche, les montres avancent d'une heure (2h → 3h).",
Pâques,2027-03-28,,Christianisme,Fête chrétienne célébrant la résurrection du Christ. Sa date varie chaque année car elle suit le calendrier lunaire.,
Lundi de Pâques,2027-03-29,,Jours fériés|Christianisme,"Jour férié qui prolonge le dimanche de Pâques. La tradition des œufs vient du Carême : l'Église interdisait d'en manger pendant 40 jours, on offrait donc à Pâques ceux accumulés.",
Dernier Quartier,2027-03-30,,Astronomie|Lunaire,Phase lunaire : Dernier Quartier.,
Poisson d'avril,2027-04-01,,Culture,Journée des farces et des canulars.,
Vacances de Printemps - Zone C,2027-04-03,2027-04-18,Vacances scolaires,"Vacances de Printemps pour la zone scolaire C. Durée : 16 jours, du 03/04/2027 au 18/04/2027. Le découpage en zones A, B et C a été instauré en 1972.",C
Journée mondiale de la Santé,2027-04-07,,Santé,Commémore la fondation de l'OMS le 7 avril 1948.,
Nouvelle Lune,2027-04-07,,Astronomie|Lunaire,La face de la Lune tournée vers la Terre n'est pas éclairée — elle est invisible dans le ciel.,
Vacances de Printemps - Zone A,2027-04-10,2027-04-25,Vacances scolaires,"Vacances de Printemps pour la zone scolaire A. Durée : 16 jours, du 10/04/2027 au 25/04/2027. Le découpage en zones A, B et C a été instauré en 1972.",A
Premier Quartier,2027-04-14,,Astronomie|Lunaire,La moitié droite de la Lune est éclairée. Mi-chemin entre la Nouvelle Lune et la Pleine Lune.,
Vacances de Printemps - Zone B,2027-04-17,2027-05-02,Vacances scolaires,"Vacances de Printemps pour la zone scolaire B. Durée : 16 jours, du 17/04/2027 au 02/05/2027. Le découpage en zones A, B et C a été instauré en 1972.",B
Pleine Lune,2027-04-21,,Astronomie|Lunaire,La face de la Lune est entièrement éclairée par le Soleil.,
Jour de la Terre,2027-04-22,,Environnement|Société,Né le 22 avril 1970 après une marée noire en Californie.,
Dernier Quartier,2027-04-28,,Astronomie|Lunaire,Phase lunaire : Dernier Quartier.,
Fête du Travail,2027-05-01,,Jours fériés|Société,"Commémore la grève de Chicago du 1er mai 1886 pour les 8 heures de travail, réprimée dans le sang. Férié et chômé en France depuis 1947. La tradition d'offrir du muguet vient d'une coutume de Charles IX datant de 1561.",
Ascension,2027-05-06,,Jours fériés|Christianisme,"Fête chrétienne commémorant la montée du Christ au ciel, 40 jours après Pâques. Toujours un jeudi, ce qui en fait naturellement un pont avec le vendredi.",
Nouvelle Lune,2027-05-06,,Astronomie|Lunaire,La face de la Lune tournée vers la Terre n'est pas éclairée — elle est invisible dans le ciel.,
"Pont de l'Ascension - Zones A, B et C",2027-05-07,2027-05-06,Vacances scolaires,"Pont de l'Ascension pour toutes les zones (A, B et C). Durée : 0 jours, du 07/05/2027 au 06/05/2027.",A|B|C
Pont possible — Ascension,2027-05-07,,Ponts / Congés,Ascension tombe un jeudi le 06/05/2027. Le vendredi 07/05/2027 est un pont potentiel — vérifiez auprès de votre employeur.,
Fête de la Victoire 1945,2027-05-08,,Jours fériés,"Le 8 mai 1945, l'Allemagne nazie signe sa capitulation sans condition, mettant fin à la guerre en Europe. Férié depuis 1953, supprimé par Giscard en 1975, puis rétabli par Mitterrand en 1981.",
Abolition de l'esclavage en France — Commémoration,2027-05-10,,Mémoire|Société,Journée nationale instaurée par la loi Taubira de 2001.,
Premier Quartier,2027-05-13,,Astronomie|Lunaire,La moitié droite de la Lune est éclairée. Mi-chemin entre la Nouvelle Lune et la Pleine Lune.,
Festival de Cannes — Ouverture,2027-05-14,,Culture|Cinéma,"Le Festival International du Film de Cannes, créé en 1946.",
Nuit des Musées,2027-05-15,,Culture,Créée en France en 2005 et étendue à toute l'Europe.,
Pentecôte,2027-05-16,,Christianisme,"Célèbre la descente de l'Esprit Saint sur les apôtres, 50 jours après Pâques.",
Lundi de Pentecôte,2027-05-17,,Jours fériés|Christianisme,"Jour férié désigné depuis 2004 Journée de solidarité envers les personnes âgées. Les salariés travaillent ce jour sans rémunération supplémentaire, finançant ainsi la prise en charge de la dépendance — instauré après la canicule de 2003 qui fit 15 000 morts en France.",
Pleine Lune,2027-05-20,,Astronomie|Lunaire,La face de la Lune est entièrement éclairée par le Soleil.,
Journée mondiale de la biodiversité,2027-05-22,,Environnement,Commémore l'adoption de la Convention sur la Diversité Biologique à Rio.,
Journée nationale de la Résistance,2027-05-27,,Mémoire|Société,"Le 27 mai 1943, Jean Moulin préside la première réunion secrète du CNR.",
Dernier Quartier,2027-05-28,,Astronomie|Lunaire,Phase lunaire : Dernier Quartier.,
Fête des Voisins,2027-05-28,,Société,Créée en 2000 pour lutter contre l'isolement urbain.,
Fête des Mères,2027-05-30,,Fêtes|Culture,"Célébrée le dernier dimanche de mai, sauf si c'est la Pentecôte.",
Journée mondiale sans tabac,2027-05-31,,Santé,Lancée par l'OMS en 1987.,
Nouvelle Lune,2027-06-04,,Astronomie|Lunaire,La face de la Lune tournée vers la Terre n'est pas éclairée — elle est invisible dans le ciel.,
Débarquement en Normandie — Commémoration du Jour J,2027-06-06,,Mémoire|Dates spéciales,"Le 6 juin 1944, 156 000 soldats alliés débarquent sur les plages de Normandie.",
Journée mondiale de l'océan,2027-06-08,,Environnement,Proposée lors du Sommet de la Terre de Rio en 1992.,
Premier Quartier,2027-06-11,,Astronomie|Lunaire,La moitié droite de la Lune est éclairée. Mi-chemin entre la Nouvelle Lune et la Pleine Lune.,
Appel du 18 juin 1940 — Anniversaire,2027-06-18,,Mémoire|Dates spéciales,"Le 18 juin 1940, de Gaulle lance depuis Londres un appel à la Résistance sur la BBC.",
Pleine Lune,2027-06-19,,Astronomie|Lunaire,La face de la Lune est entièrement éclairée par le Soleil.,
Fête des Pères,2027-06-20,,Fêtes|Culture,"Née aux États-Unis en 1910, introduite en France dans les années 1950.",
Début de l'Été — Solstice d'été,2027-06-21,,Saisons|Astronomie,Le solstice d'été est le jour le plus long de l'année.,
Fête de la Musique,2027-06-21,,Culture|Fêtes,Créée en 1982 par le ministre Jack Lang.,
Jour le plus long de l'année,2027-06-21,,Saisons|Astronomie,Le 21 June est le jour le plus long de l'année 2027.,
Dernier Quartier,2027-06-27,,Astronomie|Lunaire,Phase lunaire : Dernier Quartier.,
Fête du Cinéma,2027-06-27,,Culture|Cinéma,"Créée en 1985, elle propose chaque fin juin des places à tarif réduit.",
Milieu de l'année,2027-07-02,,Dates spéciales,Ce jour marque le point médian exact de l'année 2027.,
"Vacances d'Été - Zones A, B et C",2027-07-03,2027-07-02,Vacances scolaires,"Vacances d'Été pour toutes les zones (A, B et C). Durée : 0 jours, du 03/07/2027 au 02/07/2027.",A|B|C
Nouvelle Lune,2027-07-04,,Astronomie|Lunaire,La face de la Lune tournée vers la Terre n'est pas éclairée — elle est invisible dans le ciel.,
Festival d'Avignon — Ouverture,2027-07-05,,Culture|Théâtre,Créé par Jean Vilar en 1947 dans la cour du Palais des Papes.,
Premier Quartier,2027-07-10,,Astronomie|Lunaire,La moitié droite de la Lune est éclairée. Mi-chemin entre la Nouvelle Lune et la Pleine Lune.,
Commémoration de la Rafle du Vél d'Hiv,2027-07-11,,Mémoire|Société,"Les 16-17 juillet 1942, la police française arrêta 13 152 Juifs à Paris.",
Fête Nationale,2027-07-14,,Jours fériés|Société|Dates spéciales,Commémore la prise de la Bastille le 14 juillet 1789.,
Fête nationale,2027-07-14,,Jours fériés,"Commémore la prise de la Bastille le 14 juillet 1789, symbole de la Révolution française. Jour férié depuis 1880. Défilé militaire sur les Champs-Élysées, bals des pompiers et feux d'artifice dans toute la France.",
Pleine Lune,2027-07-18,,Astronomie|Lunaire,La face de la Lune est entièrement éclairée par le Soleil.,
Dernier Quartier,2027-07-26,,Astronomie|Lunaire,Phase lunaire : Dernier Quartier.,
Nouvelle Lune,2027-08-02,,Astronomie|Lunaire,La face de la Lune tournée vers la Terre n'est pas éclairée — elle est invisible dans le ciel.,
Nuit des Étoiles,2027-08-07,,Astronomie|Éducation|Culture,Organisée chaque premier week-end d'août par l'Association Française d'Astronomie depuis 1991.,
Premier Quartier,2027-08-09,,Astronomie|Lunaire,La moitié droite de la Lune est éclairée. Mi-chemin entre la Nouvelle Lune et la Pleine Lune.,
Assomption,2027-08-15,,Jours fériés,"Célèbre l'élévation de la Vierge Marie au ciel. Fête chrétienne ancienne, jour férié en France depuis le Concordat de 1802. Elle tombe en plein cœur de l'été, au milieu des grandes vacances.",
Assomption de Marie,2027-08-15,,Christianisme|Jours fériés,Célèbre l'élévation de la Vierge Marie au ciel.,
Pleine Lune,2027-08-17,,Astronomie|Lunaire,La face de la Lune est entièrement éclairée par le Soleil.,
Dernier Quartier,2027-08-25,,Astronomie|Lunaire,Phase lunaire : Dernier Quartier.,
Nouvelle Lune,2027-08-31,,Astronomie|Lunaire,La face de la Lune tournée vers la Terre n'est pas éclairée — elle est invisible dans le ciel.,
Rentrée des classes,2027-09-02,,Éducation|Société,La rentrée de septembre mobilise 12 millions d'élèves et 870 000 enseignants en France.,
Braderie de Lille,2027-09-04,,Culture|Commerce,"Plus grande braderie d'Europe, organisée le premier week-end de septembre à Lille.",
Premier Quartier,2027-09-07,,Astronomie|Lunaire,La moitié droite de la Lune est éclairée. Mi-chemin entre la Nouvelle Lune et la Pleine Lune.,
Pleine Lune,2027-09-16,,Astronomie|Lunaire,La face de la Lune est entièrement éclairée par le Soleil.,
Journées du Patrimoine,2027-09-18,,Culture|Société,"Créées en France en 1984 par Jack Lang, étendues à toute l'Europe en 1991.",
Journée mondiale sans voiture,2027-09-22,,Environnement|Société,Lancée en France en 1998 par La Rochelle.,
Dernier Quartier,2027-09-23,,Astronomie|Lunaire,Phase lunaire : Dernier Quartier.,
Début de l'Automne — Équinoxe d'automne,2027-09-23,,Saisons|Astronomie,L'équinoxe d'automne marque le début de l'automne.,
Nouvelle Lune,2027-09-30,,Astronomie|Lunaire,La face de la Lune tournée vers la Terre n'est pas éclairée — elle est invisible dans le ciel.,
Coupe du monde de rugby à XV 2027,2027-10-01,2027-11-13,Sport,Organisée en Australie. Première édition à 24 équipes avec huitièmes de finale.,all
Journée mondiale du cacao et du chocolat,2027-10-01,,Gastronomie|Culture,Célébrée le 1er octobre et associée à l'Organisation internationale du cacao (ICCO).,
Lancement d'Octobre Rose,2027-10-01,,Santé,Tout octobre est dédié à la sensibilisation au cancer du sein.,
Nuit Blanche,2027-10-02,,Culture,Initiée à Paris en 2002 par le maire Bertrand Delanoë.,
Fête des Grands-Pères,2027-10-03,,Fêtes|Culture,"Créée en 2008, elle a lieu chaque premier dimanche d'octobre.",
Premier Quartier,2027-10-07,,Astronomie|Lunaire,La moitié droite de la Lune est éclairée. Mi-chemin entre la Nouvelle Lune et la Pleine Lune.,
Journée mondiale de la santé mentale,2027-10-10,,Santé|Société,Créée par la Fédération Mondiale pour la Santé Mentale en 1992.,
Semaine du Goût,2027-10-11,,Gastronomie|Culture,Créée en 1990 par le chef Joël Robuchon.,
Pleine Lune,2027-10-15,,Astronomie|Lunaire,La face de la Lune est entièrement éclairée par le Soleil.,
Journée mondiale de l'alimentation,2027-10-16,,Gastronomie|Société|Santé,Commémore la fondation de la FAO le 16 octobre 1945.,
Dernier Quartier,2027-10-22,,Astronomie|Lunaire,Phase lunaire : Dernier Quartier.,
Nouvelle Lune,2027-10-29,,Astronomie|Lunaire,La face de la Lune tournée vers la Terre n'est pas éclairée — elle est invisible dans le ciel.,
Halloween,2027-10-31,,Culture|Fêtes,Fête d'origine celtique (la nuit de Samain) christianisée puis popularisée par la diaspora irlandaise.,
Passage à l'heure d'hiver,2027-10-31,,Changement d'heure,"Dans la nuit du samedi au dimanche, les montres reculent d'une heure (3h → 2h).",
Lancement du Mois sans Tabac,2027-11-01,,Santé,Lancé en France en 2016 par Santé Publique France.,
Toussaint,2027-11-01,,Jours fériés|Christianisme,"Fête de tous les saints, instituée par le pape Grégoire IV en 835. En France, la tradition de fleurir les tombes avec des chrysanthèmes s'est greffée dessus — ces fleurs sont désormais intimement liées à ce jour.",
Journée nationale de l'arbre,2027-11-04,,Environnement,Célébrée chaque premier jeudi de novembre.,
Premier Quartier,2027-11-06,,Astronomie|Lunaire,La moitié droite de la Lune est éclairée. Mi-chemin entre la Nouvelle Lune et la Pleine Lune.,
Armistice 1918,2027-11-11,,Jours fériés,"Le 11 novembre 1918 à 11h, l'armistice met fin à la Première Guerre mondiale après quatre ans de combats. Jour férié depuis 1922. Chaque commune française a son monument aux morts — 36 000 érigés entre 1920 et 1925.",
Armistice de 1918 — Journée du Souvenir,2027-11-11,,Jours fériés|Mémoire|Dates spéciales,"Le 11 novembre 1918 à 11h, l'armistice met fin à la Première Guerre mondiale.",
Pont possible — Armistice 1918,2027-11-12,,Ponts / Congés,Armistice 1918 tombe un jeudi le 11/11/2027. Le vendredi 12/11/2027 est un pont potentiel — vérifiez auprès de votre employeur.,
Pleine Lune,2027-11-14,,Astronomie|Lunaire,La face de la Lune est entièrement éclairée par le Soleil.,
Beaujolais Nouveau,2027-11-18,,Gastronomie|Culture|Commercial,"Chaque troisième jeudi de novembre, le Beaujolais Nouveau est mis en vente.",
Journée internationale des droits de l'enfant,2027-11-20,,Société,Commémore l'adoption de la Convention des Nations Unies relative aux droits de l'enfant.,
Dernier Quartier,2027-11-21,,Astronomie|Lunaire,Phase lunaire : Dernier Quartier.,
Nouvelle Lune,2027-11-28,,Astronomie|Lunaire,La face de la Lune tournée vers la Terre n'est pas éclairée — elle est invisible dans le ciel.,
Fête de la Bretagne,2027-11-30,,Culture|Société,Célébrée le 30 novembre (Saint-André) depuis les années 1990.,
Journée mondiale des personnes handicapées,2027-12-03,,Société,Instaurée par l'ONU en 1992.,
Journée mondiale du Bénévolat,2027-12-05,,Société,Créée par l'ONU en 1985.,
Premier Quartier,2027-12-06,,Astronomie|Lunaire,La moitié droite de la Lune est éclairée. Mi-chemin entre la Nouvelle Lune et la Pleine Lune.,
Saint-Nicolas,2027-12-06,,Christianisme|Culture|Fêtes,"Fête de Nicolas de Myre, évêque du IVe siècle devenu patron des enfants.",
Journée de la Laïcité,2027-12-09,,Société|Dates spéciales,Commémore la loi du 9 décembre 1905 séparant les Églises de l'État.,
Pleine Lune,2027-12-13,,Astronomie|Lunaire,La face de la Lune est entièrement éclairée par le Soleil.,
Dernier Quartier,2027-12-20,,Astronomie|Lunaire,Phase lunaire : Dernier Quartier.,
Début de l'Hiver — Solstice d'hiver,2027-12-22,,Saisons|Astronomie,Le solstice d'hiver est le jour le plus court de l'année.,
Jour le plus court de l'année,2027-12-22,,Saisons|Astronomie,Le 22 December est le jour le plus court de l'année 2027.,
Noël,2027-12-25,,Jours fériés|Christianisme|Fêtes,"Célèbre la naissance du Christ. La date du 25 décembre a été fixée au IVe siècle sur une fête solaire romaine préexistante. Le sapin, la bûche et les cadeaux sont des traditions popularisées bien plus tard, au XIXe siècle.",
Saint-Étienne,2027-12-26,,Jours fériés|Christianisme,"Le 26 décembre est férié uniquement en Alsace-Moselle (depts 57, 67, 68). Fête de saint Étienne, premier martyr chrétien.",AM
Nouvelle Lune,2027-12-27,,Astronomie|Lunaire,La face de la Lune tournée vers la Terre n'est pas éclairée — elle est invisible dans le ciel.,
Dernier jour de l'année,2027-12-31,,Dates spéciales,Clôture de l'année civile 2027.,
Saint-Sylvestre / Réveillon du Nouvel An,2027-12-31,,Fêtes|Culture,"Dernier jour de l'année, nommé d'après le pape Sylvestre Ier mort ce jour en 335.",
Jour de l'an,2028-01-01,,Jours fériés,Premier jour de l'année civile grégorienne. La tradition des vœux existe depuis l'Antiquité romaine. Le gui porte-bonheur vient d'une coutume druidique bien antérieure au christianisme.,
Premier Quartier,2028-01-05,,Astronomie|Lunaire,La moitié droite de la Lune est éclairée. Mi-chemin entre la Nouvelle Lune et la Pleine Lune.,
Épiphanie,2028-01-06,,Christianisme|Culture|Gastronomie,"Célèbre la visite des Rois Mages à Jésus, 12 jours après Noël.",
Pleine Lune,2028-01-12,,Astronomie|Lunaire,La face de la Lune est entièrement éclairée par le Soleil.,
Dernier Quartier,2028-01-18,,Astronomie|Lunaire,Phase lunaire : Dernier Quartier.,
Journée internationale de l'Éducation,2028-01-24,,Éducation|Société,Proclamée par l'ONU en 2019.,
Nouvelle Lune,2028-01-26,,Astronomie|Lunaire,La face de la Lune tournée vers la Terre n'est pas éclairée — elle est invisible dans le ciel.,
Journée nationale de la Mémoire de la Shoah,2028-01-27,,Mémoire|Société,Commémore la libération du camp d'Auschwitz le 27 janvier 1945.,
Chandeleur,2028-02-02,,Culture|Christianisme|Gastronomie,"Fête de la Présentation de Jésus au Temple, 40 jours après Noël.",
Journée mondiale des zones humides,2028-02-02,,Environnement,Commémore la Convention de Ramsar signée le 2 février 1971.,
Premier Quartier,2028-02-03,,Astronomie|Lunaire,La moitié droite de la Lune est éclairée. Mi-chemin entre la Nouvelle Lune et la Pleine Lune.,
Journée mondiale contre le cancer,2028-02-04,,Santé,Initiée par l'Union Internationale Contre le Cancer depuis 2000.,
Pleine Lune,2028-02-10,,Astronomie|Lunaire,La face de la Lune est entièrement éclairée par le Soleil.,
Saint-Valentin,2028-02-14,,Fêtes|Culture,Fête des amoureux le 14 février.,
Dernier Quartier,2028-02-17,,Astronomie|Lunaire,Phase lunaire : Dernier Quartier.,
Nouvelle Lune,2028-02-25,,Astronomie|Lunaire,La face de la Lune tournée vers la Terre n'est pas éclairée — elle est invisible dans le ciel.,
Salon de l'Agriculture — Ouverture,2028-02-26,,Gastronomie|Agriculture|Culture,Le Salon International de l'Agriculture se tient chaque fin février à Paris.,
Jour supplémentaire (année bissextile),2028-02-29,,Dates spéciales,"Une année solaire dure 365,2422 jours. 2028 est l'une des années rares à 366 jours.",
Mardi Gras,2028-02-29,,Christianisme|Culture|Fêtes,"Dernier jour avant le Carême, où la tradition voulait qu'on fasse bombance avant l'abstinence.",
Début du Carême,2028-03-01,,Christianisme,"Le Carême commence le Mercredi des Cendres, 46 jours avant Pâques.",
Premier Quartier,2028-03-04,,Astronomie|Lunaire,La moitié droite de la Lune est éclairée. Mi-chemin entre la Nouvelle Lune et la Pleine Lune.,
Fête des Grands-Mères,2028-03-05,,Fêtes|Culture,Créée en 1987 par la marque de café Grand'Mère.,
Journée internationale des femmes,2028-03-08,,Société,Issue des luttes ouvrières du début du XXe siècle en Europe et aux États-Unis.,
Pleine Lune,2028-03-11,,Astronomie|Lunaire,La face de la Lune est entièrement éclairée par le Soleil.,
Saint-Patrick,2028-03-17,,Culture|Fêtes,"Fête nationale irlandaise le 17 mars, commémorant la mort de saint Patrick (461).",
Dernier Quartier,2028-03-18,,Astronomie|Lunaire,Phase lunaire : Dernier Quartier.,
Début du Printemps — Équinoxe de printemps,2028-03-20,,Saisons|Astronomie,L'équinoxe de printemps marque le début astronomique du printemps.,
Journée nationale de lutte contre les discriminations,2028-03-21,,Société,Créée par l'ONU en 1966 en mémoire du massacre de Sharpeville.,
Journée mondiale de l'eau,2028-03-22,,Environnement|Société,Proclamée par l'ONU en 1993.,
Nouvelle Lune,2028-03-26,,Astronomie|Lunaire,La face de la Lune tournée vers la Terre n'est pas éclairée — elle est invisible dans le ciel.,
Passage à l'heure d'été,2028-03-26,,Changement d'heure,"Dans la nuit du samedi au dimanche, les montres avancent d'une heure (2h → 3h).",
Poisson d'avril,2028-04-01,,Culture,Journée des farces et des canulars.,
Premier Quartier,2028-04-02,,Astronomie|Lunaire,La moitié droite de la Lune est éclairée. Mi-chemin entre la Nouvelle Lune et la Pleine Lune.,
Journée mondiale de la Santé,2028-04-07,,Santé,Commémore la fondation de l'OMS le 7 avril 1948.,
Dimanche des Rameaux,2028-04-09,,Christianisme,Ouvre la Semaine Sainte en rappelant l'entrée triomphale de Jésus à Jérusalem.,
Pleine Lune,2028-04-09,,Astronomie|Lunaire,La face de la Lune est entièrement éclairée par le Soleil.,
Vendredi Saint,2028-04-14,,Jours fériés|Christianisme,"Commémore la crucifixion du Christ. Jour férié uniquement en Alsace-Moselle (départements 57, 67, 68) en vertu du régime concordataire.",AM
Vendredi Saint,2028-04-14,,Christianisme,Commémore la crucifixion du Christ. Non férié en France depuis la loi de 1905 — sauf en Alsace-Moselle.,
Dernier Quartier,2028-04-16,,Astronomie|Lunaire,Phase lunaire : Dernier Quartier.,
Pâques,2028-04-16,,Christianisme,Fête chrétienne célébrant la résurrection du Christ. Sa date varie chaque année car elle suit le calendrier lunaire.,
Lundi de Pâques,2028-04-17,,Jours fériés|Christianisme,"Jour férié qui prolonge le dimanche de Pâques. La tradition des œufs vient du Carême : l'Église interdisait d'en manger pendant 40 jours, on offrait donc à Pâques ceux accumulés.",
Jour de la Terre,2028-04-22,,Environnement|Société,Né le 22 avril 1970 après une marée noire en Californie.,
Nouvelle Lune,2028-04-24,,Astronomie|Lunaire,La face de la Lune tournée vers la Terre n'est pas éclairée — elle est invisible dans le ciel.,
Fête du Travail,2028-05-01,,Jours fériés|Société,"Commémore la grève de Chicago du 1er mai 1886 pour les 8 heures de travail, réprimée dans le sang. Férié et chômé en France depuis 1947. La tradition d'offrir du muguet vient d'une coutume de Charles IX datant de 1561.",
Premier Quartier,2028-05-02,,Astronomie|Lunaire,La moitié droite de la Lune est éclairée. Mi-chemin entre la Nouvelle Lune et la Pleine Lune.,
Fête de la Victoire 1945,2028-05-08,,Jours fériés,"Le 8 mai 1945, l'Allemagne nazie signe sa capitulation sans condition, mettant fin à la guerre en Europe. Férié depuis 1953, supprimé par Giscard en 1975, puis rétabli par Mitterrand en 1981.",
Pleine Lune,2028-05-08,,Astronomie|Lunaire,La face de la Lune est entièrement éclairée par le Soleil.,
Abolition de l'esclavage en France — Commémoration,2028-05-10,,Mémoire|Société,Journée nationale instaurée par la loi Taubira de 2001.,
Festival de Cannes — Ouverture,2028-05-14,,Culture|Cinéma,"Le Festival International du Film de Cannes, créé en 1946.",
Dernier Quartier,2028-05-16,,Astronomie|Lunaire,Phase lunaire : Dernier Quartier.,
Nuit des Musées,2028-05-20,,Culture,Créée en France en 2005 et étendue à toute l'Europe.,
Journée mondiale de la biodiversité,2028-05-22,,Environnement,Commémore l'adoption de la Convention sur la Diversité Biologique à Rio.,
Nouvelle Lune,2028-05-24,,Astronomie|Lunaire,La face de la Lune tournée vers la Terre n'est pas éclairée — elle est invisible dans le ciel.,
Ascension,2028-05-25,,Jours fériés|Christianisme,"Fête chrétienne commémorant la montée du Christ au ciel, 40 jours après Pâques. Toujours un jeudi, ce qui en fait naturellement un pont avec le vendredi.",
Fête des Voisins,2028-05-26,,Société,Créée en 2000 pour lutter contre l'isolement urbain.,
Pont possible — Ascension,2028-05-26,,Ponts / Congés,Ascension tombe un jeudi le 25/05/2028. Le vendredi 26/05/2028 est un pont potentiel — vérifiez auprès de votre employeur.,
Journée nationale de la Résistance,2028-05-27,,Mémoire|Société,"Le 27 mai 1943, Jean Moulin préside la première réunion secrète du CNR.",
Fête des Mères,2028-05-28,,Fêtes|Culture,"Célébrée le dernier dimanche de mai, sauf si c'est la Pentecôte.",
Journée mondiale sans tabac,2028-05-31,,Santé,Lancée par l'OMS en 1987.,
Premier Quartier,2028-05-31,,Astronomie|Lunaire,La moitié droite de la Lune est éclairée. Mi-chemin entre la Nouvelle Lune et la Pleine Lune.,
Pentecôte,2028-06-04,,Christianisme,"Célèbre la descente de l'Esprit Saint sur les apôtres, 50 jours après Pâques.",
Lundi de Pentecôte,2028-06-05,,Jours fériés|Christianisme,"Jour férié désigné depuis 2004 Journée de solidarité envers les personnes âgées. Les salariés travaillent ce jour sans rémunération supplémentaire, finançant ainsi la prise en charge de la dépendance — instauré après la canicule de 2003 qui fit 15 000 morts en France.",
Débarquement en Normandie — Commémoration du Jour J,2028-06-06,,Mémoire|Dates spéciales,"Le 6 juin 1944, 156 000 soldats alliés débarquent sur les plages de Normandie.",
Pleine Lune,2028-06-07,,Astronomie|Lunaire,La face de la Lune est entièrement éclairée par le Soleil.,
Journée mondiale de l'océan,2028-06-08,,Environnement,Proposée lors du Sommet de la Terre de Rio en 1992.,
UEFA Euro 2028,2028-06-09,2028-07-09,Sport,"Organisé en Angleterre, Écosse, Pays de Galles et Irlande.",all
Dernier Quartier,2028-06-15,,Astronomie|Lunaire,Phase lunaire : Dernier Quartier.,
Appel du 18 juin 1940 — Anniversaire,2028-06-18,,Mémoire|Dates spéciales,"Le 18 juin 1940, de Gaulle lance depuis Londres un appel à la Résistance sur la BBC.",
Fête des Pères,2028-06-18,,Fêtes|Culture,"Née aux États-Unis en 1910, introduite en France dans les années 1950.",
Début de l'Été — Solstice d'été,2028-06-20,,Saisons|Astronomie,Le solstice d'été est le jour le plus long de l'année.,
Jour le plus long de l'année,2028-06-20,,Saisons|Astronomie,Le 20 June est le jour le plus long de l'année 2028.,
Fête de la Musique,2028-06-21,,Culture|Fêtes,Créée en 1982 par le ministre Jack Lang.,
Nouvelle Lune,2028-06-22,,Astronomie|Lunaire,La face de la Lune tournée vers la Terre n'est pas éclairée — elle est invisible dans le ciel.,
Fête du Cinéma,2028-06-25,,Culture|Cinéma,"Créée en 1985, elle propose chaque fin juin des places à tarif réduit.",
Premier Quartier,2028-06-29,,Astronomie|Lunaire,La moitié droite de la Lune est éclairée. Mi-chemin entre la Nouvelle Lune et la Pleine Lune.,
Milieu de l'année,2028-07-01,,Dates spéciales,Ce jour marque le point médian exact de l'année 2028.,
Festival d'Avignon — Ouverture,2028-07-05,,Culture|Théâtre,Créé par Jean Vilar en 1947 dans la cour du Palais des Papes.,
Pleine Lune,2028-07-06,,Astronomie|Lunaire,La face de la Lune est entièrement éclairée par le Soleil.,
Commémoration de la Rafle du Vél d'Hiv,2028-07-09,,Mémoire|Société,"Les 16-17 juillet 1942, la police française arrêta 13 152 Juifs à Paris.",
Dernier Quartier,2028-07-14,,Astronomie|Lunaire,Phase lunaire : Dernier Quartier.,
Fête Nationale,2028-07-14,,Jours fériés|Société|Dates spéciales,Commémore la prise de la Bastille le 14 juillet 1789.,
Fête nationale,2028-07-14,,Jours fériés,"Commémore la prise de la Bastille le 14 juillet 1789, symbole de la Révolution française. Jour férié depuis 1880. Défilé militaire sur les Champs-Élysées, bals des pompiers et feux d'artifice dans toute la France.",
Jeux Olympiques de Los Angeles 2028,2028-07-14,2028-07-30,Sport|JO,"XXXIVes Jeux Olympiques d'été à Los Angeles, États-Unis.",all
Nouvelle Lune,2028-07-22,,Astronomie|Lunaire,La face de la Lune tournée vers la Terre n'est pas éclairée — elle est invisible dans le ciel.,
Premier Quartier,2028-07-28,,Astronomie|Lunaire,La moitié droite de la Lune est éclairée. Mi-chemin entre la Nouvelle Lune et la Pleine Lune.,
Nuit des Étoiles,2028-08-05,,Astronomie|Éducation|Culture,Organisée chaque premier week-end d'août par l'Association Française d'Astronomie depuis 1991.,
Pleine Lune,2028-08-05,,Astronomie|Lunaire,La face de la Lune est entièrement éclairée par le Soleil.,
Dernier Quartier,2028-08-13,,Astronomie|Lunaire,Phase lunaire : Dernier Quartier.,
Pont possible — Assomption,2028-08-14,,Ponts / Congés,Assomption tombe un mardi le 15/08/2028. Le lundi 14/08/2028 est un pont potentiel — vérifiez auprès de votre employeur.,
Assomption,2028-08-15,,Jours fériés,"Célèbre l'élévation de la Vierge Marie au ciel. Fête chrétienne ancienne, jour férié en France depuis le Concordat de 1802. Elle tombe en plein cœur de l'été, au milieu des grandes vacances.",
Assomption de Marie,2028-08-15,,Christianisme|Jours fériés,Célèbre l'élévation de la Vierge Marie au ciel.,
Jeux Paralympiques de Los Angeles 2028,2028-08-15,2028-08-27,Sport|Jeux Paralympiques,"XVIIIes Jeux Paralympiques d'été à Los Angeles, États-Unis.",all
Nouvelle Lune,2028-08-20,,Astronomie|Lunaire,La face de la Lune tournée vers la Terre n'est pas éclairée — elle est invisible dans le ciel.,
Premier Quartier,2028-08-27,,Astronomie|Lunaire,La moitié droite de la Lune est éclairée. Mi-chemin entre la Nouvelle Lune et la Pleine Lune.,
Braderie de Lille,2028-09-02,,Culture|Commerce,"Plus grande braderie d'Europe, organisée le premier week-end de septembre à Lille.",
Rentrée des classes,2028-09-02,,Éducation|Société,La rentrée de septembre mobilise 12 millions d'élèves et 870 000 enseignants en France.,
Pleine Lune,2028-09-04,,Astronomie|Lunaire,La face de la Lune est entièrement éclairée par le Soleil.,
Dernier Quartier,2028-09-12,,Astronomie|Lunaire,Phase lunaire : Dernier Quartier.,
Journées du Patrimoine,2028-09-16,,Culture|Société,"Créées en France en 1984 par Jack Lang, étendues à toute l'Europe en 1991.",
Nouvelle Lune,2028-09-18,,Astronomie|Lunaire,La face de la Lune tournée vers la Terre n'est pas éclairée — elle est invisible dans le ciel.,
Début de l'Automne — Équinoxe d'automne,2028-09-22,,Saisons|Astronomie,L'équinoxe d'automne marque le début de l'automne.,
Journée mondiale sans voiture,2028-09-22,,Environnement|Société,Lancée en France en 1998 par La Rochelle.,
Premier Quartier,2028-09-25,,Astronomie|Lunaire,La moitié droite de la Lune est éclairée. Mi-chemin entre la Nouvelle Lune et la Pleine Lune.,
Fête des Grands-Pères,2028-10-01,,Fêtes|Culture,"Créée en 2008, elle a lieu chaque premier dimanche d'octobre.",
Journée mondiale du cacao et du chocolat,2028-10-01,,Gastronomie|Culture,Célébrée le 1er octobre et associée à l'Organisation internationale du cacao (ICCO).,
Lancement d'Octobre Rose,2028-10-01,,Santé,Tout octobre est dédié à la sensibilisation au cancer du sein.,
Pleine Lune,2028-10-03,,Astronomie|Lunaire,La face de la Lune est entièrement éclairée par le Soleil.,
Nuit Blanche,2028-10-07,,Culture,Initiée à Paris en 2002 par le maire Bertrand Delanoë.,
Semaine du Goût,2028-10-09,,Gastronomie|Culture,Créée en 1990 par le chef Joël Robuchon.,
Journée mondiale de la santé mentale,2028-10-10,,Santé|Société,Créée par la Fédération Mondiale pour la Santé Mentale en 1992.,
Dernier Quartier,2028-10-11,,Astronomie|Lunaire,Phase lunaire : Dernier Quartier.,
Journée mondiale de l'alimentation,2028-10-16,,Gastronomie|Société|Santé,Commémore la fondation de la FAO le 16 octobre 1945.,
Nouvelle Lune,2028-10-18,,Astronomie|Lunaire,La face de la Lune tournée vers la Terre n'est pas éclairée — elle est invisible dans le ciel.,
Premier Quartier,2028-10-25,,Astronomie|Lunaire,La moitié droite de la Lune est éclairée. Mi-chemin entre la Nouvelle Lune et la Pleine Lune.,
Passage à l'heure d'hiver,2028-10-29,,Changement d'heure,"Dans la nuit du samedi au dimanche, les montres reculent d'une heure (3h → 2h).",
Halloween,2028-10-31,,Culture|Fêtes,Fête d'origine celtique (la nuit de Samain) christianisée puis popularisée par la diaspora irlandaise.,
Lancement du Mois sans Tabac,2028-11-01,,Santé,Lancé en France en 2016 par Santé Publique France.,
Toussaint,2028-11-01,,Jours fériés|Christianisme,"Fête de tous les saints, instituée par le pape Grégoire IV en 835. En France, la tradition de fleurir les tombes avec des chrysanthèmes s'est greffée dessus — ces fleurs sont désormais intimement liées à ce jour.",
Journée nationale de l'arbre,2028-11-02,,Environnement,Célébrée chaque premier jeudi de novembre.,
Pleine Lune,2028-11-02,,Astronomie|Lunaire,La face de la Lune est entièrement éclairée par le Soleil.,
Dernier Quartier,2028-11-09,,Astronomie|Lunaire,Phase lunaire : Dernier Quartier.,
Armistice 1918,2028-11-11,,Jours fériés,"Le 11 novembre 1918 à 11h, l'armistice met fin à la Première Guerre mondiale après quatre ans de combats. Jour férié depuis 1922. Chaque commune française a son monument aux morts — 36 000 érigés entre 1920 et 1925.",
Armistice de 1918 — Journée du Souvenir,2028-11-11,,Jours fériés|Mémoire|Dates spéciales,"Le 11 novembre 1918 à 11h, l'armistice met fin à la Première Guerre mondiale.",
Beaujolais Nouveau,2028-11-16,,Gastronomie|Culture|Commercial,"Chaque troisième jeudi de novembre, le Beaujolais Nouveau est mis en vente.",
Nouvelle Lune,2028-11-16,,Astronomie|Lunaire,La face de la Lune tournée vers la Terre n'est pas éclairée — elle est invisible dans le ciel.,
Journée internationale des droits de l'enfant,2028-11-20,,Société,Commémore l'adoption de la Convention des Nations Unies relative aux droits de l'enfant.,
Premier Quartier,2028-11-24,,Astronomie|Lunaire,La moitié droite de la Lune est éclairée. Mi-chemin entre la Nouvelle Lune et la Pleine Lune.,
Fête de la Bretagne,2028-11-30,,Culture|Société,Célébrée le 30 novembre (Saint-André) depuis les années 1990.,
Pleine Lune,2028-12-02,,Astronomie|Lunaire,La face de la Lune est entièrement éclairée par le Soleil.,
Journée mondiale des personnes handicapées,2028-12-03,,Société,Instaurée par l'ONU en 1992.,
Journée mondiale du Bénévolat,2028-12-05,,Société,Créée par l'ONU en 1985.,
Saint-Nicolas,2028-12-06,,Christianisme|Culture|Fêtes,"Fête de Nicolas de Myre, évêque du IVe siècle devenu patron des enfants.",
Dernier Quartier,2028-12-09,,Astronomie|Lunaire,Phase lunaire : Dernier Quartier.,
Journée de la Laïcité,2028-12-09,,Société|Dates spéciales,Commémore la loi du 9 décembre 1905 séparant les Églises de l'État.,
Nouvelle Lune,2028-12-16,,Astronomie|Lunaire,La face de la Lune tournée vers la Terre n'est pas éclairée — elle est invisible dans le ciel.,
Début de l'Hiver — Solstice d'hiver,2028-12-21,,Saisons|Astronomie,Le solstice d'hiver est le jour le plus court de l'année.,
Jour le plus court de l'année,2028-12-21,,Saisons|Astronomie,Le 21 December est le jour le plus court de l'année 2028.,
Premier Quartier,2028-12-23,,Astronomie|Lunaire,La moitié droite de la Lune est éclairée. Mi-chemin entre la Nouvelle Lune et la Pleine Lune.,
Noël,2028-12-25,,Jours fériés|Christianisme|Fêtes,"Célèbre la naissance du Christ. La date du 25 décembre a été fixée au IVe siècle sur une fête solaire romaine préexistante. Le sapin, la bûche et les cadeaux sont des traditions popularisées bien plus tard, au XIXe siècle.",
Saint-Étienne,2028-12-26,,Jours fériés|Christianisme,"Le 26 décembre est férié uniquement en Alsace-Moselle (depts 57, 67, 68). Fête de saint Étienne, premier martyr chrétien.",AM
Dernier jour de l'année,2028-12-31,,Dates spéciales,Clôture de l'année civile 2028.,
Pleine Lune,2028-12-31,,Astronomie|Lunaire,La face de la Lune est entièrement éclairée par le Soleil.,
Saint-Sylvestre / Réveillon du Nouvel An,2028-12-31,,Fêtes|Culture,"Dernier jour de l'année, nommé d'après le pape Sylvestre Ier mort ce jour en 335.",
Jour de l'an,2029-01-01,,Jours fériés,Premier jour de l'année civile grégorienne. La tradition des vœux existe depuis l'Antiquité romaine. Le gui porte-bonheur vient d'une coutume druidique bien antérieure au christianisme.,
Épiphanie,2029-01-06,,Christianisme|Culture|Gastronomie,"Célèbre la visite des Rois Mages à Jésus, 12 jours après Noël.",
Dernier Quartier,2029-01-07,,Astronomie|Lunaire,Phase lunaire : Dernier Quartier.,
Nouvelle Lune,2029-01-14,,Astronomie|Lunaire,La face de la Lune tournée vers la Terre n'est pas éclairée — elle est invisible dans le ciel.,
Premier Quartier,2029-01-22,,Astronomie|Lunaire,La moitié droite de la Lune est éclairée. Mi-chemin entre la Nouvelle Lune et la Pleine Lune.,
Journée internationale de l'Éducation,2029-01-24,,Éducation|Société,Proclamée par l'ONU en 2019.,
Journée nationale de la Mémoire de la Shoah,2029-01-27,,Mémoire|Société,Commémore la libération du camp d'Auschwitz le 27 janvier 1945.,
Pleine Lune,2029-01-30,,Astronomie|Lunaire,La face de la Lune est entièrement éclairée par le Soleil.,
Chandeleur,2029-02-02,,Culture|Christianisme|Gastronomie,"Fête de la Présentation de Jésus au Temple, 40 jours après Noël.",
Journée mondiale des zones humides,2029-02-02,,Environnement,Commémore la Convention de Ramsar signée le 2 février 1971.,
Journée mondiale contre le cancer,2029-02-04,,Santé,Initiée par l'Union Internationale Contre le Cancer depuis 2000.,
Dernier Quartier,2029-02-05,,Astronomie|Lunaire,Phase lunaire : Dernier Quartier.,
Mardi Gras,2029-02-13,,Christianisme|Culture|Fêtes,"Dernier jour avant le Carême, où la tradition voulait qu'on fasse bombance avant l'abstinence.",
Nouvelle Lune,2029-02-13,,Astronomie|Lunaire,La face de la Lune tournée vers la Terre n'est pas éclairée — elle est invisible dans le ciel.,
Début du Carême,2029-02-14,,Christianisme,"Le Carême commence le Mercredi des Cendres, 46 jours avant Pâques.",
Saint-Valentin,2029-02-14,,Fêtes|Culture,Fête des amoureux le 14 février.,
Premier Quartier,2029-02-21,,Astronomie|Lunaire,La moitié droite de la Lune est éclairée. Mi-chemin entre la Nouvelle Lune et la Pleine Lune.,
Salon de l'Agriculture — Ouverture,2029-02-24,,Gastronomie|Agriculture|Culture,Le Salon International de l'Agriculture se tient chaque fin février à Paris.,
Pleine Lune,2029-02-28,,Astronomie|Lunaire,La face de la Lune est entièrement éclairée par le Soleil.,
Fête des Grands-Mères,2029-03-04,,Fêtes|Culture,Créée en 1987 par la marque de café Grand'Mère.,
Dernier Quartier,2029-03-07,,Astronomie|Lunaire,Phase lunaire : Dernier Quartier.,
Journée internationale des femmes,2029-03-08,,Société,Issue des luttes ouvrières du début du XXe siècle en Europe et aux États-Unis.,
Nouvelle Lune,2029-03-15,,Astronomie|Lunaire,La face de la Lune tournée vers la Terre n'est pas éclairée — elle est invisible dans le ciel.,
Saint-Patrick,2029-03-17,,Culture|Fêtes,"Fête nationale irlandaise le 17 mars, commémorant la mort de saint Patrick (461).",
Début du Printemps — Équinoxe de printemps,2029-03-20,,Saisons|Astronomie,L'équinoxe de printemps marque le début astronomique du printemps.,
Journée nationale de lutte contre les discriminations,2029-03-21,,Société,Créée par l'ONU en 1966 en mémoire du massacre de Sharpeville.,
Journée mondiale de l'eau,2029-03-22,,Environnement|Société,Proclamée par l'ONU en 1993.,
Premier Quartier,2029-03-23,,Astronomie|Lunaire,La moitié droite de la Lune est éclairée. Mi-chemin entre la Nouvelle Lune et la Pleine Lune.,
Dimanche des Rameaux,2029-03-25,,Christianisme,Ouvre la Semaine Sainte en rappelant l'entrée triomphale de Jésus à Jérusalem.,
Passage à l'heure d'été,2029-03-25,,Changement d'heure,"Dans la nuit du samedi au dimanche, les montres avancent d'une heure (2h → 3h).",
Pleine Lune,2029-03-30,,Astronomie|Lunaire,La face de la Lune est entièrement éclairée par le Soleil.,
Vendredi Saint,2029-03-30,,Jours fériés|Christianisme,"Commémore la crucifixion du Christ. Jour férié uniquement en Alsace-Moselle (départements 57, 67, 68) en vertu du régime concordataire.",AM
Vendredi Saint,2029-03-30,,Christianisme,Commémore la crucifixion du Christ. Non férié en France depuis la loi de 1905 — sauf en Alsace-Moselle.,
Poisson d'avril,2029-04-01,,Culture,Journée des farces et des canulars.,
Pâques,2029-04-01,,Christianisme,Fête chrétienne célébrant la résurrection du Christ. Sa date varie chaque année car elle suit le calendrier lunaire.,
Lundi de Pâques,2029-04-02,,Jours fériés|Christianisme,"Jour férié qui prolonge le dimanche de Pâques. La tradition des œufs vient du Carême : l'Église interdisait d'en manger pendant 40 jours, on offrait donc à Pâques ceux accumulés.",
Dernier Quartier,2029-04-05,,Astronomie|Lunaire,Phase lunaire : Dernier Quartier.,
Journée mondiale de la Santé,2029-04-07,,Santé,Commémore la fondation de l'OMS le 7 avril 1948.,
Nouvelle Lune,2029-04-13,,Astronomie|Lunaire,La face de la Lune tournée vers la Terre n'est pas éclairée — elle est invisible dans le ciel.,
Premier Quartier,2029-04-21,,Astronomie|Lunaire,La moitié droite de la Lune est éclairée. Mi-chemin entre la Nouvelle Lune et la Pleine Lune.,
Jour de la Terre,2029-04-22,,Environnement|Société,Né le 22 avril 1970 après une marée noire en Californie.,
Pleine Lune,2029-04-28,,Astronomie|Lunaire,La face de la Lune est entièrement éclairée par le Soleil.,
Pont possible — Fête du Travail,2029-04-30,,Ponts / Congés,Fête du Travail tombe un mardi le 01/05/2029. Le lundi 30/04/2029 est un pont potentiel — vérifiez auprès de votre employeur.,
Fête du Travail,2029-05-01,,Jours fériés|Société,"Commémore la grève de Chicago du 1er mai 1886 pour les 8 heures de travail, réprimée dans le sang. Férié et chômé en France depuis 1947. La tradition d'offrir du muguet vient d'une coutume de Charles IX datant de 1561.",
Dernier Quartier,2029-05-05,,Astronomie|Lunaire,Phase lunaire : Dernier Quartier.,
Pont possible — Fête de la Victoire,2029-05-07,,Ponts / Congés,Fête de la Victoire tombe un mardi le 08/05/2029. Le lundi 07/05/2029 est un pont potentiel — vérifiez auprès de votre employeur.,
Fête de la Victoire 1945,2029-05-08,,Jours fériés,"Le 8 mai 1945, l'Allemagne nazie signe sa capitulation sans condition, mettant fin à la guerre en Europe. Férié depuis 1953, supprimé par Giscard en 1975, puis rétabli par Mitterrand en 1981.",
Abolition de l'esclavage en France — Commémoration,2029-05-10,,Mémoire|Société,Journée nationale instaurée par la loi Taubira de 2001.,
Ascension,2029-05-10,,Jours fériés|Christianisme,"Fête chrétienne commémorant la montée du Christ au ciel, 40 jours après Pâques. Toujours un jeudi, ce qui en fait naturellement un pont avec le vendredi.",
Pont possible — Ascension,2029-05-11,,Ponts / Congés,Ascension tombe un jeudi le 10/05/2029. Le vendredi 11/05/2029 est un pont potentiel — vérifiez auprès de votre employeur.,
Nouvelle Lune,2029-05-13,,Astronomie|Lunaire,La face de la Lune tournée vers la Terre n'est pas éclairée — elle est invisible dans le ciel.,
Festival de Cannes — Ouverture,2029-05-14,,Culture|Cinéma,"Le Festival International du Film de Cannes, créé en 1946.",
Nuit des Musées,2029-05-19,,Culture,Créée en France en 2005 et étendue à toute l'Europe.,
Pentecôte,2029-05-20,,Christianisme,"Célèbre la descente de l'Esprit Saint sur les apôtres, 50 jours après Pâques.",
Lundi de Pentecôte,2029-05-21,,Jours fériés|Christianisme,"Jour férié désigné depuis 2004 Journée de solidarité envers les personnes âgées. Les salariés travaillent ce jour sans rémunération supplémentaire, finançant ainsi la prise en charge de la dépendance — instauré après la canicule de 2003 qui fit 15 000 morts en France.",
Premier Quartier,2029-05-21,,Astronomie|Lunaire,La moitié droite de la Lune est éclairée. Mi-chemin entre la Nouvelle Lune et la Pleine Lune.,
Journée mondiale de la biodiversité,2029-05-22,,Environnement,Commémore l'adoption de la Convention sur la Diversité Biologique à Rio.,
Fête des Voisins,2029-05-25,,Société,Créée en 2000 pour lutter contre l'isolement urbain.,
Fête des Mères,2029-05-27,,Fêtes|Culture,"Célébrée le dernier dimanche de mai, sauf si c'est la Pentecôte.",
Journée nationale de la Résistance,2029-05-27,,Mémoire|Société,"Le 27 mai 1943, Jean Moulin préside la première réunion secrète du CNR.",
Pleine Lune,2029-05-27,,Astronomie|Lunaire,La face de la Lune est entièrement éclairée par le Soleil.,
Journée mondiale sans tabac,2029-05-31,,Santé,Lancée par l'OMS en 1987.,
Dernier Quartier,2029-06-04,,Astronomie|Lunaire,Phase lunaire : Dernier Quartier.,
Débarquement en Normandie — Commémoration du Jour J,2029-06-06,,Mémoire|Dates spéciales,"Le 6 juin 1944, 156 000 soldats alliés débarquent sur les plages de Normandie.",
Journée mondiale de l'océan,2029-06-08,,Environnement,Proposée lors du Sommet de la Terre de Rio en 1992.,
Nouvelle Lune,2029-06-12,,Astronomie|Lunaire,La face de la Lune tournée vers la Terre n'est pas éclairée — elle est invisible dans le ciel.,
Fête des Pères,2029-06-17,,Fêtes|Culture,"Née aux États-Unis en 1910, introduite en France dans les années 1950.",
Appel du 18 juin 1940 — Anniversaire,2029-06-18,,Mémoire|Dates spéciales,"Le 18 juin 1940, de Gaulle lance depuis Londres un appel à la Résistance sur la BBC.",
Premier Quartier,2029-06-19,,Astronomie|Lunaire,La moitié droite de la Lune est éclairée. Mi-chemin entre la Nouvelle Lune et la Pleine Lune.,
Début de l'Été — Solstice d'été,2029-06-21,,Saisons|Astronomie,Le solstice d'été est le jour le plus long de l'année.,
Fête de la Musique,2029-06-21,,Culture|Fêtes,Créée en 1982 par le ministre Jack Lang.,
Jour le plus long de l'année,2029-06-21,,Saisons|Astronomie,Le 21 June est le jour le plus long de l'année 2029.,
Fête du Cinéma,2029-06-24,,Culture|Cinéma,"Créée en 1985, elle propose chaque fin juin des places à tarif réduit.",
Pleine Lune,2029-06-26,,Astronomie|Lunaire,La face de la Lune est entièrement éclairée par le Soleil.,
Milieu de l'année,2029-07-02,,Dates spéciales,Ce jour marque le point médian exact de l'année 2029.,
Dernier Quartier,2029-07-03,,Astronomie|Lunaire,Phase lunaire : Dernier Quartier.,
Festival d'Avignon — Ouverture,2029-07-05,,Culture|Théâtre,Créé par Jean Vilar en 1947 dans la cour du Palais des Papes.,
Commémoration de la Rafle du Vél d'Hiv,2029-07-08,,Mémoire|Société,"Les 16-17 juillet 1942, la police française arrêta 13 152 Juifs à Paris.",
Nouvelle Lune,2029-07-11,,Astronomie|Lunaire,La face de la Lune tournée vers la Terre n'est pas éclairée — elle est invisible dans le ciel.,
Fête Nationale,2029-07-14,,Jours fériés|Société|Dates spéciales,Commémore la prise de la Bastille le 14 juillet 1789.,
Fête nationale,2029-07-14,,Jours fériés,"Commémore la prise de la Bastille le 14 juillet 1789, symbole de la Révolution française. Jour férié depuis 1880. Défilé militaire sur les Champs-Élysées, bals des pompiers et feux d'artifice dans toute la France.",
Premier Quartier,2029-07-18,,Astronomie|Lunaire,La moitié droite de la Lune est éclairée. Mi-chemin entre la Nouvelle Lune et la Pleine Lune.,
Pleine Lune,2029-07-25,,Astronomie|Lunaire,La face de la Lune est entièrement éclairée par le Soleil.,
Dernier Quartier,2029-08-02,,Astronomie|Lunaire,Phase lunaire : Dernier Quartier.,
Nuit des Étoiles,2029-08-04,,Astronomie|Éducation|Culture,Organisée chaque premier week-end d'août par l'Association Française d'Astronomie depuis 1991.,
Nouvelle Lune,2029-08-10,,Astronomie|Lunaire,La face de la Lune tournée vers la Terre n'est pas éclairée — elle est invisible dans le ciel.,
Assomption,2029-08-15,,Jours fériés,"Célèbre l'élévation de la Vierge Marie au ciel. Fête chrétienne ancienne, jour férié en France depuis le Concordat de 1802. Elle tombe en plein cœur de l'été, au milieu des grandes vacances.",
Assomption de Marie,2029-08-15,,Christianisme|Jours fériés,Célèbre l'élévation de la Vierge Marie au ciel.,
Premier Quartier,2029-08-16,,Astronomie|Lunaire,La moitié droite de la Lune est éclairée. Mi-chemin entre la Nouvelle Lune et la Pleine Lune.,
Pleine Lune,2029-08-24,,Astronomie|Lunaire,La face de la Lune est entièrement éclairée par le Soleil.,
Braderie de Lille,2029-09-01,,Culture|Commerce,"Plus grande braderie d'Europe, organisée le premier week-end de septembre à Lille.",
Dernier Quartier,2029-09-01,,Astronomie|Lunaire,Phase lunaire : Dernier Quartier.,
Rentrée des classes,2029-09-02,,Éducation|Société,La rentrée de septembre mobilise 12 millions d'élèves et 870 000 enseignants en France.,
Nouvelle Lune,2029-09-08,,Astronomie|Lunaire,La face de la Lune tournée vers la Terre n'est pas éclairée — elle est invisible dans le ciel.,
Journées du Patrimoine,2029-09-15,,Culture|Société,"Créées en France en 1984 par Jack Lang, étendues à toute l'Europe en 1991.",
Premier Quartier,2029-09-15,,Astronomie|Lunaire,La moitié droite de la Lune est éclairée. Mi-chemin entre la Nouvelle Lune et la Pleine Lune.,
Début de l'Automne — Équinoxe d'automne,2029-09-22,,Saisons|Astronomie,L'équinoxe d'automne marque le début de l'automne.,
Journée mondiale sans voiture,2029-09-22,,Environnement|Société,Lancée en France en 1998 par La Rochelle.,
Pleine Lune,2029-09-22,,Astronomie|Lunaire,La face de la Lune est entièrement éclairée par le Soleil.,
Dernier Quartier,2029-09-30,,Astronomie|Lunaire,Phase lunaire : Dernier Quartier.,
Journée mondiale du cacao et du chocolat,2029-10-01,,Gastronomie|Culture,Célébrée le 1er octobre et associée à l'Organisation internationale du cacao (ICCO).,
Lancement d'Octobre Rose,2029-10-01,,Santé,Tout octobre est dédié à la sensibilisation au cancer du sein.,
Nuit Blanche,2029-10-06,,Culture,Initiée à Paris en 2002 par le maire Bertrand Delanoë.,
Fête des Grands-Pères,2029-10-07,,Fêtes|Culture,"Créée en 2008, elle a lieu chaque premier dimanche d'octobre.",
Nouvelle Lune,2029-10-07,,Astronomie|Lunaire,La face de la Lune tournée vers la Terre n'est pas éclairée — elle est invisible dans le ciel.,
Semaine du Goût,2029-10-08,,Gastronomie|Culture,Créée en 1990 par le chef Joël Robuchon.,
Journée mondiale de la santé mentale,2029-10-10,,Santé|Société,Créée par la Fédération Mondiale pour la Santé Mentale en 1992.,
Premier Quartier,2029-10-14,,Astronomie|Lunaire,La moitié droite de la Lune est éclairée. Mi-chemin entre la Nouvelle Lune et la Pleine Lune.,
Journée mondiale de l'alimentation,2029-10-16,,Gastronomie|Société|Santé,Commémore la fondation de la FAO le 16 octobre 1945.,
Pleine Lune,2029-10-22,,Astronomie|Lunaire,La face de la Lune est entièrement éclairée par le Soleil.,
Passage à l'heure d'hiver,2029-10-28,,Changement d'heure,"Dans la nuit du samedi au dimanche, les montres reculent d'une heure (3h → 2h).",
Dernier Quartier,2029-10-30,,Astronomie|Lunaire,Phase lunaire : Dernier Quartier.,
Halloween,2029-10-31,,Culture|Fêtes,Fête d'origine celtique (la nuit de Samain) christianisée puis popularisée par la diaspora irlandaise.,
Journée nationale de l'arbre,2029-11-01,,Environnement,Célébrée chaque premier jeudi de novembre.,
Lancement du Mois sans Tabac,2029-11-01,,Santé,Lancé en France en 2016 par Santé Publique France.,
Toussaint,2029-11-01,,Jours fériés|Christianisme,"Fête de tous les saints, instituée par le pape Grégoire IV en 835. En France, la tradition de fleurir les tombes avec des chrysanthèmes s'est greffée dessus — ces fleurs sont désormais intimement liées à ce jour.",
Pont possible — Toussaint,2029-11-02,,Ponts / Congés,Toussaint tombe un jeudi le 01/11/2029. Le vendredi 02/11/2029 est un pont potentiel — vérifiez auprès de votre employeur.,
Nouvelle Lune,2029-11-06,,Astronomie|Lunaire,La face de la Lune tournée vers la Terre n'est pas éclairée — elle est invisible dans le ciel.,
Armistice 1918,2029-11-11,,Jours fériés,"Le 11 novembre 1918 à 11h, l'armistice met fin à la Première Guerre mondiale après quatre ans de combats. Jour férié depuis 1922. Chaque commune française a son monument aux morts — 36 000 érigés entre 1920 et 1925.",
Armistice de 1918 — Journée du Souvenir,2029-11-11,,Jours fériés|Mémoire|Dates spéciales,"Le 11 novembre 1918 à 11h, l'armistice met fin à la Première Guerre mondiale.",
Premier Quartier,2029-11-13,,Astronomie|Lunaire,La moitié droite de la Lune est éclairée. Mi-chemin entre la Nouvelle Lune et la Pleine Lune.,
Beaujolais Nouveau,2029-11-15,,Gastronomie|Culture|Commercial,"Chaque troisième jeudi de novembre, le Beaujolais Nouveau est mis en vente.",
Journée internationale des droits de l'enfant,2029-11-20,,Société,Commémore l'adoption de la Convention des Nations Unies relative aux droits de l'enfant.,
Pleine Lune,2029-11-21,,Astronomie|Lunaire,La face de la Lune est entièrement éclairée par le Soleil.,
Dernier Quartier,2029-11-29,,Astronomie|Lunaire,Phase lunaire : Dernier Quartier.,
Fête de la Bretagne,2029-11-30,,Culture|Société,Célébrée le 30 novembre (Saint-André) depuis les années 1990.,
Journée mondiale des personnes handicapées,2029-12-03,,Société,Instaurée par l'ONU en 1992.,
Journée mondiale du Bénévolat,2029-12-05,,Société,Créée par l'ONU en 1985.,
Nouvelle Lune,2029-12-05,,Astronomie|Lunaire,La face de la Lune tournée vers la Terre n'est pas éclairée — elle est invisible dans le ciel.,
Saint-Nicolas,2029-12-06,,Christianisme|Culture|Fêtes,"Fête de Nicolas de Myre, évêque du IVe siècle devenu patron des enfants.",
Journée de la Laïcité,2029-12-09,,Société|Dates spéciales,Commémore la loi du 9 décembre 1905 séparant les Églises de l'État.,
Premier Quartier,2029-12-12,,Astronomie|Lunaire,La moitié droite de la Lune est éclairée. Mi-chemin entre la Nouvelle Lune et la Pleine Lune.,
Pleine Lune,2029-12-20,,Astronomie|Lunaire,La face de la Lune est entièrement éclairée par le Soleil.,
Début de l'Hiver — Solstice d'hiver,2029-12-21,,Saisons|Astronomie,Le solstice d'hiver est le jour le plus court de l'année.,
Jour le plus court de l'année,2029-12-21,,Saisons|Astronomie,Le 21 December est le jour le plus court de l'année 2029.,
Pont possible — Noël,2029-12-24,,Ponts / Congés,Noël tombe un mardi le 25/12/2029. Le lundi 24/12/2029 est un pont potentiel — vérifiez auprès de votre employeur.,
Noël,2029-12-25,,Jours fériés|Christianisme|Fêtes,"Célèbre la naissance du Christ. La date du 25 décembre a été fixée au IVe siècle sur une fête solaire romaine préexistante. Le sapin, la bûche et les cadeaux sont des traditions popularisées bien plus tard, au XIXe siècle.",
Saint-Étienne,2029-12-26,,Jours fériés|Christianisme,"Le 26 décembre est férié uniquement en Alsace-Moselle (depts 57, 67, 68). Fête de saint Étienne, premier martyr chrétien.",AM
Dernier Quartier,2029-12-28,,Astronomie|Lunaire,Phase lunaire : Dernier Quartier.,
Dernier jour de l'année,2029-12-31,,Dates spéciales,Clôture de l'année civile 2029.,
Fin d'une décennie,2029-12-31,,Dates spéciales,Le 31 décembre 2029 clôture la décennie 2020–2029.,
Pont possible — Jour de l'an,2029-12-31,,Ponts / Congés,Jour de l'an tombe un mardi le 01/01/2030. Le lundi 31/12/2029 est un pont potentiel — vérifiez auprès de votre employeur.,
Saint-Sylvestre / Réveillon du Nouvel An,2029-12-31,,Fêtes|Culture,"Dernier jour de l'année, nommé d'après le pape Sylvestre Ier mort ce jour en 335.",
Début d'une nouvelle décennie,2030-01-01,,Dates spéciales,Le 1er janvier 2030 ouvre la décennie 2030–2039.,
Jour de l'an,2030-01-01,,Jours fériés,Premier jour de l'année civile grégorienne. La tradition des vœux existe depuis l'Antiquité romaine. Le gui porte-bonheur vient d'une coutume druidique bien antérieure au christianisme.,
Nouvelle Lune,2030-01-04,,Astronomie|Lunaire,La face de la Lune tournée vers la Terre n'est pas éclairée — elle est invisible dans le ciel.,
Épiphanie,2030-01-06,,Christianisme|Culture|Gastronomie,"Célèbre la visite des Rois Mages à Jésus, 12 jours après Noël.",
Premier Quartier,2030-01-11,,Astronomie|Lunaire,La moitié droite de la Lune est éclairée. Mi-chemin entre la Nouvelle Lune et la Pleine Lune.,
Pleine Lune,2030-01-19,,Astronomie|Lunaire,La face de la Lune est entièrement éclairée par le Soleil.,
Journée internationale de l'Éducation,2030-01-24,,Éducation|Société,Proclamée par l'ONU en 2019.,
Dernier Quartier,2030-01-26,,Astronomie|Lunaire,Phase lunaire : Dernier Quartier.,
Journée nationale de la Mémoire de la Shoah,2030-01-27,,Mémoire|Société,Commémore la libération du camp d'Auschwitz le 27 janvier 1945.,
Chandeleur,2030-02-02,,Culture|Christianisme|Gastronomie,"Fête de la Présentation de Jésus au Temple, 40 jours après Noël.",
Journée mondiale des zones humides,2030-02-02,,Environnement,Commémore la Convention de Ramsar signée le 2 février 1971.,
Nouvelle Lune,2030-02-02,,Astronomie|Lunaire,La face de la Lune tournée vers la Terre n'est pas éclairée — elle est invisible dans le ciel.,
Date palindrome,2030-02-03,,Dates spéciales,La date du 03/02/2030 se lit de la même façon dans les deux sens (03022030).,
Journée mondiale contre le cancer,2030-02-04,,Santé,Initiée par l'Union Internationale Contre le Cancer depuis 2000.,
Premier Quartier,2030-02-10,,Astronomie|Lunaire,La moitié droite de la Lune est éclairée. Mi-chemin entre la Nouvelle Lune et la Pleine Lune.,
Saint-Valentin,2030-02-14,,Fêtes|Culture,Fête des amoureux le 14 février.,
Pleine Lune,2030-02-18,,Astronomie|Lunaire,La face de la Lune est entièrement éclairée par le Soleil.,
Salon de l'Agriculture — Ouverture,2030-02-23,,Gastronomie|Agriculture|Culture,Le Salon International de l'Agriculture se tient chaque fin février à Paris.,
Dernier Quartier,2030-02-25,,Astronomie|Lunaire,Phase lunaire : Dernier Quartier.,
Fête des Grands-Mères,2030-03-03,,Fêtes|Culture,Créée en 1987 par la marque de café Grand'Mère.,
Nouvelle Lune,2030-03-04,,Astronomie|Lunaire,La face de la Lune tournée vers la Terre n'est pas éclairée — elle est invisible dans le ciel.,
Mardi Gras,2030-03-05,,Christianisme|Culture|Fêtes,"Dernier jour avant le Carême, où la tradition voulait qu'on fasse bombance avant l'abstinence.",
Début du Carême,2030-03-06,,Christianisme,"Le Carême commence le Mercredi des Cendres, 46 jours avant Pâques.",
Journée internationale des femmes,2030-03-08,,Société,Issue des luttes ouvrières du début du XXe siècle en Europe et aux États-Unis.,
Premier Quartier,2030-03-12,,Astronomie|Lunaire,La moitié droite de la Lune est éclairée. Mi-chemin entre la Nouvelle Lune et la Pleine Lune.,
Saint-Patrick,2030-03-17,,Culture|Fêtes,"Fête nationale irlandaise le 17 mars, commémorant la mort de saint Patrick (461).",
Pleine Lune,2030-03-19,,Astronomie|Lunaire,La face de la Lune est entièrement éclairée par le Soleil.,
Début du Printemps — Équinoxe de printemps,2030-03-20,,Saisons|Astronomie,L'équinoxe de printemps marque le début astronomique du printemps.,
Journée nationale de lutte contre les discriminations,2030-03-21,,Société,Créée par l'ONU en 1966 en mémoire du massacre de Sharpeville.,
Journée mondiale de l'eau,2030-03-22,,Environnement|Société,Proclamée par l'ONU en 1993.,
Dernier Quartier,2030-03-26,,Astronomie|Lunaire,Phase lunaire : Dernier Quartier.,
Passage à l'heure d'été,2030-03-31,,Changement d'heure,"Dans la nuit du samedi au dimanche, les montres avancent d'une heure (2h → 3h).",
Poisson d'avril,2030-04-01,,Culture,Journée des farces et des canulars.,
Nouvelle Lune,2030-04-03,,Astronomie|Lunaire,La face de la Lune tournée vers la Terre n'est pas éclairée — elle est invisible dans le ciel.,
Journée mondiale de la Santé,2030-04-07,,Santé,Commémore la fondation de l'OMS le 7 avril 1948.,
Premier Quartier,2030-04-11,,Astronomie|Lunaire,La moitié droite de la Lune est éclairée. Mi-chemin entre la Nouvelle Lune et la Pleine Lune.,
Dimanche des Rameaux,2030-04-14,,Christianisme,Ouvre la Semaine Sainte en rappelant l'entrée triomphale de Jésus à Jérusalem.,
Pleine Lune,2030-04-18,,Astronomie|Lunaire,La face de la Lune est entièrement éclairée par le Soleil.,
Vendredi Saint,2030-04-19,,Jours fériés|Christianisme,"Commémore la crucifixion du Christ. Jour férié uniquement en Alsace-Moselle (départements 57, 67, 68) en vertu du régime concordataire.",AM
Vendredi Saint,2030-04-19,,Christianisme,Commémore la crucifixion du Christ. Non férié en France depuis la loi de 1905 — sauf en Alsace-Moselle.,
Pâques,2030-04-21,,Christianisme,Fête chrétienne célébrant la résurrection du Christ. Sa date varie chaque année car elle suit le calendrier lunaire.,
Jour de la Terre,2030-04-22,,Environnement|Société,Né le 22 avril 1970 après une marée noire en Californie.,
Lundi de Pâques,2030-04-22,,Jours fériés|Christianisme,"Jour férié qui prolonge le dimanche de Pâques. La tradition des œufs vient du Carême : l'Église interdisait d'en manger pendant 40 jours, on offrait donc à Pâques ceux accumulés.",
Dernier Quartier,2030-04-24,,Astronomie|Lunaire,Phase lunaire : Dernier Quartier.,
Fête du Travail,2030-05-01,,Jours fériés|Société,"Commémore la grève de Chicago du 1er mai 1886 pour les 8 heures de travail, réprimée dans le sang. Férié et chômé en France depuis 1947. La tradition d'offrir du muguet vient d'une coutume de Charles IX datant de 1561.",
Nouvelle Lune,2030-05-02,,Astronomie|Lunaire,La face de la Lune tournée vers la Terre n'est pas éclairée — elle est invisible dans le ciel.,
Fête de la Victoire 1945,2030-05-08,,Jours fériés,"Le 8 mai 1945, l'Allemagne nazie signe sa capitulation sans condition, mettant fin à la guerre en Europe. Férié depuis 1953, supprimé par Giscard en 1975, puis rétabli par Mitterrand en 1981.",
Abolition de l'esclavage en France — Commémoration,2030-05-10,,Mémoire|Société,Journée nationale instaurée par la loi Taubira de 2001.,
Premier Quartier,2030-05-10,,Astronomie|Lunaire,La moitié droite de la Lune est éclairée. Mi-chemin entre la Nouvelle Lune et la Pleine Lune.,
Festival de Cannes — Ouverture,2030-05-14,,Culture|Cinéma,"Le Festival International du Film de Cannes, créé en 1946.",
Pleine Lune,2030-05-17,,Astronomie|Lunaire,La face de la Lune est entièrement éclairée par le Soleil.,
Nuit des Musées,2030-05-18,,Culture,Créée en France en 2005 et étendue à toute l'Europe.,
Journée mondiale de la biodiversité,2030-05-22,,Environnement,Commémore l'adoption de la Convention sur la Diversité Biologique à Rio.,
Dernier Quartier,2030-05-24,,Astronomie|Lunaire,Phase lunaire : Dernier Quartier.,
Fête des Mères,2030-05-26,,Fêtes|Culture,"Célébrée le dernier dimanche de mai, sauf si c'est la Pentecôte.",
Journée nationale de la Résistance,2030-05-27,,Mémoire|Société,"Le 27 mai 1943, Jean Moulin préside la première réunion secrète du CNR.",
Ascension,2030-05-30,,Jours fériés|Christianisme,"Fête chrétienne commémorant la montée du Christ au ciel, 40 jours après Pâques. Toujours un jeudi, ce qui en fait naturellement un pont avec le vendredi.",
Fête des Voisins,2030-05-31,,Société,Créée en 2000 pour lutter contre l'isolement urbain.,
Journée mondiale sans tabac,2030-05-31,,Santé,Lancée par l'OMS en 1987.,
Pont possible — Ascension,2030-05-31,,Ponts / Congés,Ascension tombe un jeudi le 30/05/2030. Le vendredi 31/05/2030 est un pont potentiel — vérifiez auprès de votre employeur.,
Nouvelle Lune,2030-06-01,,Astronomie|Lunaire,La face de la Lune tournée vers la Terre n'est pas éclairée — elle est invisible dans le ciel.,
Débarquement en Normandie — Commémoration du Jour J,2030-06-06,,Mémoire|Dates spéciales,"Le 6 juin 1944, 156 000 soldats alliés débarquent sur les plages de Normandie.",
Journée mondiale de l'océan,2030-06-08,,Environnement,Proposée lors du Sommet de la Terre de Rio en 1992.,
Pentecôte,2030-06-09,,Christianisme,"Célèbre la descente de l'Esprit Saint sur les apôtres, 50 jours après Pâques.",
Premier Quartier,2030-06-09,,Astronomie|Lunaire,La moitié droite de la Lune est éclairée. Mi-chemin entre la Nouvelle Lune et la Pleine Lune.,
Lundi de Pentecôte,2030-06-10,,Jours fériés|Christianisme,"Jour férié désigné depuis 2004 Journée de solidarité envers les personnes âgées. Les salariés travaillent ce jour sans rémunération supplémentaire, finançant ainsi la prise en charge de la dépendance — instauré après la canicule de 2003 qui fit 15 000 morts en France.",
Pleine Lune,2030-06-15,,Astronomie|Lunaire,La face de la Lune est entièrement éclairée par le Soleil.,
Fête des Pères,2030-06-16,,Fêtes|Culture,"Née aux États-Unis en 1910, introduite en France dans les années 1950.",
Appel du 18 juin 1940 — Anniversaire,2030-06-18,,Mémoire|Dates spéciales,"Le 18 juin 1940, de Gaulle lance depuis Londres un appel à la Résistance sur la BBC.",
Début de l'Été — Solstice d'été,2030-06-21,,Saisons|Astronomie,Le solstice d'été est le jour le plus long de l'année.,
Fête de la Musique,2030-06-21,,Culture|Fêtes,Créée en 1982 par le ministre Jack Lang.,
Jour le plus long de l'année,2030-06-21,,Saisons|Astronomie,Le 21 June est le jour le plus long de l'année 2030.,
Dernier Quartier,2030-06-22,,Astronomie|Lunaire,Phase lunaire : Dernier Quartier.,
Fête du Cinéma,2030-06-23,,Culture|Cinéma,"Créée en 1985, elle propose chaque fin juin des places à tarif réduit.",
Nouvelle Lune,2030-06-30,,Astronomie|Lunaire,La face de la Lune tournée vers la Terre n'est pas éclairée — elle est invisible dans le ciel.,
Milieu de l'année,2030-07-02,,Dates spéciales,Ce jour marque le point médian exact de l'année 2030.,
Festival d'Avignon — Ouverture,2030-07-05,,Culture|Théâtre,Créé par Jean Vilar en 1947 dans la cour du Palais des Papes.,
Premier Quartier,2030-07-08,,Astronomie|Lunaire,La moitié droite de la Lune est éclairée. Mi-chemin entre la Nouvelle Lune et la Pleine Lune.,
Commémoration de la Rafle du Vél d'Hiv,2030-07-14,,Mémoire|Société,"Les 16-17 juillet 1942, la police française arrêta 13 152 Juifs à Paris.",
Fête Nationale,2030-07-14,,Jours fériés|Société|Dates spéciales,Commémore la prise de la Bastille le 14 juillet 1789.,
Fête nationale,2030-07-14,,Jours fériés,"Commémore la prise de la Bastille le 14 juillet 1789, symbole de la Révolution française. Jour férié depuis 1880. Défilé militaire sur les Champs-Élysées, bals des pompiers et feux d'artifice dans toute la France.",
Pleine Lune,2030-07-15,,Astronomie|Lunaire,La face de la Lune est entièrement éclairée par le Soleil.,
Dernier Quartier,2030-07-22,,Astronomie|Lunaire,Phase lunaire : Dernier Quartier.,
Nouvelle Lune,2030-07-30,,Astronomie|Lunaire,La face de la Lune tournée vers la Terre n'est pas éclairée — elle est invisible dans le ciel.,
Nuit des Étoiles,2030-08-03,,Astronomie|Éducation|Culture,Organisée chaque premier week-end d'août par l'Association Française d'Astronomie depuis 1991.,
Premier Quartier,2030-08-06,,Astronomie|Lunaire,La moitié droite de la Lune est éclairée. Mi-chemin entre la Nouvelle Lune et la Pleine Lune.,
Pleine Lune,2030-08-13,,Astronomie|Lunaire,La face de la Lune est entièrement éclairée par le Soleil.,
Assomption,2030-08-15,,Jours fériés,"Célèbre l'élévation de la Vierge Marie au ciel. Fête chrétienne ancienne, jour férié en France depuis le Concordat de 1802. Elle tombe en plein cœur de l'été, au milieu des grandes vacances.",
Assomption de Marie,2030-08-15,,Christianisme|Jours fériés,Célèbre l'élévation de la Vierge Marie au ciel.,
Pont possible — Assomption,2030-08-16,,Ponts / Congés,Assomption tombe un jeudi le 15/08/2030. Le vendredi 16/08/2030 est un pont potentiel — vérifiez auprès de votre employeur.,
Dernier Quartier,2030-08-21,,Astronomie|Lunaire,Phase lunaire : Dernier Quartier.,
Nouvelle Lune,2030-08-29,,Astronomie|Lunaire,La face de la Lune tournée vers la Terre n'est pas éclairée — elle est invisible dans le ciel.,
Rentrée des classes,2030-09-02,,Éducation|Société,La rentrée de septembre mobilise 12 millions d'élèves et 870 000 enseignants en France.,
Premier Quartier,2030-09-04,,Astronomie|Lunaire,La moitié droite de la Lune est éclairée. Mi-chemin entre la Nouvelle Lune et la Pleine Lune.,
Braderie de Lille,2030-09-07,,Culture|Commerce,"Plus grande braderie d'Europe, organisée le premier week-end de septembre à Lille.",
Pleine Lune,2030-09-11,,Astronomie|Lunaire,La face de la Lune est entièrement éclairée par le Soleil.,
Dernier Quartier,2030-09-19,,Astronomie|Lunaire,Phase lunaire : Dernier Quartier.,
Journées du Patrimoine,2030-09-21,,Culture|Société,"Créées en France en 1984 par Jack Lang, étendues à toute l'Europe en 1991.",
Début de l'Automne — Équinoxe d'automne,2030-09-22,,Saisons|Astronomie,L'équinoxe d'automne marque le début de l'automne.,
Journée mondiale sans voiture,2030-09-22,,Environnement|Société,Lancée en France en 1998 par La Rochelle.,
Nouvelle Lune,2030-09-27,,Astronomie|Lunaire,La face de la Lune tournée vers la Terre n'est pas éclairée — elle est invisible dans le ciel.,
Journée mondiale du cacao et du chocolat,2030-10-01,,Gastronomie|Culture,Célébrée le 1er octobre et associée à l'Organisation internationale du cacao (ICCO).,
Lancement d'Octobre Rose,2030-10-01,,Santé,Tout octobre est dédié à la sensibilisation au cancer du sein.,
Premier Quartier,2030-10-04,,Astronomie|Lunaire,La moitié droite de la Lune est éclairée. Mi-chemin entre la Nouvelle Lune et la Pleine Lune.,
Nuit Blanche,2030-10-05,,Culture,Initiée à Paris en 2002 par le maire Bertrand Delanoë.,
Fête des Grands-Pères,2030-10-06,,Fêtes|Culture,"Créée en 2008, elle a lieu chaque premier dimanche d'octobre.",
Journée mondiale de la santé mentale,2030-10-10,,Santé|Société,Créée par la Fédération Mondiale pour la Santé Mentale en 1992.,
Pleine Lune,2030-10-11,,Astronomie|Lunaire,La face de la Lune est entièrement éclairée par le Soleil.,
Semaine du Goût,2030-10-14,,Gastronomie|Culture,Créée en 1990 par le chef Joël Robuchon.,
Journée mondiale de l'alimentation,2030-10-16,,Gastronomie|Société|Santé,Commémore la fondation de la FAO le 16 octobre 1945.,
Dernier Quartier,2030-10-19,,Astronomie|Lunaire,Phase lunaire : Dernier Quartier.,
Nouvelle Lune,2030-10-26,,Astronomie|Lunaire,La face de la Lune tournée vers la Terre n'est pas éclairée — elle est invisible dans le ciel.,
Passage à l'heure d'hiver,2030-10-27,,Changement d'heure,"Dans la nuit du samedi au dimanche, les montres reculent d'une heure (3h → 2h).",
Halloween,2030-10-31,,Culture|Fêtes,Fête d'origine celtique (la nuit de Samain) christianisée puis popularisée par la diaspora irlandaise.,
Lancement du Mois sans Tabac,2030-11-01,,Santé,Lancé en France en 2016 par Santé Publique France.,
Toussaint,2030-11-01,,Jours fériés|Christianisme,"Fête de tous les saints, instituée par le pape Grégoire IV en 835. En France, la tradition de fleurir les tombes avec des chrysanthèmes s'est greffée dessus — ces fleurs sont désormais intimement liées à ce jour.",
Premier Quartier,2030-11-02,,Astronomie|Lunaire,La moitié droite de la Lune est éclairée. Mi-chemin entre la Nouvelle Lune et la Pleine Lune.,
Journée nationale de l'arbre,2030-11-07,,Environnement,Célébrée chaque premier jeudi de novembre.,
Pleine Lune,2030-11-10,,Astronomie|Lunaire,La face de la Lune est entièrement éclairée par le Soleil.,
Armistice 1918,2030-11-11,,Jours fériés,"Le 11 novembre 1918 à 11h, l'armistice met fin à la Première Guerre mondiale après quatre ans de combats. Jour férié depuis 1922. Chaque commune française a son monument aux morts — 36 000 érigés entre 1920 et 1925.",
Armistice de 1918 — Journée du Souvenir,2030-11-11,,Jours fériés|Mémoire|Dates spéciales,"Le 11 novembre 1918 à 11h, l'armistice met fin à la Première Guerre mondiale.",
Dernier Quartier,2030-11-18,,Astronomie|Lunaire,Phase lunaire : Dernier Quartier.,
Journée internationale des droits de l'enfant,2030-11-20,,Société,Commémore l'adoption de la Convention des Nations Unies relative aux droits de l'enfant.,
Beaujolais Nouveau,2030-11-21,,Gastronomie|Culture|Commercial,"Chaque troisième jeudi de novembre, le Beaujolais Nouveau est mis en vente.",
Nouvelle Lune,2030-11-25,,Astronomie|Lunaire,La face de la Lune tournée vers la Terre n'est pas éclairée — elle est invisible dans le ciel.,
Fête de la Bretagne,2030-11-30,,Culture|Société,Célébrée le 30 novembre (Saint-André) depuis les années 1990.,
Premier Quartier,2030-12-01,,Astronomie|Lunaire,La moitié droite de la Lune est éclairée. Mi-chemin entre la Nouvelle Lune et la Pleine Lune.,
Journée mondiale des personnes handicapées,2030-12-03,,Société,Instaurée par l'ONU en 1992.,
Journée mondiale du Bénévolat,2030-12-05,,Société,Créée par l'ONU en 1985.,
Saint-Nicolas,2030-12-06,,Christianisme|Culture|Fêtes,"Fête de Nicolas de Myre, évêque du IVe siècle devenu patron des enfants.",
Journée de la Laïcité,2030-12-09,,Société|Dates spéciales,Commémore la loi du 9 décembre 1905 séparant les Églises de l'État.,
Pleine Lune,2030-12-09,,Astronomie|Lunaire,La face de la Lune est entièrement éclairée par le Soleil.,
Dernier Quartier,2030-12-18,,Astronomie|Lunaire,Phase lunaire : Dernier Quartier.,
Début de l'Hiver — Solstice d'hiver,2030-12-21,,Saisons|Astronomie,Le solstice d'hiver est le jour le plus court de l'année.,
Jour le plus court de l'année,2030-12-21,,Saisons|Astronomie,Le 21 December est le jour le plus court de l'année 2030.,
Nouvelle Lune,2030-12-24,,Astronomie|Lunaire,La face de la Lune tournée vers la Terre n'est pas éclairée — elle est invisible dans le ciel.,
Noël,2030-12-25,,Jours fériés|Christianisme|Fêtes,"Célèbre la naissance du Christ. La date du 25 décembre a été fixée au IVe siècle sur une fête solaire romaine préexistante. Le sapin, la bûche et les cadeaux sont des traditions popularisées bien plus tard, au XIXe siècle.",
Saint-Étienne,2030-12-26,,Jours fériés|Christianisme,"Le 26 décembre est férié uniquement en Alsace-Moselle (depts 57, 67, 68). Fête de saint Étienne, premier martyr chrétien.",AM
Dernier jour de l'année,2030-12-31,,Dates spéciales,Clôture de l'année civile 2030.,
Premier Quartier,2030-12-31,,Astronomie|Lunaire,La moitié droite de la Lune est éclairée. Mi-chemin entre la Nouvelle Lune et la Pleine Lune.,
Saint-Sylvestre / Réveillon du Nouvel An,2030-12-31,,Fêtes|Culture,"Dernier jour de l'année, nommé d'après le pape Sylvestre Ier mort ce jour en 335.",
Jour de l'an,2031-01-01,,Jours fériés,Premier jour de l'année civile grégorienne. La tradition des vœux existe depuis l'Antiquité romaine. Le gui porte-bonheur vient d'une coutume druidique bien antérieure au christianisme.,
Épiphanie,2031-01-06,,Christianisme|Culture|Gastronomie,"Célèbre la visite des Rois Mages à Jésus, 12 jours après Noël.",
Pleine Lune,2031-01-08,,Astronomie|Lunaire,La face de la Lune est entièrement éclairée par le Soleil.,
Dernier Quartier,2031-01-16,,Astronomie|Lunaire,Phase lunaire : Dernier Quartier.,
Nouvelle Lune,2031-01-23,,Astronomie|Lunaire,La face de la Lune tournée vers la Terre n'est pas éclairée — elle est invisible dans le ciel.,
Journée internationale de l'Éducation,2031-01-24,,Éducation|Société,Proclamée par l'ONU en 2019.,
Journée nationale de la Mémoire de la Shoah,2031-01-27,,Mémoire|Société,Commémore la libération du camp d'Auschwitz le 27 janvier 1945.,
Premier Quartier,2031-01-30,,Astronomie|Lunaire,La moitié droite de la Lune est éclairée. Mi-chemin entre la Nouvelle Lune et la Pleine Lune.,
Chandeleur,2031-02-02,,Culture|Christianisme|Gastronomie,"Fête de la Présentation de Jésus au Temple, 40 jours après Noël.",
Journée mondiale des zones humides,2031-02-02,,Environnement,Commémore la Convention de Ramsar signée le 2 février 1971.,
Journée mondiale contre le cancer,2031-02-04,,Santé,Initiée par l'Union Internationale Contre le Cancer depuis 2000.,
Pleine Lune,2031-02-07,,Astronomie|Lunaire,La face de la Lune est entièrement éclairée par le Soleil.,
Date palindrome,2031-02-13,,Dates spéciales,La date du 13/02/2031 se lit de la même façon dans les deux sens (13022031).,
Dernier Quartier,2031-02-14,,Astronomie|Lunaire,Phase lunaire : Dernier Quartier.,
Saint-Valentin,2031-02-14,,Fêtes|Culture,Fête des amoureux le 14 février.,
Nouvelle Lune,2031-02-21,,Astronomie|Lunaire,La face de la Lune tournée vers la Terre n'est pas éclairée — elle est invisible dans le ciel.,
Salon de l'Agriculture — Ouverture,2031-02-22,,Gastronomie|Agriculture|Culture,Le Salon International de l'Agriculture se tient chaque fin février à Paris.,
Mardi Gras,2031-02-25,,Christianisme|Culture|Fêtes,"Dernier jour avant le Carême, où la tradition voulait qu'on fasse bombance avant l'abstinence.",
Début du Carême,2031-02-26,,Christianisme,"Le Carême commence le Mercredi des Cendres, 46 jours avant Pâques.",
Premier Quartier,2031-03-01,,Astronomie|Lunaire,La moitié droite de la Lune est éclairée. Mi-chemin entre la Nouvelle Lune et la Pleine Lune.,
Fête des Grands-Mères,2031-03-02,,Fêtes|Culture,Créée en 1987 par la marque de café Grand'Mère.,
Journée internationale des femmes,2031-03-08,,Société,Issue des luttes ouvrières du début du XXe siècle en Europe et aux États-Unis.,
Pleine Lune,2031-03-09,,Astronomie|Lunaire,La face de la Lune est entièrement éclairée par le Soleil.,
Dernier Quartier,2031-03-16,,Astronomie|Lunaire,Phase lunaire : Dernier Quartier.,
Saint-Patrick,2031-03-17,,Culture|Fêtes,"Fête nationale irlandaise le 17 mars, commémorant la mort de saint Patrick (461).",
Début du Printemps — Équinoxe de printemps,2031-03-20,,Saisons|Astronomie,L'équinoxe de printemps marque le début astronomique du printemps.,
Journée nationale de lutte contre les discriminations,2031-03-21,,Société,Créée par l'ONU en 1966 en mémoire du massacre de Sharpeville.,
Journée mondiale de l'eau,2031-03-22,,Environnement|Société,Proclamée par l'ONU en 1993.,
Nouvelle Lune,2031-03-23,,Astronomie|Lunaire,La face de la Lune tournée vers la Terre n'est pas éclairée — elle est invisible dans le ciel.,
Passage à l'heure d'été,2031-03-30,,Changement d'heure,"Dans la nuit du samedi au dimanche, les montres avancent d'une heure (2h → 3h).",
Premier Quartier,2031-03-31,,Astronomie|Lunaire,La moitié droite de la Lune est éclairée. Mi-chemin entre la Nouvelle Lune et la Pleine Lune.,
Poisson d'avril,2031-04-01,,Culture,Journée des farces et des canulars.,
Dimanche des Rameaux,2031-04-06,,Christianisme,Ouvre la Semaine Sainte en rappelant l'entrée triomphale de Jésus à Jérusalem.,
Journée mondiale de la Santé,2031-04-07,,Santé,Commémore la fondation de l'OMS le 7 avril 1948.,
Pleine Lune,2031-04-07,,Astronomie|Lunaire,La face de la Lune est entièrement éclairée par le Soleil.,
Vendredi Saint,2031-04-11,,Jours fériés|Christianisme,"Commémore la crucifixion du Christ. Jour férié uniquement en Alsace-Moselle (départements 57, 67, 68) en vertu du régime concordataire.",AM
Vendredi Saint,2031-04-11,,Christianisme,Commémore la crucifixion du Christ. Non férié en France depuis la loi de 1905 — sauf en Alsace-Moselle.,
Pâques,2031-04-13,,Christianisme,Fête chrétienne célébrant la résurrection du Christ. Sa date varie chaque année car elle suit le calendrier lunaire.,
Dernier Quartier,2031-04-14,,Astronomie|Lunaire,Phase lunaire : Dernier Quartier.,
Lundi de Pâques,2031-04-14,,Jours fériés|Christianisme,"Jour férié qui prolonge le dimanche de Pâques. La tradition des œufs vient du Carême : l'Église interdisait d'en manger pendant 40 jours, on offrait donc à Pâques ceux accumulés.",
Nouvelle Lune,2031-04-21,,Astronomie|Lunaire,La face de la Lune tournée vers la Terre n'est pas éclairée — elle est invisible dans le ciel.,
Jour de la Terre,2031-04-22,,Environnement|Société,Né le 22 avril 1970 après une marée noire en Californie.,
Premier Quartier,2031-04-29,,Astronomie|Lunaire,La moitié droite de la Lune est éclairée. Mi-chemin entre la Nouvelle Lune et la Pleine Lune.,
Fête du Travail,2031-05-01,,Jours fériés|Société,"Commémore la grève de Chicago du 1er mai 1886 pour les 8 heures de travail, réprimée dans le sang. Férié et chômé en France depuis 1947. La tradition d'offrir du muguet vient d'une coutume de Charles IX datant de 1561.",
Pont possible — Fête du Travail,2031-05-02,,Ponts / Congés,Fête du Travail tombe un jeudi le 01/05/2031. Le vendredi 02/05/2031 est un pont potentiel — vérifiez auprès de votre employeur.,
Pleine Lune,2031-05-07,,Astronomie|Lunaire,La face de la Lune est entièrement éclairée par le Soleil.,
Fête de la Victoire 1945,2031-05-08,,Jours fériés,"Le 8 mai 1945, l'Allemagne nazie signe sa capitulation sans condition, mettant fin à la guerre en Europe. Férié depuis 1953, supprimé par Giscard en 1975, puis rétabli par Mitterrand en 1981.",
Pont possible — Fête de la Victoire,2031-05-09,,Ponts / Congés,Fête de la Victoire tombe un jeudi le 08/05/2031. Le vendredi 09/05/2031 est un pont potentiel — vérifiez auprès de votre employeur.,
Abolition de l'esclavage en France — Commémoration,2031-05-10,,Mémoire|Société,Journée nationale instaurée par la loi Taubira de 2001.,
Dernier Quartier,2031-05-13,,Astronomie|Lunaire,Phase lunaire : Dernier Quartier.,
Festival de Cannes — Ouverture,2031-05-14,,Culture|Cinéma,"Le Festival International du Film de Cannes, créé en 1946.",
Nuit des Musées,2031-05-17,,Culture,Créée en France en 2005 et étendue à toute l'Europe.,
Nouvelle Lune,2031-05-21,,Astronomie|Lunaire,La face de la Lune tournée vers la Terre n'est pas éclairée — elle est invisible dans le ciel.,
Ascension,2031-05-22,,Jours fériés|Christianisme,"Fête chrétienne commémorant la montée du Christ au ciel, 40 jours après Pâques. Toujours un jeudi, ce qui en fait naturellement un pont avec le vendredi.",
Journée mondiale de la biodiversité,2031-05-22,,Environnement,Commémore l'adoption de la Convention sur la Diversité Biologique à Rio.,
Pont possible — Ascension,2031-05-23,,Ponts / Congés,Ascension tombe un jeudi le 22/05/2031. Le vendredi 23/05/2031 est un pont potentiel — vérifiez auprès de votre employeur.,
Fête des Mères,2031-05-25,,Fêtes|Culture,"Célébrée le dernier dimanche de mai, sauf si c'est la Pentecôte.",
Journée nationale de la Résistance,2031-05-27,,Mémoire|Société,"Le 27 mai 1943, Jean Moulin préside la première réunion secrète du CNR.",
Premier Quartier,2031-05-29,,Astronomie|Lunaire,La moitié droite de la Lune est éclairée. Mi-chemin entre la Nouvelle Lune et la Pleine Lune.,
Fête des Voisins,2031-05-30,,Société,Créée en 2000 pour lutter contre l'isolement urbain.,
Journée mondiale sans tabac,2031-05-31,,Santé,Lancée par l'OMS en 1987.,
Pentecôte,2031-06-01,,Christianisme,"Célèbre la descente de l'Esprit Saint sur les apôtres, 50 jours après Pâques.",
Lundi de Pentecôte,2031-06-02,,Jours fériés|Christianisme,"Jour férié désigné depuis 2004 Journée de solidarité envers les personnes âgées. Les salariés travaillent ce jour sans rémunération supplémentaire, finançant ainsi la prise en charge de la dépendance — instauré après la canicule de 2003 qui fit 15 000 morts en France.",
Pleine Lune,2031-06-05,,Astronomie|Lunaire,La face de la Lune est entièrement éclairée par le Soleil.,
Débarquement en Normandie — Commémoration du Jour J,2031-06-06,,Mémoire|Dates spéciales,"Le 6 juin 1944, 156 000 soldats alliés débarquent sur les plages de Normandie.",
Journée mondiale de l'océan,2031-06-08,,Environnement,Proposée lors du Sommet de la Terre de Rio en 1992.,
Dernier Quartier,2031-06-12,,Astronomie|Lunaire,Phase lunaire : Dernier Quartier.,
Fête des Pères,2031-06-15,,Fêtes|Culture,"Née aux États-Unis en 1910, introduite en France dans les années 1950.",
Appel du 18 juin 1940 — Anniversaire,2031-06-18,,Mémoire|Dates spéciales,"Le 18 juin 1940, de Gaulle lance depuis Londres un appel à la Résistance sur la BBC.",
Nouvelle Lune,2031-06-20,,Astronomie|Lunaire,La face de la Lune tournée vers la Terre n'est pas éclairée — elle est invisible dans le ciel.,
Début de l'Été — Solstice d'été,2031-06-21,,Saisons|Astronomie,Le solstice d'été est le jour le plus long de l'année.,
Fête de la Musique,2031-06-21,,Culture|Fêtes,Créée en 1982 par le ministre Jack Lang.,
Jour le plus long de l'année,2031-06-21,,Saisons|Astronomie,Le 21 June est le jour le plus long de l'année 2031.,
Fête du Cinéma,2031-06-22,,Culture|Cinéma,"Créée en 1985, elle propose chaque fin juin des places à tarif réduit.",
Premier Quartier,2031-06-28,,Astronomie|Lunaire,La moitié droite de la Lune est éclairée. Mi-chemin entre la Nouvelle Lune et la Pleine Lune.,
Milieu de l'année,2031-07-02,,Dates spéciales,Ce jour marque le point médian exact de l'année 2031.,
Pleine Lune,2031-07-04,,Astronomie|Lunaire,La face de la Lune est entièrement éclairée par le Soleil.,
Festival d'Avignon — Ouverture,2031-07-05,,Culture|Théâtre,Créé par Jean Vilar en 1947 dans la cour du Palais des Papes.,
Dernier Quartier,2031-07-11,,Astronomie|Lunaire,Phase lunaire : Dernier Quartier.,
Commémoration de la Rafle du Vél d'Hiv,2031-07-13,,Mémoire|Société,"Les 16-17 juillet 1942, la police française arrêta 13 152 Juifs à Paris.",
Fête Nationale,2031-07-14,,Jours fériés|Société|Dates spéciales,Commémore la prise de la Bastille le 14 juillet 1789.,
Fête nationale,2031-07-14,,Jours fériés,"Commémore la prise de la Bastille le 14 juillet 1789, symbole de la Révolution française. Jour férié depuis 1880. Défilé militaire sur les Champs-Élysées, bals des pompiers et feux d'artifice dans toute la France.",
Nouvelle Lune,2031-07-19,,Astronomie|Lunaire,La face de la Lune tournée vers la Terre n'est pas éclairée — elle est invisible dans le ciel.,
Premier Quartier,2031-07-27,,Astronomie|Lunaire,La moitié droite de la Lune est éclairée. Mi-chemin entre la Nouvelle Lune et la Pleine Lune.,
Nuit des Étoiles,2031-08-02,,Astronomie|Éducation|Culture,Organisée chaque premier week-end d'août par l'Association Française d'Astronomie depuis 1991.,
Pleine Lune,2031-08-03,,Astronomie|Lunaire,La face de la Lune est entièrement éclairée par le Soleil.,
Dernier Quartier,2031-08-10,,Astronomie|Lunaire,Phase lunaire : Dernier Quartier.,
Assomption,2031-08-15,,Jours fériés,"Célèbre l'élévation de la Vierge Marie au ciel. Fête chrétienne ancienne, jour férié en France depuis le Concordat de 1802. Elle tombe en plein cœur de l'été, au milieu des grandes vacances.",
Assomption de Marie,2031-08-15,,Christianisme|Jours fériés,Célèbre l'élévation de la Vierge Marie au ciel.,
Nouvelle Lune,2031-08-18,,Astronomie|Lunaire,La face de la Lune tournée vers la Terre n'est pas éclairée — elle est invisible dans le ciel.,
Premier Quartier,2031-08-25,,Astronomie|Lunaire,La moitié droite de la Lune est éclairée. Mi-chemin entre la Nouvelle Lune et la Pleine Lune.,
Pleine Lune,2031-09-01,,Astronomie|Lunaire,La face de la Lune est entièrement éclairée par le Soleil.,
Rentrée des classes,2031-09-02,,Éducation|Société,La rentrée de septembre mobilise 12 millions d'élèves et 870 000 enseignants en France.,
Braderie de Lille,2031-09-06,,Culture|Commerce,"Plus grande braderie d'Europe, organisée le premier week-end de septembre à Lille.",
Dernier Quartier,2031-09-08,,Astronomie|Lunaire,Phase lunaire : Dernier Quartier.,
Nouvelle Lune,2031-09-16,,Astronomie|Lunaire,La face de la Lune tournée vers la Terre n'est pas éclairée — elle est invisible dans le ciel.,
Journées du Patrimoine,2031-09-20,,Culture|Société,"Créées en France en 1984 par Jack Lang, étendues à toute l'Europe en 1991.",
Journée mondiale sans voiture,2031-09-22,,Environnement|Société,Lancée en France en 1998 par La Rochelle.,
Début de l'Automne — Équinoxe d'automne,2031-09-23,,Saisons|Astronomie,L'équinoxe d'automne marque le début de l'automne.,
Premier Quartier,2031-09-24,,Astronomie|Lunaire,La moitié droite de la Lune est éclairée. Mi-chemin entre la Nouvelle Lune et la Pleine Lune.,
Pleine Lune,2031-09-30,,Astronomie|Lunaire,La face de la Lune est entièrement éclairée par le Soleil.,
Journée mondiale du cacao et du chocolat,2031-10-01,,Gastronomie|Culture,Célébrée le 1er octobre et associée à l'Organisation internationale du cacao (ICCO).,
Lancement d'Octobre Rose,2031-10-01,,Santé,Tout octobre est dédié à la sensibilisation au cancer du sein.,
Nuit Blanche,2031-10-04,,Culture,Initiée à Paris en 2002 par le maire Bertrand Delanoë.,
Fête des Grands-Pères,2031-10-05,,Fêtes|Culture,"Créée en 2008, elle a lieu chaque premier dimanche d'octobre.",
Dernier Quartier,2031-10-08,,Astronomie|Lunaire,Phase lunaire : Dernier Quartier.,
Journée mondiale de la santé mentale,2031-10-10,,Santé|Société,Créée par la Fédération Mondiale pour la Santé Mentale en 1992.,
Semaine du Goût,2031-10-13,,Gastronomie|Culture,Créée en 1990 par le chef Joël Robuchon.,
Journée mondiale de l'alimentation,2031-10-16,,Gastronomie|Société|Santé,Commémore la fondation de la FAO le 16 octobre 1945.,
Nouvelle Lune,2031-10-16,,Astronomie|Lunaire,La face de la Lune tournée vers la Terre n'est pas éclairée — elle est invisible dans le ciel.,
Premier Quartier,2031-10-23,,Astronomie|Lunaire,La moitié droite de la Lune est éclairée. Mi-chemin entre la Nouvelle Lune et la Pleine Lune.,
Passage à l'heure d'hiver,2031-10-26,,Changement d'heure,"Dans la nuit du samedi au dimanche, les montres reculent d'une heure (3h → 2h).",
Pleine Lune,2031-10-30,,Astronomie|Lunaire,La face de la Lune est entièrement éclairée par le Soleil.,
Halloween,2031-10-31,,Culture|Fêtes,Fête d'origine celtique (la nuit de Samain) christianisée puis popularisée par la diaspora irlandaise.,
Lancement du Mois sans Tabac,2031-11-01,,Santé,Lancé en France en 2016 par Santé Publique France.,
Toussaint,2031-11-01,,Jours fériés|Christianisme,"Fête de tous les saints, instituée par le pape Grégoire IV en 835. En France, la tradition de fleurir les tombes avec des chrysanthèmes s'est greffée dessus — ces fleurs sont désormais intimement liées à ce jour.",
Journée nationale de l'arbre,2031-11-06,,Environnement,Célébrée chaque premier jeudi de novembre.,
Dernier Quartier,2031-11-07,,Astronomie|Lunaire,Phase lunaire : Dernier Quartier.,
Pont possible — Armistice 1918,2031-11-10,,Ponts / Congés,Armistice 1918 tombe un mardi le 11/11/2031. Le lundi 10/11/2031 est un pont potentiel — vérifiez auprès de votre employeur.,
Armistice 1918,2031-11-11,,Jours fériés,"Le 11 novembre 1918 à 11h, l'armistice met fin à la Première Guerre mondiale après quatre ans de combats. Jour férié depuis 1922. Chaque commune française a son monument aux morts — 36 000 érigés entre 1920 et 1925.",
Armistice de 1918 — Journée du Souvenir,2031-11-11,,Jours fériés|Mémoire|Dates spéciales,"Le 11 novembre 1918 à 11h, l'armistice met fin à la Première Guerre mondiale.",
Nouvelle Lune,2031-11-14,,Astronomie|Lunaire,La face de la Lune tournée vers la Terre n'est pas éclairée — elle est invisible dans le ciel.,
Beaujolais Nouveau,2031-11-20,,Gastronomie|Culture|Commercial,"Chaque troisième jeudi de novembre, le Beaujolais Nouveau est mis en vente.",
Journée internationale des droits de l'enfant,2031-11-20,,Société,Commémore l'adoption de la Convention des Nations Unies relative aux droits de l'enfant.,
Premier Quartier,2031-11-21,,Astronomie|Lunaire,La moitié droite de la Lune est éclairée. Mi-chemin entre la Nouvelle Lune et la Pleine Lune.,
Pleine Lune,2031-11-29,,Astronomie|Lunaire,La face de la Lune est entièrement éclairée par le Soleil.,
Fête de la Bretagne,2031-11-30,,Culture|Société,Célébrée le 30 novembre (Saint-André) depuis les années 1990.,
Journée mondiale des personnes handicapées,2031-12-03,,Société,Instaurée par l'ONU en 1992.,
Journée mondiale du Bénévolat,2031-12-05,,Société,Créée par l'ONU en 1985.,
Saint-Nicolas,2031-12-06,,Christianisme|Culture|Fêtes,"Fête de Nicolas de Myre, évêque du IVe siècle devenu patron des enfants.",
Dernier Quartier,2031-12-07,,Astronomie|Lunaire,Phase lunaire : Dernier Quartier.,
Journée de la Laïcité,2031-12-09,,Société|Dates spéciales,Commémore la loi du 9 décembre 1905 séparant les Églises de l'État.,
Nouvelle Lune,2031-12-14,,Astronomie|Lunaire,La face de la Lune tournée vers la Terre n'est pas éclairée — elle est invisible dans le ciel.,
Premier Quartier,2031-12-21,,Astronomie|Lunaire,La moitié droite de la Lune est éclairée. Mi-chemin entre la Nouvelle Lune et la Pleine Lune.,
Début de l'Hiver — Solstice d'hiver,2031-12-22,,Saisons|Astronomie,Le solstice d'hiver est le jour le plus court de l'année.,
Jour le plus court de l'année,2031-12-22,,Saisons|Astronomie,Le 22 December est le jour le plus court de l'année 2031.,
Noël,2031-12-25,,Jours fériés|Christianisme|Fêtes,"Célèbre la naissance du Christ. La date du 25 décembre a été fixée au IVe siècle sur une fête solaire romaine préexistante. Le sapin, la bûche et les cadeaux sont des traditions popularisées bien plus tard, au XIXe siècle.",
Pont possible — Noël,2031-12-26,,Ponts / Congés,Noël tombe un jeudi le 25/12/2031. Le vendredi 26/12/2031 est un pont potentiel — vérifiez auprès de votre employeur.,
Saint-Étienne,2031-12-26,,Jours fériés|Christianisme,"Le 26 décembre est férié uniquement en Alsace-Moselle (depts 57, 67, 68). Fête de saint Étienne, premier martyr chrétien.",AM
Pleine Lune,2031-12-28,,Astronomie|Lunaire,La face de la Lune est entièrement éclairée par le Soleil.,
Dernier jour de l'année,2031-12-31,,Dates spéciales,Clôture de l'année civile 2031.,
Saint-Sylvestre / Réveillon du Nouvel An,2031-12-31,,Fêtes|Culture,"Dernier jour de l'année, nommé d'après le pape Sylvestre Ier mort ce jour en 335.",
